stock_code,corp_name,market,industry,wics,is_spac,is_preferred,has_multi_sector,needs_rerun,rerun_reasons
0001A0,덕양에너젠,KOSDAQ,전기·가스·수도,석유와가스,False,False,False,False,
000250,삼천당제약,KOSDAQ,제약,제약,False,False,False,False,
000440,중앙에너비스,KOSDAQ,유통,석유와가스,False,False,False,False,
0004V0,엔비알모션,KOSDAQ,금속,기계,False,False,False,False,
0004Y0,디비금융제14호스팩,KOSDAQ,금융,창업투자,True,False,False,False,
0007C0,아크릴,KOSDAQ,IT 서비스,IT서비스,False,False,False,False,
0007J0,인벤테라,KOSDAQ,일반서비스,제약,False,False,False,False,
0008Z0,에스엔시스,KOSDAQ,전기·전자,조선,False,False,False,False,
0009K0,에임드바이오,KOSDAQ,일반서비스,생물공학,False,False,False,False,
001000,신라섬유,KOSDAQ,부동산,부동산,False,False,False,False,
0010F0,보원케미칼,KOSDAQ,화학,화학,False,False,False,False,
0010V0,제이피아이헬스케어,KOSDAQ,의료·정밀기기,건강관리장비와용품,False,False,False,False,
0011A0,액스비스,KOSDAQ,전기·전자,전자장비와기기,False,False,False,False,
0011T0,채비,KOSDAQ,전기·전자,전기제품,False,False,False,False,
0013V0,삼진식품,KOSDAQ,음식료·담배,식품,False,False,False,False,
001540,안국약품,KOSDAQ,제약,제약,False,False,False,False,
0015G0,그린광학,KOSDAQ,의료·정밀기기,우주항공과국방,False,False,False,False,
0015N0,아로마티카,KOSDAQ,화학,화장품,False,False,False,False,
0015S0,페스카로,KOSDAQ,일반서비스,자동차부품,False,False,False,False,
001810,무림SP,KOSDAQ,종이·목재,종이와목재,False,False,False,True,비율단일값(합계만)
001840,이화공영,KOSDAQ,건설,건설,False,False,False,False,
002230,피에스텍,KOSDAQ,의료·정밀기기,전기제품,False,False,False,False,
002290,삼일기업공사,KOSDAQ,건설,건설,False,False,False,False,
002680,한탑,KOSDAQ,음식료·담배,식품,False,False,False,False,
002800,신신제약,KOSDAQ,제약,제약,False,False,False,False,
003100,선광,KOSDAQ,운송·창고,운송인프라,False,False,False,False,
003310,대주산업,KOSDAQ,음식료·담배,식품,False,False,False,False,
003380,하림지주,KOSDAQ,금융,식품,False,False,False,False,
0037T0,KB제32호스팩,KOSDAQ,금융,창업투자,True,False,False,False,
003800,에이스침대,KOSDAQ,기타제조,가구,False,False,False,False,
0041B0,교보18호스팩,KOSDAQ,금융,창업투자,True,False,False,False,
0041J0,엘에스스팩1호,KOSDAQ,금융,창업투자,True,False,False,False,
0041L0,하나35호스팩,KOSDAQ,금융,창업투자,True,False,False,False,
0044K0,삼성스팩10호,KOSDAQ,금융,창업투자,True,False,False,False,
004590,한국가구,KOSDAQ,유통,식품과기본식료품소매,False,False,False,False,
004650,창해에탄올,KOSDAQ,음식료·담배,음료,False,False,False,False,
004780,대륙제관,KOSDAQ,금속,포장재,False,False,False,False,
005160,동국산업,KOSDAQ,금속,철강,False,False,False,False,
005290,동진쎄미켐,KOSDAQ,화학,반도체와반도체장비,False,False,False,False,
0054V0,엔에이치스팩32호,KOSDAQ,금융,창업투자,True,False,False,False,
005670,푸드웰,KOSDAQ,음식료·담배,식품,False,False,False,False,
005710,대원산업,KOSDAQ,운송장비·부품,자동차부품,False,False,False,False,
005860,한일사료,KOSDAQ,음식료·담배,식품,False,False,False,False,
005990,매일홀딩스,KOSDAQ,음식료·담배,식품,False,False,False,False,
006050,국영지앤엠,KOSDAQ,비금속,건축제품,False,False,False,False,
006140,피제이전자,KOSDAQ,의료·정밀기기,건강관리장비와용품,False,False,False,False,
006620,동구바이오제약,KOSDAQ,제약,제약,False,False,False,False,
006730,서부T&D,KOSDAQ,일반서비스,"호텔,레스토랑,레저",False,False,False,False,
0068Y0,비엔케이제3호스팩,KOSDAQ,금융,창업투자,True,False,False,False,
006910,보성파워텍,KOSDAQ,금속,전기장비,False,False,False,True,비율합계8%
006920,모헨즈,KOSDAQ,비금속,건축자재,False,False,False,False,
0071M0,삼성스팩11호,KOSDAQ,금융,창업투자,True,False,False,False,
0072Z0,KB제33호스팩,KOSDAQ,금융,창업투자,True,False,False,False,
007330,푸른저축은행,KOSDAQ,금융,기타금융,False,False,False,False,
007370,진양제약,KOSDAQ,제약,제약,False,False,False,False,
007390,네이처셀,KOSDAQ,제약,생물공학,False,False,False,False,
007530,와이엠,KOSDAQ,금속,자동차부품,False,False,False,False,
007680,대원,KOSDAQ,건설,건설,False,False,False,False,
007720,소노스퀘어,KOSDAQ,유통,판매업체,False,False,False,False,
007770,한일화학,KOSDAQ,화학,화학,False,False,False,False,
007820,엠엑스로보틱스,KOSDAQ,기계·장비,기계,False,False,False,False,
008290,원풍물산,KOSDAQ,섬유·의류,"섬유,의류,신발,호화품",False,False,False,False,
0082N0,카나프테라퓨틱스,KOSDAQ,일반서비스,제약,False,False,False,False,
008370,원풍,KOSDAQ,화학,화학,False,False,False,False,
008470,부스타,KOSDAQ,금속,기계,False,False,False,False,
008830,대동기어,KOSDAQ,기계·장비,기계,False,False,False,False,
0088D0,메리츠제1호스팩,KOSDAQ,금융,창업투자,True,False,False,False,
0088M0,메쥬,KOSDAQ,의료·정밀기기,건강관리장비와용품,False,False,False,False,
0091W0,신영스팩11호,KOSDAQ,금융,창업투자,True,False,False,False,
009300,삼아제약,KOSDAQ,제약,제약,False,False,False,False,
0093G0,미래에셋비전스팩8호,KOSDAQ,금융,창업투자,True,False,False,False,
009520,포스코엠텍,KOSDAQ,금속,철강,False,False,False,False,
009620,삼보산업,KOSDAQ,금속,비철금속,False,False,False,False,
0096B0,삼성스팩12호,KOSDAQ,금융,창업투자,True,False,False,False,
0096D0,미래에셋비전스팩9호,KOSDAQ,금융,창업투자,True,False,False,False,
009730,이렘,KOSDAQ,금속,비철금속,False,False,False,False,
009780,엠에스씨,KOSDAQ,음식료·담배,식품,False,False,False,False,
0097F0,미래에셋비전스팩10호,KOSDAQ,금융,창업투자,True,False,False,False,
0098T0,교보19호스팩,KOSDAQ,금융,창업투자,True,False,False,False,
0099W0,미래에셋비전스팩11호,KOSDAQ,금융,창업투자,True,False,False,False,
0099X0,IBKS제25호스팩,KOSDAQ,금융,창업투자,True,False,False,False,
010170,대한광통신,KOSDAQ,전기·전자,통신장비,False,False,False,False,
0101C0,하나36호스팩,KOSDAQ,금융,창업투자,True,False,False,False,
010240,흥국,KOSDAQ,기계·장비,기계,False,False,False,False,
010280,아이티센엔텍,KOSDAQ,IT 서비스,IT서비스,False,False,False,False,
010470,오리콤,KOSDAQ,일반서비스,광고,False,False,False,False,
0105P0,유진스팩12호,KOSDAQ,금융,창업투자,True,False,False,False,
011040,경동제약,KOSDAQ,제약,제약,False,False,False,False,
011080,형지I&C,KOSDAQ,섬유·의류,"섬유,의류,신발,호화품",False,False,False,False,
011320,유니크,KOSDAQ,운송장비·부품,자동차부품,False,False,False,False,
011370,서한,KOSDAQ,건설,건설,False,False,False,False,
011560,세보엠이씨,KOSDAQ,건설,건설,False,False,False,False,
0115H0,삼성스팩13호,KOSDAQ,금융,창업투자,True,False,False,False,
012210,삼미금속,KOSDAQ,금속,기계,False,False,False,False,
012340,뉴인텍,KOSDAQ,운송장비·부품,전기제품,False,False,False,False,
012620,원일특강,KOSDAQ,금속,철강,False,False,False,False,
012700,리드코프,KOSDAQ,유통,석유와가스,False,False,True,False,
012790,신일제약,KOSDAQ,제약,제약,False,False,False,False,
012860,모베이스전자,KOSDAQ,운송장비·부품,자동차부품,False,False,False,False,
0129K0,신한제18호스팩,KOSDAQ,금융,창업투자,True,False,False,False,
013030,하이록코리아,KOSDAQ,금속,기계,False,False,False,False,
0130D0,신한제17호스팩,KOSDAQ,금융,창업투자,True,False,False,False,
0130H0,엔에이치스팩33호,KOSDAQ,금융,창업투자,True,False,False,False,
013120,동원개발,KOSDAQ,건설,건설,False,False,False,False,
0131D0,키움히어로제2호스팩,KOSDAQ,금융,창업투자,True,False,False,False,
0132G0,교보20호스팩,KOSDAQ,금융,창업투자,True,False,False,False,
013310,아진산업,KOSDAQ,운송장비·부품,자동차부품,False,False,False,False,
013720,THE CUBE&,KOSDAQ,운송장비·부품,자동차부품,False,False,False,False,
013810,스페코,KOSDAQ,기계·장비,건설,False,False,False,False,
013990,아가방컴퍼니,KOSDAQ,유통,"섬유,의류,신발,호화품",False,False,False,False,
014100,메디앙스,KOSDAQ,유통,화장품,False,False,False,False,
014190,원익큐브,KOSDAQ,유통,화학,False,False,False,False,
014470,부방,KOSDAQ,부동산,가정용기기와용품,False,False,False,False,
014570,고려제약,KOSDAQ,제약,제약,False,False,False,False,
014620,성광벤드,KOSDAQ,금속,기계,False,False,False,False,
014940,오리엔탈정공,KOSDAQ,기계·장비,조선,False,False,False,False,
014950,삼익제약,KOSDAQ,제약,제약,False,False,False,False,
014970,삼륭물산,KOSDAQ,종이·목재,포장재,False,False,False,False,
015710,코콤,KOSDAQ,전기·전자,통신장비,False,False,False,False,
015750,성우하이텍,KOSDAQ,운송장비·부품,자동차부품,False,False,False,False,
016100,리더스코스메틱,KOSDAQ,종이·목재,포장재,False,False,False,False,
016250,SGC E&C,KOSDAQ,건설,건설,False,False,False,False,
016600,큐캐피탈,KOSDAQ,금융,창업투자,False,False,False,False,
016670,디모아,KOSDAQ,유통,소프트웨어,False,False,False,False,
016790,현대사료,KOSDAQ,음식료·담배,식품,False,False,False,False,
016920,카스,KOSDAQ,유통,전자장비와기기,False,False,False,False,
017000,신원종합개발,KOSDAQ,건설,건설,False,False,False,False,
017250,인터엠,KOSDAQ,전기·전자,전자장비와기기,False,False,False,False,
017480,삼현철강,KOSDAQ,금속,철강,False,False,False,False,
017510,세명전기,KOSDAQ,금속,전기장비,False,False,False,False,
017650,대림제지,KOSDAQ,종이·목재,포장재,False,False,False,False,
017890,한국알콜,KOSDAQ,화학,화학,False,False,False,False,
018000,유니슨,KOSDAQ,기계·장비,에너지장비및서비스,False,False,False,True,비율단일값(합계만)
018120,진로발효,KOSDAQ,음식료·담배,음료,False,False,False,False,
018290,브이티,KOSDAQ,화학,화장품,False,False,False,False,
018310,삼목에스폼,KOSDAQ,금속,건축제품,False,False,False,False,
018620,우진비앤지,KOSDAQ,제약,제약,False,False,False,False,
018680,서울제약,KOSDAQ,제약,제약,False,False,False,False,
018700,바른손,KOSDAQ,유통,화장품,False,False,False,False,
019010,베뉴지,KOSDAQ,유통,"호텔,레스토랑,레저",False,False,False,False,
019210,와이지-원,KOSDAQ,금속,기계,False,False,False,False,
019540,일지테크,KOSDAQ,운송장비·부품,자동차부품,False,False,False,False,
019550,SBI인베스트먼트,KOSDAQ,금융,창업투자,False,False,False,False,
019570,플루토스,KOSDAQ,금융,창업투자,False,False,False,False,
019660,글로본,KOSDAQ,유통,판매업체,False,False,False,False,
019770,서연탑메탈,KOSDAQ,기계·장비,자동차부품,False,False,False,False,
019990,에너토크,KOSDAQ,기계·장비,기계,False,False,False,False,
020180,대신정보통신,KOSDAQ,IT 서비스,IT서비스,False,False,False,False,
020400,대동금속,KOSDAQ,금속,자동차부품,False,False,False,False,
020710,시공테크,KOSDAQ,일반서비스,"호텔,레스토랑,레저",False,False,False,False,
021040,대호특수강,KOSDAQ,금속,철강,False,False,False,False,
021045,대호특수강우,KOSDAQ,금속,철강,False,True,False,False,
021080,에이티넘인베스트,KOSDAQ,금융,창업투자,False,False,False,False,
021320,KCC건설,KOSDAQ,건설,건설,False,False,False,False,
021650,한국큐빅,KOSDAQ,화학,자동차부품,False,False,False,False,
021880,메이슨캐피탈,KOSDAQ,금융,기타금융,False,False,False,False,
022220,티케이지애강,KOSDAQ,화학,건축제품,False,False,False,False,
023160,태광,KOSDAQ,금속,기계,False,False,False,False,
023410,유진기업,KOSDAQ,비금속,건축자재,False,False,False,False,
023440,제이스코홀딩스,KOSDAQ,금속,철강,False,False,False,False,
023600,삼보판지,KOSDAQ,종이·목재,포장재,False,False,False,False,
023760,한국캐피탈,KOSDAQ,금융,기타금융,False,False,False,False,
023770,플레이위드,KOSDAQ,IT 서비스,게임엔터테인먼트,False,False,False,False,
023790,동일스틸럭스,KOSDAQ,금속,철강,False,False,False,False,
023900,풍국주정,KOSDAQ,음식료·담배,화학,False,False,False,False,
023910,대한약품,KOSDAQ,제약,제약,False,False,False,False,
024060,흥구석유,KOSDAQ,유통,석유와가스,False,False,False,False,
024120,KB오토시스,KOSDAQ,운송장비·부품,자동차부품,False,False,False,False,
024740,한일단조,KOSDAQ,운송장비·부품,자동차부품,False,False,False,False,
024800,유성티엔에스,KOSDAQ,운송·창고,도로와철도운송,False,False,False,False,
024830,세원물산,KOSDAQ,운송장비·부품,자동차부품,False,False,False,False,
024840,KBI메탈,KOSDAQ,금속,전기장비,False,False,False,False,
024850,HLB이노베이션,KOSDAQ,전기·전자,반도체와반도체장비,False,False,False,False,
024880,케이피에프,KOSDAQ,금속,기계,False,False,False,False,
024910,경창산업,KOSDAQ,운송장비·부품,자동차부품,False,False,False,False,
024940,PN풍년,KOSDAQ,유통,가정용기기와용품,False,False,False,False,
024950,삼천리자전거,KOSDAQ,유통,레저용장비와제품,False,False,False,False,
025320,시노펙스,KOSDAQ,전기·전자,핸드셋,False,False,False,False,
025440,DH오토웨어,KOSDAQ,전기·전자,자동차부품,False,False,False,False,
025550,한국선재,KOSDAQ,금속,철강,False,False,False,False,
025770,한국정보통신,KOSDAQ,통신,IT서비스,False,False,False,False,
025870,신라에스지,KOSDAQ,유통,식품,False,False,False,False,
025880,케이씨피드,KOSDAQ,음식료·담배,식품,False,False,False,False,
025900,동화기업,KOSDAQ,종이·목재,건축자재,False,False,False,False,
025950,동신건설,KOSDAQ,건설,건설,False,False,False,False,
025980,아난티,KOSDAQ,일반서비스,"호텔,레스토랑,레저",False,False,False,False,
026040,제이에스티나,KOSDAQ,기타제조,"섬유,의류,신발,호화품",False,False,False,False,
026150,특수건설,KOSDAQ,건설,건설,False,False,False,False,
026910,광진실업,KOSDAQ,금속,철강,False,False,False,False,
027040,서울전자통신,KOSDAQ,전기·전자,전자장비와기기,False,False,False,False,
027050,코리아나,KOSDAQ,화학,화장품,False,False,False,False,
027360,아주IB투자,KOSDAQ,금융,창업투자,False,False,False,False,
027580,상보,KOSDAQ,화학,화학,False,False,False,False,
027710,팜스토리,KOSDAQ,음식료·담배,식품,False,False,False,False,
027830,대성창투,KOSDAQ,금융,창업투자,False,False,False,False,
028080,휴맥스홀딩스,KOSDAQ,IT 서비스,전자제품,False,False,False,False,
028300,HLB,KOSDAQ,제약,건강관리장비와용품,False,False,True,False,
029480,광무,KOSDAQ,전기·전자,IT서비스,False,False,False,False,
030350,드래곤플라이,KOSDAQ,IT 서비스,게임엔터테인먼트,False,False,False,False,
030520,한글과컴퓨터,KOSDAQ,IT 서비스,소프트웨어,False,False,True,False,
030530,원익홀딩스,KOSDAQ,화학,반도체와반도체장비,False,False,False,False,
030960,양지사,KOSDAQ,출판·매체복제,상업서비스와공급품,False,False,False,False,
031310,아이즈비전,KOSDAQ,통신,통신장비,False,False,False,False,
031330,에스에이엠티,KOSDAQ,유통,전자장비와기기,False,False,False,False,
031510,오스템,KOSDAQ,운송장비·부품,자동차부품,False,False,False,False,
031860,디에이치엑스컴퍼니,KOSDAQ,유통,컴퓨터와주변기기,False,False,False,False,
031980,피에스케이홀딩스,KOSDAQ,기계·장비,반도체와반도체장비,False,False,False,False,
032080,아즈텍WB,KOSDAQ,섬유·의류,"섬유,의류,신발,호화품",False,False,False,False,
032190,다우데이타,KOSDAQ,유통,증권,False,False,True,True,멀티섹터
032280,삼일,KOSDAQ,운송·창고,항공화물운송과물류,False,False,False,False,
032300,한국파마,KOSDAQ,제약,제약,False,False,False,False,
032500,케이엠더블유,KOSDAQ,전기·전자,통신장비,False,False,False,False,
032540,TJ미디어,KOSDAQ,전기·전자,전자제품,False,False,False,False,
032580,피델릭스,KOSDAQ,전기·전자,반도체와반도체장비,False,False,False,False,
032620,GC메디아이,KOSDAQ,IT 서비스,건강관리기술,False,False,False,False,
032680,소프트센,KOSDAQ,IT 서비스,IT서비스,False,False,False,False,
032685,소프트센우,KOSDAQ,IT 서비스,IT서비스,False,True,False,False,
032750,삼진,KOSDAQ,전기·전자,전자제품,False,False,False,False,
032790,엠젠솔루션,KOSDAQ,유통,컴퓨터와주변기기,False,False,False,False,
032800,판타지오,KOSDAQ,오락·문화,방송과엔터테인먼트,False,False,False,False,
032820,우리기술,KOSDAQ,전기·전자,우주항공과국방,False,False,False,False,
032850,비트컴퓨터,KOSDAQ,IT 서비스,건강관리기술,False,False,False,False,
032860,더라미,KOSDAQ,일반서비스,판매업체,False,False,False,False,
032940,원익,KOSDAQ,유통,화장품,False,False,False,False,
032960,동일기연,KOSDAQ,전기·전자,전자장비와기기,False,False,False,False,
032980,바이온,KOSDAQ,유통,조선,False,False,False,False,
033050,제이엠아이,KOSDAQ,화학,상업서비스와공급품,False,False,False,True,비율합계40%
033100,제룡전기,KOSDAQ,전기·전자,전기장비,False,False,False,False,
033130,디지틀조선,KOSDAQ,IT 서비스,IT서비스,False,False,False,False,
033160,엠케이전자,KOSDAQ,전기·전자,반도체와반도체장비,False,False,False,False,
033170,시그네틱스,KOSDAQ,전기·전자,반도체와반도체장비,False,False,False,False,
033200,모아텍,KOSDAQ,전기·전자,전자장비와기기,False,False,False,False,
033230,인성정보,KOSDAQ,IT 서비스,IT서비스,False,False,False,False,
033290,로젠,KOSDAQ,유통,항공화물운송과물류,False,False,False,False,
033310,엠투엔,KOSDAQ,전기·전자,자동차부품,False,False,False,False,
033320,제이씨현시스템,KOSDAQ,유통,컴퓨터와주변기기,False,False,False,False,
033340,좋은사람들,KOSDAQ,섬유·의류,"섬유,의류,신발,호화품",False,False,False,False,
033500,동성화인텍,KOSDAQ,화학,화학,False,False,False,False,
033540,파라텍,KOSDAQ,기계·장비,기계,False,False,False,False,
033560,블루콤,KOSDAQ,전기·전자,부동산,False,False,False,True,tier4
033640,네패스,KOSDAQ,전기·전자,반도체와반도체장비,False,False,False,False,
033790,피노,KOSDAQ,전기·전자,전기제품,False,False,False,False,
033830,티비씨,KOSDAQ,오락·문화,방송과엔터테인먼트,False,False,False,False,
034810,해성산업,KOSDAQ,금융,종이와목재,False,False,False,False,
03481K,해성산업1우,KOSDAQ,금융,종이와목재,False,True,False,False,
034940,조아제약,KOSDAQ,제약,제약,False,False,False,False,
034950,한국기업평가,KOSDAQ,일반서비스,상업서비스와공급품,False,False,False,False,
035080,그래디언트,KOSDAQ,유통,인터넷과카탈로그소매,False,False,False,True,비율합계0%
035200,프럼파스트,KOSDAQ,화학,건축제품,False,False,False,False,
035290,골드앤에스,KOSDAQ,오락·문화,교육서비스,False,False,False,True,비율단일값(합계만)
035460,기산텔레콤,KOSDAQ,전기·전자,우주항공과국방,False,False,False,False,
035600,KG이니시스,KOSDAQ,IT 서비스,IT서비스,False,False,True,False,
035610,솔본,KOSDAQ,일반서비스,건강관리기술,False,False,False,False,
035620,바른손이앤에이,KOSDAQ,오락·문화,방송과엔터테인먼트,False,False,False,False,
035760,CJ ENM,KOSDAQ,오락·문화,방송과엔터테인먼트,False,False,False,False,
035810,이지홀딩스,KOSDAQ,음식료·담배,식품,False,False,False,False,
035890,서희건설,KOSDAQ,건설,건설,False,False,False,False,
035900,JYP Ent.,KOSDAQ,오락·문화,방송과엔터테인먼트,False,False,False,False,
036000,예림당,KOSDAQ,오락·문화,출판,False,False,False,False,
036010,아비코전자,KOSDAQ,전기·전자,전기제품,False,False,False,False,
036030,케이티알파,KOSDAQ,유통,인터넷과카탈로그소매,False,False,False,False,
036090,위지트,KOSDAQ,기계·장비,디스플레이장비및부품,False,False,False,False,
036120,서울평가정보,KOSDAQ,IT 서비스,상업서비스와공급품,False,False,False,False,
036170,에이치엠넥스,KOSDAQ,전기·전자,디스플레이장비및부품,False,False,False,False,
036190,금화피에스시,KOSDAQ,건설,건설,False,False,False,False,
036200,유니셈,KOSDAQ,기계·장비,반도체와반도체장비,False,False,False,False,
036220,오상헬스케어,KOSDAQ,의료·정밀기기,생명과학도구및서비스,False,False,False,False,
036480,대성미생물,KOSDAQ,제약,제약,False,False,False,False,
036540,SFA반도체,KOSDAQ,전기·전자,반도체와반도체장비,False,False,False,False,
036560,KZ정밀,KOSDAQ,기계·장비,기계,False,False,False,False,
036620,감성코퍼레이션,KOSDAQ,유통,"섬유,의류,신발,호화품",False,False,False,False,
036630,세종텔레콤,KOSDAQ,건설,다각화된통신서비스,False,False,False,False,
036640,HRS,KOSDAQ,화학,화학,False,False,False,False,
036670,삼양케이씨아이,KOSDAQ,화학,화학,False,False,False,False,
036690,코맥스,KOSDAQ,전기·전자,통신장비,False,False,False,False,
036710,심텍홀딩스,KOSDAQ,일반서비스,전자장비와기기,False,False,False,False,
036800,나이스정보통신,KOSDAQ,통신,상업서비스와공급품,False,False,False,False,
036810,에프에스티,KOSDAQ,전기·전자,반도체와반도체장비,False,False,False,False,
036830,솔브레인홀딩스,KOSDAQ,일반서비스,전기제품,False,False,False,False,
036890,진성티이씨,KOSDAQ,기계·장비,기계,False,False,False,False,
036930,주성엔지니어링,KOSDAQ,기계·장비,반도체와반도체장비,False,False,False,False,
037030,파워넷,KOSDAQ,전기·전자,전기제품,False,False,False,False,
037070,파세코,KOSDAQ,전기·전자,가정용기기와용품,False,False,False,False,
037230,한국팩키지,KOSDAQ,종이·목재,포장재,False,False,False,False,
037330,인지디스플레,KOSDAQ,전기·전자,디스플레이장비및부품,False,False,False,False,
037350,성도이엔지,KOSDAQ,일반서비스,건설,False,False,False,False,
037370,EG,KOSDAQ,화학,비철금속,False,False,False,False,
037400,우리엔터프라이즈,KOSDAQ,유통,디스플레이장비및부품,False,False,False,False,
037440,희림,KOSDAQ,일반서비스,건설,False,False,False,False,
037460,삼지전자,KOSDAQ,전기·전자,통신장비,False,False,False,False,
037760,쎄니트,KOSDAQ,금속,철강,False,False,False,False,
037950,엘컴텍,KOSDAQ,전기·전자,핸드셋,False,False,False,False,
038010,제일테크노스,KOSDAQ,금속,건축제품,False,False,False,False,
038060,루멘스,KOSDAQ,전기·전자,디스플레이장비및부품,False,False,False,False,
038070,서린바이오,KOSDAQ,유통,생물공학,False,False,False,False,
038110,에코플라스틱,KOSDAQ,운송장비·부품,자동차부품,False,False,False,False,
038290,마크로젠,KOSDAQ,일반서비스,생명과학도구및서비스,False,False,False,False,
038390,레드캡투어,KOSDAQ,일반서비스,도로와철도운송,False,False,False,True,비율없음(tier1·2)
038460,바이오스마트,KOSDAQ,전기·전자,전자장비와기기,False,False,False,False,
038500,삼표시멘트,KOSDAQ,비금속,건축자재,False,False,False,False,
038530,케이바이오랩스,KOSDAQ,유통,IT서비스,False,False,False,False,
038540,상상인,KOSDAQ,IT 서비스,기타금융,False,False,True,False,
038620,위즈코프,KOSDAQ,유통,운송인프라,False,False,False,True,비율단일값(합계만)
038680,에스넷,KOSDAQ,IT 서비스,IT서비스,False,False,False,False,
038870,에코심플렉스,KOSDAQ,일반서비스,에너지장비및서비스,False,False,False,False,
038880,아이에이,KOSDAQ,전기·전자,자동차부품,False,False,False,False,
038950,파인디지털,KOSDAQ,전기·전자,전자제품,False,False,False,False,
039010,현대에이치티,KOSDAQ,전기·전자,통신장비,False,False,False,False,
039020,이건홀딩스,KOSDAQ,종이·목재,건축자재,False,False,False,False,
039030,이오테크닉스,KOSDAQ,기계·장비,반도체와반도체장비,False,False,False,False,
039200,오스코텍,KOSDAQ,제약,제약,False,False,False,False,
039240,경남스틸,KOSDAQ,금속,철강,False,False,False,False,
039290,인포뱅크,KOSDAQ,IT 서비스,IT서비스,False,False,False,False,
039310,세중,KOSDAQ,IT 서비스,소프트웨어,False,False,False,False,
039340,한국경제TV,KOSDAQ,오락·문화,방송과엔터테인먼트,False,False,False,False,
039420,케이엘넷,KOSDAQ,통신,IT서비스,False,False,False,False,
039440,에스티아이,KOSDAQ,기계·장비,반도체와반도체장비,False,False,False,False,
039560,다산네트웍스,KOSDAQ,전기·전자,통신장비,False,False,False,False,
039610,화성밸브,KOSDAQ,기계·장비,기계,False,False,False,False,
039740,한국정보공학,KOSDAQ,유통,판매업체,False,False,False,False,
039830,오로라,KOSDAQ,일반서비스,레저용장비와제품,False,False,False,False,
039840,디오,KOSDAQ,의료·정밀기기,건강관리장비와용품,False,False,False,False,
039860,나노엔텍,KOSDAQ,의료·정밀기기,생명과학도구및서비스,False,False,False,False,
039980,폴라리스AI,KOSDAQ,IT 서비스,IT서비스,False,False,False,False,
040160,누리플렉스,KOSDAQ,IT 서비스,소프트웨어,False,False,False,False,
040300,YTN,KOSDAQ,오락·문화,방송과엔터테인먼트,False,False,False,False,
040350,크레오에스지,KOSDAQ,IT 서비스,IT서비스,False,False,False,False,
040420,정상제이엘에스,KOSDAQ,일반서비스,교육서비스,False,False,False,False,
040610,SG&G,KOSDAQ,운송장비·부품,자동차부품,False,False,False,False,
040910,아이씨디,KOSDAQ,기계·장비,디스플레이장비및부품,False,False,False,False,
041020,폴라리스오피스,KOSDAQ,IT 서비스,자동차부품,False,False,False,False,
041190,우리기술투자,KOSDAQ,금융,창업투자,False,False,False,False,
041440,현대에버다임,KOSDAQ,기계·장비,기계,False,False,False,False,
041460,한국전자인증,KOSDAQ,IT 서비스,IT서비스,False,False,False,False,
041510,에스엠,KOSDAQ,오락·문화,방송과엔터테인먼트,False,False,False,False,
041520,이엘씨,KOSDAQ,의료·정밀기기,반도체와반도체장비,False,False,False,False,
041590,플래스크,KOSDAQ,건설,건설,False,False,False,False,
041830,인바디,KOSDAQ,의료·정밀기기,건강관리장비와용품,False,False,False,False,
041910,폴라리스AI파마,KOSDAQ,제약,제약,False,False,False,False,
041920,메디아나,KOSDAQ,의료·정밀기기,건강관리장비와용품,False,False,False,False,
041930,SY동아,KOSDAQ,화학,자동차부품,False,False,False,False,
041960,코미팜,KOSDAQ,제약,제약,False,False,False,False,
042000,카페24,KOSDAQ,IT 서비스,IT서비스,False,False,False,False,
042040,케이피엠테크,KOSDAQ,유통,화학,False,False,False,False,
042110,에스씨디,KOSDAQ,전기·전자,전기제품,False,False,False,False,
042370,비츠로테크,KOSDAQ,금융,전기제품,False,False,False,False,
042420,네오위즈홀딩스,KOSDAQ,IT 서비스,게임엔터테인먼트,False,False,False,False,
042500,링네트,KOSDAQ,IT 서비스,IT서비스,False,False,False,False,
042510,라온시큐어,KOSDAQ,IT 서비스,소프트웨어,False,False,False,False,
042520,한스바이오메드,KOSDAQ,제약,건강관리장비와용품,False,False,False,False,
042600,새로닉스,KOSDAQ,전기·전자,가정용기기와용품,False,False,False,False,
042940,상지건설,KOSDAQ,건설,건설,False,False,False,False,
043090,더테크놀로지,KOSDAQ,유통,통신장비,False,False,False,False,
043100,알파AI,KOSDAQ,의료·정밀기기,건강관리장비와용품,False,False,False,False,
043150,바텍,KOSDAQ,의료·정밀기기,건강관리장비와용품,False,False,False,False,
043200,파루,KOSDAQ,전기·전자,에너지장비및서비스,False,False,False,False,
043220,티에스넥스젠,KOSDAQ,기계·장비,기계,False,False,False,False,
043260,성호전자,KOSDAQ,전기·전자,전기제품,False,False,False,False,
043340,에쎈테크,KOSDAQ,기계·장비,기계,False,False,False,False,
043360,디지아이,KOSDAQ,전기·전자,컴퓨터와주변기기,False,False,False,False,
043370,피에이치에이,KOSDAQ,운송장비·부품,자동차부품,False,False,False,False,
043590,웰킵스하이텍,KOSDAQ,전기·전자,전기제품,False,False,False,False,
043610,KT지니뮤직,KOSDAQ,오락·문화,방송과엔터테인먼트,False,False,False,False,
043650,국순당,KOSDAQ,음식료·담배,음료,False,False,False,False,
043710,코스리거글로벌,KOSDAQ,유통,건강관리업체및서비스,False,False,False,False,
043910,자연과환경,KOSDAQ,비금속,상업서비스와공급품,False,False,False,False,
044180,KD,KOSDAQ,건설,건설,False,False,False,False,
044340,위닉스,KOSDAQ,전기·전자,가정용기기와용품,False,False,False,False,
044480,빌리언스,KOSDAQ,오락·문화,방송과엔터테인먼트,False,False,False,False,
044490,태웅,KOSDAQ,금속,에너지장비및서비스,False,False,False,False,
044780,에이치케이,KOSDAQ,기계·장비,기계,False,False,False,False,
044960,이글벳,KOSDAQ,유통,제약,False,False,False,False,
044990,에이치엔에스하이텍,KOSDAQ,전기·전자,전자장비와기기,False,False,False,False,
045060,오공,KOSDAQ,화학,화학,False,False,False,False,
045100,한양이엔지,KOSDAQ,일반서비스,반도체와반도체장비,False,False,False,False,
045300,성우테크론,KOSDAQ,전기·전자,반도체와반도체장비,False,False,False,False,
045340,토탈소프트,KOSDAQ,IT 서비스,운송인프라,False,False,False,False,
045390,대아티아이,KOSDAQ,전기·전자,IT서비스,False,False,False,False,
045510,정원엔시스,KOSDAQ,유통,IT서비스,False,False,False,False,
045520,크린앤사이언스,KOSDAQ,기계·장비,전자장비와기기,False,False,False,False,
045660,에이텍,KOSDAQ,기계·장비,컴퓨터와주변기기,False,False,False,False,
045970,코아시아,KOSDAQ,전기·전자,핸드셋,False,False,False,False,
046070,코다코,KOSDAQ,운송장비·부품,자동차부품,False,False,False,False,
046120,오르비텍,KOSDAQ,일반서비스,에너지장비및서비스,False,False,False,False,
046210,HLB파나진,KOSDAQ,제약,생명과학도구및서비스,False,False,False,False,
046310,백금T&A,KOSDAQ,전기·전자,전자장비와기기,False,False,False,False,
046390,삼화네트웍스,KOSDAQ,오락·문화,방송과엔터테인먼트,False,False,False,False,
046440,KG파이낸셜,KOSDAQ,IT 서비스,IT서비스,False,False,False,False,
046890,서울반도체,KOSDAQ,전기·전자,디스플레이장비및부품,False,False,False,False,
046940,우원개발,KOSDAQ,건설,건설,False,False,False,False,
046970,우리로,KOSDAQ,유통,컴퓨터와주변기기,False,False,False,False,
047080,한빛소프트,KOSDAQ,IT 서비스,게임엔터테인먼트,False,False,False,False,
047310,파워로직스,KOSDAQ,전기·전자,핸드셋,False,False,False,False,
047560,이스트소프트,KOSDAQ,IT 서비스,소프트웨어,False,False,False,False,
047770,코데즈컴바인,KOSDAQ,섬유·의류,"섬유,의류,신발,호화품",False,False,False,False,
047820,초록뱀미디어,KOSDAQ,오락·문화,방송과엔터테인먼트,False,False,False,False,
047920,HLB제약,KOSDAQ,일반서비스,제약,False,False,False,False,
048410,현대바이오,KOSDAQ,화학,화장품,False,False,False,False,
048430,유라테크,KOSDAQ,전기·전자,자동차부품,False,False,False,False,
048470,대동스틸,KOSDAQ,유통,철강,False,False,False,False,
048530,인트론바이오,KOSDAQ,제약,생명과학도구및서비스,False,False,False,False,
048550,SM C&C,KOSDAQ,일반서비스,광고,False,False,False,False,
048770,TPC로보틱스,KOSDAQ,기계·장비,기계,False,False,False,False,
048830,엔피케이,KOSDAQ,화학,화학,False,False,False,False,
048870,시너지이노베이션,KOSDAQ,의료·정밀기기,건강관리장비와용품,False,False,False,False,
048910,대원미디어,KOSDAQ,유통,방송과엔터테인먼트,False,False,False,False,
049070,인탑스,KOSDAQ,전기·전자,핸드셋,False,False,False,False,
049080,기가레인,KOSDAQ,전기·전자,통신장비,False,False,False,False,
049120,파인디앤씨,KOSDAQ,전기·전자,디스플레이장비및부품,False,False,False,False,
049180,셀루메드,KOSDAQ,제약,건설,False,False,False,False,
049430,코메론,KOSDAQ,의료·정밀기기,기계,False,False,False,False,
049470,비트플래닛,KOSDAQ,IT 서비스,소프트웨어,False,False,False,False,
049480,오픈베이스,KOSDAQ,IT 서비스,컴퓨터와주변기기,False,False,False,False,
049520,유아이엘,KOSDAQ,전기·전자,핸드셋,False,False,False,False,
049550,잉크테크,KOSDAQ,화학,컴퓨터와주변기기,False,False,False,False,
049630,재영솔루텍,KOSDAQ,의료·정밀기기,핸드셋,False,False,False,False,
049720,고려신용정보,KOSDAQ,일반서비스,상업서비스와공급품,False,False,False,False,
049830,승일,KOSDAQ,금속,포장재,False,False,False,False,
049950,미래컴퍼니,KOSDAQ,기계·장비,디스플레이장비및부품,False,False,False,False,
049960,쎌바이오텍,KOSDAQ,제약,생물공학,False,False,False,False,
050090,비케이홀딩스,KOSDAQ,일반서비스,광고,False,False,False,False,
050110,캠시스,KOSDAQ,전기·전자,핸드셋,False,False,False,False,
050120,ES큐브,KOSDAQ,유통,레저용장비와제품,False,False,False,False,
050760,에스폴리텍,KOSDAQ,화학,화학,False,False,False,False,
050860,아세아텍,KOSDAQ,기계·장비,기계,False,False,False,False,
050890,쏠리드,KOSDAQ,전기·전자,통신장비,False,False,False,False,
050960,수산아이앤티,KOSDAQ,IT 서비스,소프트웨어,False,False,False,False,
051160,지어소프트,KOSDAQ,IT 서비스,판매업체,False,False,False,False,
051360,토비스,KOSDAQ,전기·전자,디스플레이장비및부품,False,False,False,False,
051370,인터플렉스,KOSDAQ,전기·전자,전자장비와기기,False,False,False,False,
051380,피씨디렉트,KOSDAQ,유통,컴퓨터와주변기기,False,False,False,False,
051390,YW,KOSDAQ,유통,판매업체,False,False,False,False,
051490,나라엠앤디,KOSDAQ,기계·장비,기계,False,False,False,False,
051500,CJ프레시웨이,KOSDAQ,유통,식품과기본식료품소매,False,False,False,False,
051780,큐로홀딩스,KOSDAQ,유통,식품,False,False,False,False,
051980,중앙첨단소재,KOSDAQ,전기·전자,통신장비,False,False,False,False,
052020,에스티큐브,KOSDAQ,유통,판매업체,False,False,False,False,
052220,iMBC,KOSDAQ,오락·문화,방송과엔터테인먼트,False,False,False,False,
052260,현대바이오랜드,KOSDAQ,화학,화장품,False,False,False,False,
052300,오션인더블유,KOSDAQ,유통,건축제품,False,False,False,False,
052330,코텍,KOSDAQ,전기·전자,디스플레이패널,False,False,False,False,
052400,코나아이,KOSDAQ,IT 서비스,IT서비스,False,False,False,False,
052420,오성첨단소재,KOSDAQ,화학,디스플레이장비및부품,False,False,False,False,
052460,아이크래프트,KOSDAQ,IT 서비스,통신장비,False,False,False,False,
052600,한네트,KOSDAQ,통신,IT서비스,False,False,False,False,
052710,아모텍,KOSDAQ,전기·전자,핸드셋,False,False,False,False,
052770,아이톡시,KOSDAQ,IT 서비스,게임엔터테인먼트,False,False,False,False,
052790,액토즈소프트,KOSDAQ,IT 서비스,게임엔터테인먼트,False,False,False,False,
052860,아이앤씨,KOSDAQ,전기·전자,반도체와반도체장비,False,False,False,False,
052900,KX하이텍,KOSDAQ,화학,반도체와반도체장비,False,False,False,False,
053030,바이넥스,KOSDAQ,제약,제약,False,False,False,False,
053050,지에스이,KOSDAQ,전기·가스·수도,가스유틸리티,False,False,False,True,비율없음(tier1·2)
053060,세동,KOSDAQ,운송장비·부품,자동차부품,False,False,False,False,
053080,케이엔솔,KOSDAQ,기계·장비,기계,False,False,False,False,
053160,프리엠스,KOSDAQ,전기·전자,기계,False,False,False,False,
053260,금강철강,KOSDAQ,금속,철강,False,False,False,False,
053270,구영테크,KOSDAQ,운송장비·부품,자동차부품,False,False,False,False,
053280,예스24,KOSDAQ,유통,인터넷과카탈로그소매,False,False,False,False,
053290,NE능률,KOSDAQ,오락·문화,교육서비스,False,False,False,False,
053300,한국정보인증,KOSDAQ,IT 서비스,IT서비스,False,False,False,False,
053350,이니텍,KOSDAQ,IT 서비스,소프트웨어,False,False,False,False,
053450,세코닉스,KOSDAQ,의료·정밀기기,전자장비와기기,False,False,False,False,
053580,웹케시,KOSDAQ,IT 서비스,소프트웨어,False,False,False,False,
053610,프로텍,KOSDAQ,기계·장비,반도체와반도체장비,False,False,False,False,
053620,태양,KOSDAQ,금속,가정용품,False,False,False,False,
053700,삼보모터스,KOSDAQ,운송장비·부품,자동차부품,False,False,False,False,
053800,안랩,KOSDAQ,IT 서비스,소프트웨어,False,False,False,False,
053950,경남제약,KOSDAQ,제약,제약,False,False,False,False,
053980,오상자이엘,KOSDAQ,IT 서비스,소프트웨어,False,False,False,False,
054040,한국컴퓨터,KOSDAQ,전기·전자,디스플레이장비및부품,False,False,False,False,
054050,농우바이오,KOSDAQ,"농업, 임업 및 어업",생물공학,False,False,False,False,
054090,삼진엘앤디,KOSDAQ,기타제조,전자장비와기기,False,False,False,False,
054180,메디콕스,KOSDAQ,운송장비·부품,조선,False,False,False,False,
054210,이랜텍,KOSDAQ,전기·전자,핸드셋,False,False,False,False,
054220,비츠로시스,KOSDAQ,전기·전자,IT서비스,False,False,False,False,
054300,팬스타엔터프라이즈,KOSDAQ,기계·장비,해운사,False,False,False,False,
054410,케이피티유,KOSDAQ,유통,비철금속,False,False,False,False,
054450,텔레칩스,KOSDAQ,전기·전자,반도체와반도체장비,False,False,False,False,
054540,삼영엠텍,KOSDAQ,금속,조선,False,False,False,False,
054620,APS,KOSDAQ,금융,반도체와반도체장비,False,False,False,False,
054670,대한뉴팜,KOSDAQ,제약,제약,False,False,False,False,
054780,키이스트,KOSDAQ,오락·문화,방송과엔터테인먼트,False,False,False,False,
054800,아이디스홀딩스,KOSDAQ,일반서비스,컴퓨터와주변기기,False,False,False,False,
054920,한컴위드,KOSDAQ,IT 서비스,비철금속,False,False,False,False,
054930,유신,KOSDAQ,일반서비스,건설,False,False,False,False,
054940,엑사이엔씨,KOSDAQ,건설,반도체와반도체장비,False,False,False,False,
054950,제이브이엠,KOSDAQ,기계·장비,건강관리장비와용품,False,False,False,False,
056080,유진로봇,KOSDAQ,기계·장비,기계,False,False,False,False,
056090,시지메드텍,KOSDAQ,의료·정밀기기,건강관리장비와용품,False,False,False,False,
056190,에스에프에이,KOSDAQ,기계·장비,기계,False,False,False,False,
056360,코위버,KOSDAQ,전기·전자,통신장비,False,False,False,False,
056700,신화인터텍,KOSDAQ,화학,디스플레이장비및부품,False,False,False,False,
056730,CNT85,KOSDAQ,건설,건설,False,False,False,False,
057030,YBM넷,KOSDAQ,일반서비스,교육서비스,False,False,False,False,
057540,옴니시스템,KOSDAQ,의료·정밀기기,전자장비와기기,False,False,False,False,
057680,티사이언티픽,KOSDAQ,IT 서비스,IT서비스,False,False,False,False,
058110,멕아이씨에스,KOSDAQ,의료·정밀기기,건강관리장비와용품,False,False,False,False,
058400,KNN,KOSDAQ,오락·문화,방송과엔터테인먼트,False,False,False,False,
058450,한주에이알티,KOSDAQ,오락·문화,방송과엔터테인먼트,False,False,False,False,
058470,리노공업,KOSDAQ,전기·전자,반도체와반도체장비,False,False,False,False,
058610,에스피지,KOSDAQ,전기·전자,전기제품,False,False,False,False,
058630,엠게임,KOSDAQ,IT 서비스,게임엔터테인먼트,False,False,False,False,
058820,CMG제약,KOSDAQ,제약,제약,False,False,False,False,
058970,엠로,KOSDAQ,IT 서비스,소프트웨어,False,False,False,False,
059090,미코,KOSDAQ,전기·전자,반도체와반도체장비,False,False,False,False,
059100,아이컴포넌트,KOSDAQ,전기·전자,디스플레이장비및부품,False,False,False,False,
059120,아진엑스텍,KOSDAQ,전기·전자,반도체와반도체장비,False,False,False,False,
059210,메타바이오메드,KOSDAQ,제약,건강관리장비와용품,False,False,False,False,
059270,해성에어로보틱스,KOSDAQ,금속,기계,False,False,False,False,
060150,인선이엔티,KOSDAQ,일반서비스,상업서비스와공급품,False,False,False,False,
060230,제이케이시냅스,KOSDAQ,화학,전자장비와기기,False,False,False,False,
060240,스타코링크,KOSDAQ,운송장비·부품,조선,False,False,False,False,
060250,NHN KCP,KOSDAQ,금융,IT서비스,False,False,False,False,
060260,뉴보텍,KOSDAQ,화학,건축제품,False,False,False,False,
060280,큐렉소,KOSDAQ,유통,건강관리장비와용품,False,False,False,False,
060310,3S,KOSDAQ,의료·정밀기기,기계,False,False,False,False,
060370,LS마린솔루션,KOSDAQ,건설,건설,False,False,False,False,
060380,동양에스텍,KOSDAQ,금속,철강,False,False,False,False,
060480,국일신동,KOSDAQ,금속,비철금속,False,False,False,False,
060540,에스에이티,KOSDAQ,의료·정밀기기,핸드셋,False,False,False,False,
060560,HC홈센타,KOSDAQ,유통,건축자재,False,False,False,False,
060570,드림어스컴퍼니,KOSDAQ,오락·문화,방송과엔터테인먼트,False,False,False,False,
060590,씨티씨바이오,KOSDAQ,제약,제약,False,False,False,False,
060720,KH바텍,KOSDAQ,전기·전자,핸드셋,False,False,False,False,
060850,영림원소프트랩,KOSDAQ,IT 서비스,소프트웨어,False,False,False,False,
060900,에이전트AI,KOSDAQ,전기·가스·수도,에너지장비및서비스,False,False,False,False,
061040,알에프텍,KOSDAQ,전기·전자,핸드셋,False,False,False,False,
061090,세나테크놀로지,KOSDAQ,전기·전자,통신장비,False,False,False,False,
061250,화일약품,KOSDAQ,제약,제약,False,False,False,False,
061970,LB세미콘,KOSDAQ,전기·전자,반도체와반도체장비,False,False,False,False,
062970,한국첨단소재,KOSDAQ,전기·전자,통신장비,False,False,False,False,
063080,컴투스홀딩스,KOSDAQ,IT 서비스,게임엔터테인먼트,False,False,False,False,
063170,서울옥션,KOSDAQ,유통,판매업체,False,False,False,False,
063440,SM Life Design,KOSDAQ,출판·매체복제,방송과엔터테인먼트,False,False,False,False,
063570,NICE인프라,KOSDAQ,일반서비스,IT서비스,False,False,False,False,
063760,이엘피,KOSDAQ,의료·정밀기기,디스플레이장비및부품,False,False,False,False,
064090,인크레더블버즈,KOSDAQ,유통,판매업체,False,False,False,False,
064240,홈캐스트,KOSDAQ,유통,전문소매,False,False,False,False,
064260,다날,KOSDAQ,IT 서비스,IT서비스,False,False,False,False,
064290,인텍플러스,KOSDAQ,기계·장비,반도체와반도체장비,False,False,False,False,
064480,브리지텍,KOSDAQ,IT 서비스,IT서비스,False,False,False,False,
064520,테크엘,KOSDAQ,전기·전자,반도체와반도체장비,False,False,False,False,
064550,바이오니아,KOSDAQ,제약,생물공학,False,False,False,False,
064760,티씨케이,KOSDAQ,비금속,반도체와반도체장비,False,False,False,False,
064800,포니링크,KOSDAQ,유통,전문소매,False,False,False,True,"비율단일값(합계만), 내부용어노출"
064820,케이프,KOSDAQ,운송장비·부품,증권,False,False,True,False,
064850,에프앤가이드,KOSDAQ,IT 서비스,IT서비스,False,False,False,False,
065060,지엔코,KOSDAQ,섬유·의류,"섬유,의류,신발,호화품",False,False,False,False,
065130,탑엔지니어링,KOSDAQ,기계·장비,핸드셋,False,False,False,False,
065150,대산F&B,KOSDAQ,유통,식품,False,False,False,False,
065170,비엘팜텍,KOSDAQ,유통,건강관리업체및서비스,False,False,False,False,
065350,신성델타테크,KOSDAQ,전기·전자,가정용기기와용품,False,False,False,False,
065370,위세아이텍,KOSDAQ,IT 서비스,소프트웨어,False,False,False,False,
065420,에스아이리소스,KOSDAQ,화학,석유와가스,False,False,False,False,
065440,이루온,KOSDAQ,IT 서비스,IT서비스,False,False,False,False,
065450,빅텍,KOSDAQ,의료·정밀기기,우주항공과국방,False,False,False,False,
065500,오리엔트정공,KOSDAQ,운송장비·부품,자동차부품,False,False,False,False,
065510,휴비츠,KOSDAQ,의료·정밀기기,건강관리장비와용품,False,False,False,False,
065530,와이어블,KOSDAQ,통신,무선통신서비스,False,False,False,False,
065570,삼영이엔씨,KOSDAQ,전기·전자,조선,False,False,False,False,
065650,하이퍼코퍼레이션,KOSDAQ,유통,컴퓨터와주변기기,False,False,False,False,
065660,안트로젠,KOSDAQ,유통,제약,False,False,False,False,
065680,우주일렉트로,KOSDAQ,전기·전자,핸드셋,False,False,False,False,
065690,파커스,KOSDAQ,화학,컴퓨터와주변기기,False,False,False,False,
065710,서호전기,KOSDAQ,전기·전자,운송인프라,False,False,False,False,
065770,CS,KOSDAQ,전기·전자,통신장비,False,False,False,False,
065950,웰크론,KOSDAQ,섬유·의류,건설,False,False,False,False,
066130,하츠,KOSDAQ,전기·전자,가정용기기와용품,False,False,False,False,
066310,큐에스아이,KOSDAQ,전기·전자,반도체와반도체장비,False,False,False,False,
066360,체리부로,KOSDAQ,음식료·담배,식품,False,False,False,False,
066410,버킷스튜디오,KOSDAQ,통신,IT서비스,False,False,False,False,
066430,아이로보틱스,KOSDAQ,유통,화학,False,False,False,False,
066590,스모트로닉,KOSDAQ,운송장비·부품,자동차부품,False,False,False,False,
066620,국보디자인,KOSDAQ,건설,건설,False,False,False,False,
066670,디티씨,KOSDAQ,부동산,핸드셋,False,False,False,False,
066700,테라젠이텍스,KOSDAQ,제약,제약,False,False,False,True,비율합계22%
066790,씨씨에스,KOSDAQ,오락·문화,방송과엔터테인먼트,False,False,False,False,
066900,디에이피,KOSDAQ,전기·전자,전자장비와기기,False,False,False,False,
066910,손오공,KOSDAQ,유통,레저용장비와제품,False,False,False,False,
066980,한성크린텍,KOSDAQ,일반서비스,건설,False,False,False,False,
067000,조이시티,KOSDAQ,IT 서비스,게임엔터테인먼트,False,False,False,False,
067010,이씨에스,KOSDAQ,IT 서비스,IT서비스,False,False,False,False,
067080,대화제약,KOSDAQ,제약,제약,False,False,False,False,
067160,SOOP,KOSDAQ,IT 서비스,양방향미디어와서비스,False,False,False,False,
067170,오텍,KOSDAQ,운송장비·부품,가정용기기와용품,False,False,False,False,
067280,멀티캠퍼스,KOSDAQ,일반서비스,교육서비스,False,False,False,False,
067290,JW신약,KOSDAQ,제약,제약,False,False,False,False,
067310,하나마이크론,KOSDAQ,전기·전자,반도체와반도체장비,False,False,False,False,
067370,선바이오,KOSDAQ,제약,생물공학,False,False,False,False,
067390,아스트,KOSDAQ,운송장비·부품,우주항공과국방,False,False,False,False,
067570,엔브이에이치코리아,KOSDAQ,운송장비·부품,자동차부품,False,False,False,False,
067630,HLB생명과학,KOSDAQ,제약,건강관리장비와용품,False,False,False,False,
067730,로지시스,KOSDAQ,IT 서비스,IT서비스,False,False,False,False,
067770,세진티에스,KOSDAQ,전기·전자,디스플레이장비및부품,False,False,False,False,
067900,와이엔텍,KOSDAQ,일반서비스,해운사,False,False,False,False,
067920,이글루,KOSDAQ,IT 서비스,IT서비스,False,False,False,False,
067990,도이치모터스,KOSDAQ,유통,자동차,False,False,False,False,
068050,팬엔터테인먼트,KOSDAQ,오락·문화,방송과엔터테인먼트,False,False,False,False,
068100,케이웨더,KOSDAQ,기계·장비,IT서비스,False,False,False,False,
068240,다원시스,KOSDAQ,전기·전자,기계,False,False,False,False,
068330,일신바이오,KOSDAQ,기계·장비,생명과학도구및서비스,False,False,False,False,
068760,셀트리온제약,KOSDAQ,제약,제약,False,False,False,False,
068790,DMS,KOSDAQ,기계·장비,디스플레이장비및부품,False,False,False,False,
068930,디지털대성,KOSDAQ,일반서비스,교육서비스,False,False,False,False,
068940,셀피글로벌,KOSDAQ,전기·전자,상업서비스와공급품,False,False,False,False,
069080,웹젠,KOSDAQ,IT 서비스,게임엔터테인먼트,False,False,False,False,
069140,누리플랜,KOSDAQ,금속,건설,False,False,False,False,
069330,유아이디,KOSDAQ,전기·전자,디스플레이장비및부품,False,False,False,False,
069410,엔텔스,KOSDAQ,IT 서비스,IT서비스,False,False,False,False,
069510,에스텍,KOSDAQ,전기·전자,전자장비와기기,False,False,False,False,
069540,빛과전자,KOSDAQ,전기·전자,통신장비,False,False,False,False,
069920,엑시온그룹,KOSDAQ,유통,인터넷과카탈로그소매,False,False,False,False,
070300,엑스큐어,KOSDAQ,IT 서비스,핸드셋,False,False,False,False,
070590,인티큐브,KOSDAQ,IT 서비스,IT서비스,False,False,False,False,
071200,인피니트헬스케어,KOSDAQ,IT 서비스,건강관리기술,False,False,False,False,
071280,로체시스템즈,KOSDAQ,기계·장비,반도체와반도체장비,False,False,False,False,
071670,에이테크솔루션,KOSDAQ,기계·장비,기계,False,False,False,False,
071850,캐스텍코리아,KOSDAQ,운송장비·부품,자동차부품,False,False,False,False,
072020,중앙백신,KOSDAQ,제약,제약,False,False,False,False,
072470,우리산업홀딩스,KOSDAQ,운송장비·부품,자동차부품,False,False,False,False,
072770,멤레이비티,KOSDAQ,IT 서비스,IT서비스,False,False,False,False,
072870,메가스터디,KOSDAQ,오락·문화,교육서비스,False,False,False,False,
072950,빛샘전자,KOSDAQ,전기·전자,전자장비와기기,False,False,False,False,
072990,에이치시티,KOSDAQ,일반서비스,전자장비와기기,False,False,False,False,
073010,케이에스피,KOSDAQ,기계·장비,조선,False,False,False,False,
073110,엘엠에스,KOSDAQ,전기·전자,디스플레이장비및부품,False,False,False,False,
073190,듀오백,KOSDAQ,기타제조,가구,False,False,False,False,
073490,LIG아큐버,KOSDAQ,전기·전자,통신장비,False,False,False,False,
073540,에프알텍,KOSDAQ,전기·전자,통신장비,False,False,False,False,
073560,우리손에프앤지,KOSDAQ,음식료·담배,식품,False,False,False,False,
073570,리튬포어스,KOSDAQ,기타제조,핸드셋,False,False,False,False,
073640,테라사이언스,KOSDAQ,금속,기계,False,False,False,False,
074430,아미노로직스,KOSDAQ,제약,제약,False,False,False,False,
074600,원익QnC,KOSDAQ,비금속,반도체와반도체장비,False,False,False,False,
075130,플랜티넷,KOSDAQ,IT 서비스,소프트웨어,False,False,False,False,
075970,동국알앤에스,KOSDAQ,비금속,비철금속,False,False,False,False,
076080,웰크론한텍,KOSDAQ,건설,건설,False,False,False,False,
076610,해성옵틱스,KOSDAQ,의료·정밀기기,핸드셋,False,False,False,False,
077360,덕산하이메탈,KOSDAQ,전기·전자,반도체와반도체장비,False,False,False,False,
078020,LS증권,KOSDAQ,금융,증권,False,False,False,False,
078070,유비쿼스홀딩스,KOSDAQ,금융,통신장비,False,False,False,False,
078130,국일제지,KOSDAQ,종이·목재,종이와목재,False,False,False,False,
078140,대봉엘에스,KOSDAQ,제약,제약,False,False,False,False,
078150,HB테크놀러지,KOSDAQ,기계·장비,디스플레이장비및부품,False,False,False,False,
078160,메디포스트,KOSDAQ,제약,생물공학,False,False,False,False,
078340,컴투스,KOSDAQ,IT 서비스,게임엔터테인먼트,False,False,False,False,
078350,한양디지텍,KOSDAQ,전기·전자,반도체와반도체장비,False,False,False,False,
078590,휴림에이텍,KOSDAQ,운송장비·부품,자동차부품,False,False,False,False,
078600,대주전자재료,KOSDAQ,전기·전자,전자장비와기기,False,False,False,False,
078860,스테이지원엔터,KOSDAQ,오락·문화,방송과엔터테인먼트,False,False,False,False,
078890,가온그룹,KOSDAQ,전기·전자,전자제품,False,False,False,False,
079000,와토스코리아,KOSDAQ,화학,건축제품,False,False,False,False,
079170,한창산업,KOSDAQ,금속,비철금속,False,False,False,False,
079190,케스피온,KOSDAQ,전기·전자,핸드셋,False,False,False,False,
079370,제우스,KOSDAQ,기계·장비,반도체와반도체장비,False,False,False,False,
079650,서산,KOSDAQ,비금속,건축자재,False,False,False,False,
079810,APS이노베이션,KOSDAQ,전기·전자,전기제품,False,False,False,False,
079940,가비아,KOSDAQ,IT 서비스,IT서비스,False,False,False,False,
079950,인베니아,KOSDAQ,기계·장비,디스플레이장비및부품,False,False,False,False,
079960,동양이엔피,KOSDAQ,전기·전자,전기제품,False,False,False,False,
079970,투비소프트,KOSDAQ,IT 서비스,소프트웨어,False,False,False,False,
080010,이상네트웍스,KOSDAQ,유통,다각화된소비자서비스,False,False,False,False,
080160,모두투어,KOSDAQ,일반서비스,"호텔,레스토랑,레저",False,False,False,False,
080220,제주반도체,KOSDAQ,전기·전자,반도체와반도체장비,False,False,False,False,
080420,모다이노칩,KOSDAQ,유통,전문소매,False,False,False,False,
080470,성창오토텍,KOSDAQ,운송장비·부품,자동차부품,False,False,False,False,
080520,오디텍,KOSDAQ,전기·전자,반도체와반도체장비,False,False,False,False,
080530,코디,KOSDAQ,화학,화장품,False,False,False,False,
080580,오킨스전자,KOSDAQ,전기·전자,반도체와반도체장비,False,False,False,False,
080720,한국유니온제약,KOSDAQ,제약,제약,False,False,False,False,
081150,티플랙스,KOSDAQ,금속,비철금속,False,False,False,False,
081180,쎄크,KOSDAQ,기계·장비,전자장비와기기,False,False,False,False,
081580,성우전자,KOSDAQ,전기·전자,핸드셋,False,False,False,False,
082210,옵트론텍,KOSDAQ,의료·정밀기기,전자장비와기기,False,False,False,False,
082270,젬백스,KOSDAQ,기계·장비,반도체와반도체장비,False,False,False,False,
082660,코스나인,KOSDAQ,화학,화장품,False,False,False,False,
082800,비보존 제약,KOSDAQ,제약,제약,False,False,False,False,
082850,우리바이오,KOSDAQ,음식료·담배,디스플레이장비및부품,False,False,False,False,
082920,비츠로셀,KOSDAQ,전기·전자,전기제품,False,False,False,False,
083310,엘오티베큠,KOSDAQ,기계·장비,반도체와반도체장비,False,False,False,False,
083450,GST,KOSDAQ,기계·장비,반도체와반도체장비,False,False,False,False,
083470,이엠앤아이,KOSDAQ,화학,디스플레이장비및부품,False,False,False,False,
083500,에프엔에스테크,KOSDAQ,기계·장비,디스플레이장비및부품,False,False,False,False,
083550,케이엠,KOSDAQ,섬유·의류,"섬유,의류,신발,호화품",False,False,False,False,
083640,인콘,KOSDAQ,유통,전자장비와기기,False,False,False,False,
083650,비에이치아이,KOSDAQ,기계·장비,에너지장비및서비스,False,False,False,False,
083660,CSA 코스믹,KOSDAQ,화학,화장품,False,False,False,False,
083790,CG인바이츠,KOSDAQ,일반서비스,생명과학도구및서비스,False,False,True,False,
083930,아바코,KOSDAQ,기계·장비,전기제품,False,False,False,False,
084110,휴온스글로벌,KOSDAQ,제약,제약,False,False,False,False,
084180,수성웹툰,KOSDAQ,기계·장비,출판,False,False,False,False,
084370,유진테크,KOSDAQ,기계·장비,반도체와반도체장비,False,False,False,False,
084440,유비온,KOSDAQ,IT 서비스,교육서비스,False,False,False,False,
084650,랩지노믹스,KOSDAQ,일반서비스,생명과학도구및서비스,False,False,False,False,
084730,팅크웨어,KOSDAQ,전기·전자,전자제품,False,False,False,False,
084850,아이티엠반도체,KOSDAQ,전기·전자,전자장비와기기,False,False,False,False,
084990,헬릭스미스,KOSDAQ,일반서비스,생물공학,False,False,False,False,
085660,차바이오텍,KOSDAQ,제약,건강관리업체및서비스,False,False,False,False,
085670,뉴프렉스,KOSDAQ,전기·전자,전자장비와기기,False,False,False,False,
085810,알티캐스트,KOSDAQ,IT 서비스,건설,False,False,False,False,
085910,네오티스,KOSDAQ,운송장비·부품,자동차부품,False,False,False,False,
086040,바이오톡스텍,KOSDAQ,일반서비스,생명과학도구및서비스,False,False,False,False,
086060,진바이오텍,KOSDAQ,유통,제약,False,False,False,False,
086390,유니테스트,KOSDAQ,기계·장비,반도체와반도체장비,False,False,False,False,
086450,동국제약,KOSDAQ,제약,제약,False,False,False,False,
086520,에코프로,KOSDAQ,금융,화학,False,False,False,False,
086670,비엠티,KOSDAQ,기계·장비,기계,False,False,False,False,
086710,선진뷰티사이언스,KOSDAQ,화학,화장품,False,False,False,False,
086820,바이오솔루션,KOSDAQ,제약,생물공학,False,False,False,False,
086890,이수앱지스,KOSDAQ,제약,제약,False,False,False,False,
086900,메디톡스,KOSDAQ,제약,생물공학,False,False,False,False,
086960,MDS테크,KOSDAQ,IT 서비스,소프트웨어,False,False,False,False,
086980,쇼박스,KOSDAQ,오락·문화,방송과엔터테인먼트,False,False,False,False,
087010,펩트론,KOSDAQ,제약,생물공학,False,False,False,False,
087260,모바일어플라이언스,KOSDAQ,IT 서비스,자동차부품,False,False,False,False,
087600,픽셀플러스,KOSDAQ,전기·전자,반도체와반도체장비,False,False,False,False,
088130,동아엘텍,KOSDAQ,기계·장비,디스플레이장비및부품,False,False,False,False,
088280,쏘닉스,KOSDAQ,전기·전자,핸드셋,False,False,False,False,
088290,이원컴포텍,KOSDAQ,운송장비·부품,자동차부품,False,False,False,False,
088340,유라클,KOSDAQ,IT 서비스,소프트웨어,False,False,False,False,
088390,이녹스,KOSDAQ,운송장비·부품,레저용장비와제품,False,False,False,False,
088800,에이스테크,KOSDAQ,전기·전자,통신장비,False,False,False,False,
088910,동우팜투테이블,KOSDAQ,음식료·담배,식품,False,False,False,False,
089010,켐트로닉스,KOSDAQ,화학,전자장비와기기,False,False,False,False,
089030,테크윙,KOSDAQ,기계·장비,반도체와반도체장비,False,False,False,False,
089140,넥스턴앤롤코리아,KOSDAQ,기계·장비,기계,False,False,False,False,
089150,케이씨티,KOSDAQ,IT 서비스,컴퓨터와주변기기,False,False,False,False,
089230,THE E&M,KOSDAQ,IT 서비스,양방향미디어와서비스,False,False,False,False,
089600,KT나스미디어,KOSDAQ,일반서비스,광고,False,False,False,False,
089790,제이티,KOSDAQ,기계·장비,반도체와반도체장비,False,False,False,False,
089850,유비벨록스,KOSDAQ,IT 서비스,전자제품,False,False,False,False,
089890,코세스,KOSDAQ,기계·장비,반도체와반도체장비,False,False,False,False,
089970,브이엠,KOSDAQ,기계·장비,반도체와반도체장비,False,False,False,False,
089980,상아프론테크,KOSDAQ,화학,전자장비와기기,False,False,False,False,
090150,아이윈,KOSDAQ,운송장비·부품,자동차부품,False,False,False,False,
090360,로보스타,KOSDAQ,기계·장비,기계,False,False,False,False,
090410,덕신이피씨,KOSDAQ,금속,건축자재,False,False,False,False,
090470,제이스로보틱스,KOSDAQ,기계·장비,전자장비와기기,False,False,False,False,
090710,휴림로봇,KOSDAQ,기계·장비,기계,False,False,False,False,
090850,현대이지웰,KOSDAQ,IT 서비스,상업서비스와공급품,False,False,False,False,
091120,이엠텍,KOSDAQ,전기·전자,핸드셋,False,False,False,False,
091340,S&K폴리텍,KOSDAQ,전기·전자,전자장비와기기,False,False,False,False,
091440,한울소재과학,KOSDAQ,전기·전자,통신장비,False,False,False,False,
091580,상신이디피,KOSDAQ,전기·전자,전기제품,False,False,False,False,
091590,남화토건,KOSDAQ,건설,건설,False,False,False,False,
091700,파트론,KOSDAQ,전기·전자,핸드셋,False,False,False,False,
091970,나노캠텍,KOSDAQ,화학,화학,False,False,False,False,
092040,아미코젠,KOSDAQ,음식료·담배,생물공학,False,False,False,False,
092070,디엔에프,KOSDAQ,화학,반도체와반도체장비,False,False,False,False,
092130,이크레더블,KOSDAQ,IT 서비스,상업서비스와공급품,False,False,False,False,
092190,서울바이오시스,KOSDAQ,전기·전자,디스플레이장비및부품,False,False,False,False,
092300,현우산업,KOSDAQ,전기·전자,전자장비와기기,False,False,False,False,
092460,한라IMS,KOSDAQ,운송장비·부품,조선,False,False,False,False,
092600,앤씨앤,KOSDAQ,전기·전자,전자제품,False,False,False,False,
092730,네오팜,KOSDAQ,화학,화장품,False,False,False,False,
092870,엑시콘,KOSDAQ,기계·장비,반도체와반도체장비,False,False,False,False,
093190,빅솔론,KOSDAQ,전기·전자,컴퓨터와주변기기,False,False,False,False,
093320,케이아이엔엑스,KOSDAQ,IT 서비스,IT서비스,False,False,False,False,
093380,풍강,KOSDAQ,금속,자동차부품,False,False,False,False,
093520,매커스,KOSDAQ,유통,반도체와반도체장비,False,False,False,False,
093640,케이알엠,KOSDAQ,전기·전자,반도체와반도체장비,False,False,False,False,
093920,서원인텍,KOSDAQ,전기·전자,핸드셋,False,False,False,False,
094170,동운아나텍,KOSDAQ,전기·전자,반도체와반도체장비,False,False,False,False,
094360,칩스앤미디어,KOSDAQ,전기·전자,반도체와반도체장비,False,False,False,False,
094480,갤럭시아머니트리,KOSDAQ,IT 서비스,IT서비스,False,False,False,False,
094820,일진파워,KOSDAQ,건설,건설,False,False,False,False,
094840,슈프리마에이치큐,KOSDAQ,전기·전자,전자장비와기기,False,False,False,True,비율단일값(합계만)
094850,참좋은여행,KOSDAQ,일반서비스,"호텔,레스토랑,레저",False,False,False,False,
094860,네오리진,KOSDAQ,IT 서비스,게임엔터테인먼트,False,False,False,False,
094940,푸른기술,KOSDAQ,전기·전자,컴퓨터와주변기기,False,False,False,False,
094970,제이엠티,KOSDAQ,전기·전자,디스플레이장비및부품,False,False,False,False,
095190,신화프리텍,KOSDAQ,금속,기계,False,False,False,False,
095270,웨이브일렉트로,KOSDAQ,의료·정밀기기,우주항공과국방,False,False,False,False,
095340,ISC,KOSDAQ,유통,반도체와반도체장비,False,False,False,False,
095500,미래나노텍,KOSDAQ,화학,디스플레이장비및부품,False,False,False,False,
095610,테스,KOSDAQ,기계·장비,반도체와반도체장비,False,False,False,False,
095660,네오위즈,KOSDAQ,IT 서비스,게임엔터테인먼트,False,False,False,False,
095700,제넥신,KOSDAQ,일반서비스,생물공학,False,False,False,False,
095910,에스에너지,KOSDAQ,전기·전자,에너지장비및서비스,False,False,False,False,
096240,크레버스,KOSDAQ,일반서비스,교육서비스,False,False,False,False,
096250,와이즈넛,KOSDAQ,IT 서비스,소프트웨어,False,False,False,False,
096350,대창솔루션,KOSDAQ,금속,조선,False,False,False,False,
096530,씨젠,KOSDAQ,제약,생명과학도구및서비스,False,False,False,False,
096610,알에프세미,KOSDAQ,전기·전자,반도체와반도체장비,False,False,False,False,
096630,에스코넥,KOSDAQ,전기·전자,핸드셋,False,False,False,False,
096690,에이루트,KOSDAQ,전기·전자,컴퓨터와주변기기,False,False,False,False,
096870,엘디티,KOSDAQ,전기·전자,디스플레이장비및부품,False,False,False,False,
097780,에코볼트,KOSDAQ,운송장비·부품,자동차부품,False,False,False,False,
097800,윈팩,KOSDAQ,전기·전자,반도체와반도체장비,False,False,False,False,
097870,효성오앤비,KOSDAQ,화학,화학,False,False,False,False,
098070,한텍,KOSDAQ,금속,에너지장비및서비스,False,False,False,False,
098120,마이크로컨텍솔,KOSDAQ,전기·전자,반도체와반도체장비,False,False,False,False,
098460,고영,KOSDAQ,기계·장비,전자장비와기기,False,False,False,False,
098660,에스티오,KOSDAQ,섬유·의류,"섬유,의류,신발,호화품",False,False,False,False,
099190,아이센스,KOSDAQ,의료·정밀기기,건강관리장비와용품,False,False,False,False,
099220,SDN,KOSDAQ,유통,에너지장비및서비스,False,False,False,False,
099320,쎄트렉아이,KOSDAQ,운송장비·부품,우주항공과국방,False,False,False,False,
099390,브레인즈컴퍼니,KOSDAQ,IT 서비스,소프트웨어,False,False,False,False,
099410,동방선기,KOSDAQ,운송장비·부품,조선,False,False,False,False,
099430,바이오플러스,KOSDAQ,제약,건강관리장비와용품,False,False,False,False,
099440,스맥,KOSDAQ,기계·장비,기계,False,False,False,False,
099520,DGI,KOSDAQ,전기·전자,통신장비,False,False,False,False,
099750,이지케어텍,KOSDAQ,IT 서비스,건강관리기술,False,False,False,False,
100030,인지소프트,KOSDAQ,IT 서비스,소프트웨어,False,False,False,False,
100120,뷰웍스,KOSDAQ,의료·정밀기기,건강관리장비와용품,False,False,False,False,
100130,동국S&C,KOSDAQ,금속,에너지장비및서비스,False,False,False,False,
100590,머큐리,KOSDAQ,전기·전자,통신장비,False,False,False,False,
100660,서암기계공업,KOSDAQ,기계·장비,기계,False,False,False,False,
100700,세운메디칼,KOSDAQ,제약,건강관리장비와용품,False,False,False,False,
100790,미래에셋벤처투자,KOSDAQ,금융,창업투자,False,False,False,False,
101000,KS인더스트리,KOSDAQ,기계·장비,조선,False,False,False,False,
101160,월덱스,KOSDAQ,전기·전자,반도체와반도체장비,False,False,False,False,
101170,우림피티에스,KOSDAQ,기계·장비,기계,False,False,False,False,
101240,씨큐브,KOSDAQ,화학,화학,False,False,False,False,
101330,모베이스,KOSDAQ,전기·전자,자동차부품,False,False,False,False,
101360,에코앤드림,KOSDAQ,전기·전자,화학,False,False,False,False,
101390,아이엠,KOSDAQ,전기·전자,핸드셋,False,False,False,False,
101400,엔시트론,KOSDAQ,전기·전자,반도체와반도체장비,False,False,False,False,
101490,에스앤에스텍,KOSDAQ,전기·전자,반도체와반도체장비,False,False,False,False,
101670,하이드로리튬,KOSDAQ,금속,전기제품,False,False,False,False,
101680,한국정밀기계,KOSDAQ,기계·장비,기계,False,False,False,False,
101730,위메이드맥스,KOSDAQ,IT 서비스,게임엔터테인먼트,False,False,False,False,
101930,인화정공,KOSDAQ,운송장비·부품,조선,False,False,False,False,
101970,우양에이치씨,KOSDAQ,금속,에너지장비및서비스,False,False,False,False,
102120,어보브반도체,KOSDAQ,전기·전자,반도체와반도체장비,False,False,False,False,
102370,케이옥션,KOSDAQ,유통,판매업체,False,False,False,False,
102710,이엔에프테크놀로지,KOSDAQ,화학,반도체와반도체장비,False,False,False,False,
102940,코오롱생명과학,KOSDAQ,제약,제약,False,False,False,False,
103230,에스앤더블류,KOSDAQ,기계·장비,조선,False,False,False,False,
103840,우양,KOSDAQ,음식료·담배,식품,False,False,False,False,
104040,디에스엠,KOSDAQ,운송장비·부품,자동차부품,False,False,False,False,
104200,NHN벅스,KOSDAQ,IT 서비스,방송과엔터테인먼트,False,False,False,False,
104460,디와이피엔에프,KOSDAQ,기계·장비,기계,False,False,False,False,
104480,티케이케미칼,KOSDAQ,화학,화학,False,False,False,False,
104540,코렌텍,KOSDAQ,의료·정밀기기,건강관리장비와용품,False,False,False,False,
104620,노랑풍선,KOSDAQ,일반서비스,"호텔,레스토랑,레저",False,False,False,False,
104830,원익머트리얼즈,KOSDAQ,화학,화학,False,False,False,False,
105330,케이엔더블유,KOSDAQ,운송장비·부품,반도체와반도체장비,False,False,False,False,
105550,엣지파운드리,KOSDAQ,전기·전자,자동차부품,False,False,False,False,
105740,디케이락,KOSDAQ,기계·장비,기계,False,False,False,False,
105760,포스뱅크,KOSDAQ,기계·장비,상업서비스와공급품,False,False,False,False,
106080,케이이엠텍,KOSDAQ,전기·전자,핸드셋,False,False,False,False,
106190,하이텍팜,KOSDAQ,제약,제약,False,False,False,False,
106240,파인테크닉스,KOSDAQ,전기·전자,디스플레이장비및부품,False,False,False,False,
106520,노블엠앤비,KOSDAQ,의료·정밀기기,전자장비와기기,False,False,False,False,
107600,새빗켐,KOSDAQ,화학,전기제품,False,False,False,False,
107640,한중엔시에스,KOSDAQ,전기·전자,전기장비,False,False,False,False,
108230,톱텍,KOSDAQ,기계·장비,디스플레이장비및부품,False,False,False,False,
108380,대양전기공업,KOSDAQ,운송장비·부품,조선,False,False,False,False,
108490,로보티즈,KOSDAQ,기계·장비,기계,False,False,False,False,
108860,셀바스AI,KOSDAQ,IT 서비스,건강관리장비와용품,False,False,False,False,
109080,옵티시스,KOSDAQ,전기·전자,통신장비,False,False,False,False,
109610,에스와이,KOSDAQ,금속,건축자재,False,False,False,False,
109670,씨싸이트,KOSDAQ,섬유·의류,"섬유,의류,신발,호화품",False,False,False,False,
109740,디에스케이,KOSDAQ,기계·장비,전자장비와기기,False,False,False,False,
109820,진매트릭스,KOSDAQ,일반서비스,생물공학,False,False,False,False,
109860,동일금속,KOSDAQ,금속,기계,False,False,False,False,
109960,앱토크롬,KOSDAQ,유통,제약,False,False,False,False,
110020,전진바이오팜,KOSDAQ,화학,가정용품,False,False,False,False,
110790,크리스에프앤씨,KOSDAQ,섬유·의류,"섬유,의류,신발,호화품",False,False,False,False,
110990,디아이티,KOSDAQ,기계·장비,디스플레이장비및부품,False,False,False,False,
111710,남화산업,KOSDAQ,오락·문화,"호텔,레스토랑,레저",False,False,False,False,
112040,위메이드,KOSDAQ,IT 서비스,게임엔터테인먼트,False,False,False,False,
112290,와이씨켐,KOSDAQ,화학,반도체와반도체장비,False,False,False,False,
113810,디젠스,KOSDAQ,운송장비·부품,자동차부품,False,False,False,False,
114190,강원에너지,KOSDAQ,전기·전자,전자장비와기기,False,False,False,False,
114450,그린생명과학,KOSDAQ,제약,제약,False,False,False,False,
114630,폴라리스우노,KOSDAQ,화학,"섬유,의류,신발,호화품",False,False,False,False,
114810,한솔아이원스,KOSDAQ,기계·장비,반도체와반도체장비,False,False,False,False,
114840,아이패밀리에스씨,KOSDAQ,화학,화장품,False,False,False,False,
115160,휴맥스,KOSDAQ,유통,전자제품,False,False,False,False,
115180,큐리언트,KOSDAQ,일반서비스,제약,False,False,False,False,
115310,인포바인,KOSDAQ,통신,IT서비스,False,False,False,False,
115440,우리넷,KOSDAQ,전기·전자,통신장비,False,False,False,False,
115450,HLB테라퓨틱스,KOSDAQ,유통,제약,False,False,False,False,
115480,씨유메디칼,KOSDAQ,의료·정밀기기,건강관리장비와용품,False,False,False,False,
115500,케이씨에스,KOSDAQ,IT 서비스,IT서비스,False,False,False,False,
115530,씨엔플러스,KOSDAQ,전기·전자,디스플레이장비및부품,False,False,False,False,
115570,스타플렉스,KOSDAQ,화학,화학,False,False,False,False,
115610,이미지스,KOSDAQ,전기·전자,핸드셋,False,False,False,False,
117670,알파칩스,KOSDAQ,전기·전자,반도체와반도체장비,False,False,False,False,
117730,티로보틱스,KOSDAQ,기계·장비,기계,False,False,False,False,
118990,모트렉스,KOSDAQ,운송장비·부품,자동차부품,False,False,False,False,
119500,포메탈,KOSDAQ,금속,기계,False,False,False,False,
119610,인터로조,KOSDAQ,의료·정밀기기,건강관리장비와용품,False,False,False,False,
119830,아이텍,KOSDAQ,일반서비스,반도체와반도체장비,False,False,False,False,
119850,지엔씨에너지,KOSDAQ,전기·전자,전기장비,False,False,False,False,
120240,대정화금,KOSDAQ,화학,화학,False,False,False,False,
121440,골프존홀딩스,KOSDAQ,유통,레저용장비와제품,False,False,False,False,
121600,나노신소재,KOSDAQ,화학,화학,False,False,False,False,
121800,비덴트,KOSDAQ,전기·전자,디스플레이패널,False,False,False,False,
121850,코이즈,KOSDAQ,화학,디스플레이장비및부품,False,False,False,False,
121890,에스디시스템,KOSDAQ,전기·전자,운송인프라,False,False,False,False,
122310,제노레이,KOSDAQ,의료·정밀기기,건강관리장비와용품,False,False,False,False,
122350,삼기,KOSDAQ,운송장비·부품,자동차부품,False,False,False,False,
122450,KX,KOSDAQ,오락·문화,복합기업,False,False,False,False,
122640,예스티,KOSDAQ,기계·장비,반도체와반도체장비,False,False,False,False,
122690,서진오토모티브,KOSDAQ,운송장비·부품,자동차부품,False,False,False,False,
122870,와이지엔터테인먼트,KOSDAQ,오락·문화,방송과엔터테인먼트,False,False,False,False,
122990,와이솔,KOSDAQ,전기·전자,핸드셋,False,False,False,False,
123010,알엔티엑스,KOSDAQ,전기·전자,핸드셋,False,False,False,False,
123040,엠에스오토텍,KOSDAQ,운송장비·부품,자동차부품,False,False,False,False,
123330,제닉,KOSDAQ,화학,화장품,False,False,False,False,
123410,코리아에프티,KOSDAQ,운송장비·부품,자동차부품,False,False,False,False,
123420,위메이드플레이,KOSDAQ,IT 서비스,게임엔터테인먼트,False,False,False,False,
123570,이엠넷,KOSDAQ,일반서비스,광고,False,False,False,False,
123750,알톤,KOSDAQ,운송장비·부품,레저용장비와제품,False,False,False,False,
123840,뉴온,KOSDAQ,음식료·담배,건강관리업체및서비스,False,False,False,False,
123860,아나패스,KOSDAQ,전기·전자,디스플레이장비및부품,False,False,False,False,
124500,아이티센글로벌,KOSDAQ,IT 서비스,IT서비스,False,False,False,False,
124560,태웅로직스,KOSDAQ,운송·창고,해운사,False,False,False,False,
125020,티씨머티리얼즈,KOSDAQ,전기·전자,전기장비,False,False,False,False,
125210,아모그린텍,KOSDAQ,전기·전자,화학,False,False,False,False,
125490,한라캐스트,KOSDAQ,운송장비·부품,자동차부품,False,False,False,False,
126340,비나텍,KOSDAQ,전기·전자,전기장비,False,False,False,False,
126600,BGF에코머티리얼즈,KOSDAQ,화학,화학,False,False,False,False,
126640,화신정공,KOSDAQ,운송장비·부품,자동차부품,False,False,False,False,
126700,하이비젼시스템,KOSDAQ,의료·정밀기기,핸드셋,False,False,False,False,
126730,코칩,KOSDAQ,전기·전자,전기제품,False,False,False,False,
126880,제이엔케이글로벌,KOSDAQ,기계·장비,석유와가스,False,False,False,False,
127120,제이에스링크,KOSDAQ,일반서비스,생명과학도구및서비스,False,False,False,False,
127710,아시아경제,KOSDAQ,IT 서비스,출판,False,False,True,False,
127980,화인써키트,KOSDAQ,전기·전자,전자장비와기기,False,False,False,False,
128540,에코캡,KOSDAQ,운송장비·부품,자동차부품,False,False,False,False,
128660,피제이메탈,KOSDAQ,금속,비철금속,False,False,False,True,비율단일값(합계만)
129890,앱코,KOSDAQ,전기·전자,컴퓨터와주변기기,False,False,False,False,
129920,대성하이텍,KOSDAQ,기계·장비,기계,False,False,False,False,
130500,GH신소재,KOSDAQ,섬유·의류,자동차부품,False,False,False,False,
130580,나이스디앤비,KOSDAQ,일반서비스,상업서비스와공급품,False,False,False,False,
130740,티피씨글로벌,KOSDAQ,운송장비·부품,자동차부품,False,False,False,False,
131030,옵투스제약,KOSDAQ,제약,제약,False,False,False,False,
131090,시큐브,KOSDAQ,IT 서비스,소프트웨어,False,False,False,False,
131100,티엔엔터테인먼트,KOSDAQ,오락·문화,방송과엔터테인먼트,False,False,False,False,
131180,딜리,KOSDAQ,전기·전자,컴퓨터와주변기기,False,False,False,False,
131220,대한과학,KOSDAQ,유통,생명과학도구및서비스,False,False,False,False,
131290,티에스이,KOSDAQ,의료·정밀기기,반도체와반도체장비,False,False,False,False,
131370,알서포트,KOSDAQ,IT 서비스,소프트웨어,False,False,False,False,
131400,이브이첨단소재,KOSDAQ,전기·전자,전자장비와기기,False,False,False,False,
131760,파인텍,KOSDAQ,기계·장비,디스플레이장비및부품,False,False,False,False,
131970,두산테스나,KOSDAQ,일반서비스,반도체와반도체장비,False,False,False,False,
133750,메가엠디,KOSDAQ,일반서비스,교육서비스,False,False,False,False,
134060,이퓨쳐,KOSDAQ,오락·문화,교육서비스,False,False,False,False,
134580,탑코미디어,KOSDAQ,IT 서비스,양방향미디어와서비스,False,False,False,False,
136150,원일티엔아이,KOSDAQ,기계·장비,에너지장비및서비스,False,False,False,False,
136410,아셈스,KOSDAQ,화학,화학,False,False,False,False,
136480,하림,KOSDAQ,음식료·담배,식품,False,False,False,False,
136540,윈스테크넷,KOSDAQ,IT 서비스,소프트웨어,False,False,False,False,
137080,나래나노텍,KOSDAQ,기계·장비,디스플레이장비및부품,False,False,False,False,
137400,피엔티,KOSDAQ,기계·장비,전기제품,False,False,False,False,
137940,넥스트아이,KOSDAQ,의료·정밀기기,화장품,False,False,False,False,
137950,제이씨케미칼,KOSDAQ,화학,에너지장비및서비스,False,False,False,False,
138070,신진에스엠,KOSDAQ,금속,기계,False,False,False,False,
138080,오이솔루션,KOSDAQ,전기·전자,통신장비,False,False,False,False,
138360,앤로보틱스,KOSDAQ,기계·장비,기계,False,False,False,False,
138610,나이벡,KOSDAQ,제약,건강관리장비와용품,False,False,False,False,
139050,BF랩스,KOSDAQ,IT 서비스,,False,False,False,False,
139670,키네마스터,KOSDAQ,IT 서비스,소프트웨어,False,False,False,False,
140070,서플러스글로벌,KOSDAQ,유통,반도체와반도체장비,False,False,False,False,
140410,메지온,KOSDAQ,일반서비스,식품,False,False,False,False,
140430,카티스,KOSDAQ,IT 서비스,통신장비,False,False,False,False,
140520,대창스틸,KOSDAQ,금속,철강,False,False,False,False,
140670,알에스오토메이션,KOSDAQ,전기·전자,기계,False,False,False,False,
140860,파크시스템스,KOSDAQ,의료·정밀기기,전자장비와기기,False,False,False,False,
141000,비아트론,KOSDAQ,기계·장비,디스플레이장비및부품,False,False,False,False,
141080,리가켐바이오,KOSDAQ,일반서비스,제약,False,False,False,False,
142210,유니트론텍,KOSDAQ,유통,반도체와반도체장비,False,False,False,False,
142280,녹십자엠에스,KOSDAQ,제약,건강관리장비와용품,False,False,False,False,
142760,모아라이프플러스,KOSDAQ,일반서비스,제약,False,False,False,False,
143160,아이디스,KOSDAQ,전기·전자,전자장비와기기,False,False,False,False,
143240,사람인,KOSDAQ,IT 서비스,상업서비스와공급품,False,False,False,False,
143540,영우디에스피,KOSDAQ,기계·장비,디스플레이장비및부품,False,False,False,False,
144510,지씨셀,KOSDAQ,일반서비스,건강관리업체및서비스,False,False,False,False,
144960,뉴파워프라즈마,KOSDAQ,기계·장비,반도체와반도체장비,False,False,False,False,
145020,휴젤,KOSDAQ,제약,생물공학,False,False,False,False,
145170,노브랜드,KOSDAQ,섬유·의류,"섬유,의류,신발,호화품",False,False,False,False,
146060,율촌,KOSDAQ,금속,자동차부품,False,False,False,False,
146320,비씨엔씨,KOSDAQ,전기·전자,반도체와반도체장비,False,False,False,False,
147760,피엠티,KOSDAQ,의료·정밀기기,반도체와반도체장비,False,False,False,False,
147830,제룡산업,KOSDAQ,금속,전기장비,False,False,False,False,
148150,세경하이테크,KOSDAQ,전기·전자,핸드셋,False,False,False,False,
148250,알엔투테크놀로지,KOSDAQ,전기·전자,통신장비,False,False,False,False,
148780,비큐AI,KOSDAQ,IT 서비스,소프트웨어,False,False,False,False,
148930,에이치와이티씨,KOSDAQ,금속,전기제품,False,False,False,False,
149950,아바텍,KOSDAQ,전기·전자,디스플레이장비및부품,False,False,False,False,
149980,하이로닉,KOSDAQ,의료·정밀기기,건강관리장비와용품,False,False,False,False,
150900,파수에이아이,KOSDAQ,IT 서비스,소프트웨어,False,False,False,False,
151860,KG에코솔루션,KOSDAQ,운송장비·부품,자동차,False,False,False,False,
153460,네이블,KOSDAQ,IT 서비스,소프트웨어,False,False,False,False,
153490,우리이앤엘하루틴,KOSDAQ,전기·전자,디스플레이장비및부품,False,False,False,False,
153710,옵티팜,KOSDAQ,제약,제약,False,False,False,False,
154030,아시아종묘,KOSDAQ,"농업, 임업 및 어업",생물공학,False,False,False,False,
154040,다산솔루에타,KOSDAQ,전기·전자,전자제품,False,False,False,False,
155650,와이엠씨,KOSDAQ,전기·전자,디스플레이장비및부품,False,False,False,False,
156100,엘앤케이바이오,KOSDAQ,의료·정밀기기,건강관리장비와용품,False,False,False,False,
158430,아톤,KOSDAQ,IT 서비스,소프트웨어,False,False,False,False,
159010,아스플로,KOSDAQ,기계·장비,기계,False,False,False,False,
159580,제로투세븐,KOSDAQ,유통,화장품,False,False,False,False,
159910,에코글로우,KOSDAQ,화학,화장품,False,False,False,False,
160190,하이젠알앤엠,KOSDAQ,전기·전자,기계,False,False,False,False,
160550,NEW,KOSDAQ,오락·문화,방송과엔터테인먼트,False,False,False,False,
160980,싸이맥스,KOSDAQ,기계·장비,반도체와반도체장비,False,False,False,False,
161580,필옵틱스,KOSDAQ,기계·장비,전자장비와기기,False,False,False,False,
162300,신스틸,KOSDAQ,금속,철강,False,False,False,False,
163280,에어레인,KOSDAQ,기계·장비,화학,False,False,False,False,
163730,핑거,KOSDAQ,IT 서비스,IT서비스,False,False,False,False,
166090,하나머티리얼즈,KOSDAQ,전기·전자,반도체와반도체장비,False,False,False,False,
166480,코아스템켐온,KOSDAQ,제약,생물공학,False,False,False,False,
168330,내츄럴엔도텍,KOSDAQ,일반서비스,화장품,False,False,False,False,
168360,펨트론,KOSDAQ,기계·장비,전자장비와기기,False,False,False,False,
169330,엠브레인,KOSDAQ,일반서비스,IT서비스,False,False,False,False,
170030,현대공업,KOSDAQ,운송장비·부품,자동차부품,False,False,False,False,
170790,파이오링크,KOSDAQ,전기·전자,통신장비,False,False,False,False,
170920,엘티씨,KOSDAQ,화학,반도체와반도체장비,False,False,False,False,
171010,램테크놀러지,KOSDAQ,화학,반도체와반도체장비,False,False,False,False,
171090,선익시스템,KOSDAQ,기계·장비,디스플레이장비및부품,False,False,False,False,
171120,라이온켐텍,KOSDAQ,화학,건축자재,False,False,False,False,
172670,에이엘티,KOSDAQ,전기·전자,반도체와반도체장비,False,False,False,False,
173130,오파스넷,KOSDAQ,IT 서비스,IT서비스,False,False,False,False,
173940,에프엔씨엔터,KOSDAQ,오락·문화,방송과엔터테인먼트,False,False,False,False,
174900,앱클론,KOSDAQ,제약,생물공학,False,False,False,False,
175140,휴먼테크놀로지,KOSDAQ,전기·전자,전자제품,False,False,False,False,
175250,아이큐어,KOSDAQ,화학,화장품,False,False,False,False,
176750,듀켐바이오,KOSDAQ,제약,제약,False,False,False,False,
177350,베셀,KOSDAQ,화학,디스플레이장비및부품,False,False,False,False,
177830,파버나인,KOSDAQ,전기·전자,비철금속,False,False,False,False,
177900,쓰리에이로직스,KOSDAQ,전기·전자,통신장비,False,False,False,False,
178320,서진시스템,KOSDAQ,전기·전자,전기장비,False,False,False,False,
178780,일월지엠엘,KOSDAQ,유통,전문소매,False,False,False,False,
179290,엠아이텍,KOSDAQ,의료·정밀기기,건강관리장비와용품,False,False,False,False,
179530,애드바이오텍,KOSDAQ,제약,제약,False,False,False,False,
179900,유티아이,KOSDAQ,전기·전자,핸드셋,False,False,False,False,
180400,DXVX,KOSDAQ,일반서비스,건강관리업체및서비스,False,False,False,False,
182360,큐브엔터,KOSDAQ,오락·문화,방송과엔터테인먼트,False,False,False,False,
182400,엔케이젠바이오텍코리아,KOSDAQ,제약,생명과학도구및서비스,False,False,False,False,
183300,코미코,KOSDAQ,기계·장비,반도체와반도체장비,False,False,False,False,
183490,엔지켐생명과학,KOSDAQ,제약,제약,False,False,False,False,
184230,SGA솔루션즈,KOSDAQ,IT 서비스,소프트웨어,False,False,True,False,
185490,아이진,KOSDAQ,일반서비스,생물공학,False,False,False,False,
186230,그린플러스,KOSDAQ,금속,건축자재,False,False,False,False,
187220,디티앤씨,KOSDAQ,일반서비스,전자장비와기기,False,False,False,False,
187270,신화콘텍,KOSDAQ,전기·전자,전기제품,False,False,False,False,
187420,HLB제넥스,KOSDAQ,제약,생물공학,False,False,False,False,
187660,페니트리움바이오,KOSDAQ,일반서비스,제약,False,False,False,False,
187790,나노,KOSDAQ,화학,화학,False,False,False,False,
187870,디바이스,KOSDAQ,기계·장비,디스플레이장비및부품,False,False,False,False,
188040,바이오포트,KOSDAQ,음식료·담배,식품,False,False,False,False,
188260,세니젠,KOSDAQ,기타제조,건강관리장비와용품,False,False,False,False,
189300,인텔리안테크,KOSDAQ,전기·전자,통신장비,False,False,False,False,
189330,씨이랩,KOSDAQ,IT 서비스,IT서비스,False,False,False,False,
189690,포시에스,KOSDAQ,IT 서비스,소프트웨어,False,False,False,False,
189860,서전기전,KOSDAQ,전기·전자,전기장비,False,False,False,False,
189980,흥국에프엔비,KOSDAQ,음식료·담배,음료,False,False,False,False,
190510,나무가,KOSDAQ,전기·전자,핸드셋,False,False,False,False,
190650,코리아에셋투자증권,KOSDAQ,금융,증권,False,False,False,False,
191410,육일씨엔에쓰,KOSDAQ,전기·전자,디스플레이패널,False,False,False,False,
191420,테고사이언스,KOSDAQ,제약,생물공학,False,False,False,False,
192250,케이사인,KOSDAQ,IT 서비스,소프트웨어,False,False,False,False,
192390,윈하이텍,KOSDAQ,금속,건축자재,False,False,False,False,
192410,오늘이엔엠,KOSDAQ,전기·전자,통신장비,False,False,False,False,
192440,슈피겐코리아,KOSDAQ,기타제조,핸드셋,False,False,False,False,
193250,링크드,KOSDAQ,전기·전자,핸드셋,False,False,False,False,
194480,데브시스터즈,KOSDAQ,IT 서비스,게임엔터테인먼트,False,False,False,False,
194700,노바렉스,KOSDAQ,음식료·담배,건강관리업체및서비스,False,False,False,False,
195500,마니커에프앤지,KOSDAQ,음식료·담배,식품,False,False,False,False,
195940,HK이노엔,KOSDAQ,제약,제약,False,False,False,False,
195990,에이비프로바이오,KOSDAQ,기계·장비,기계,False,False,False,False,
196170,알테오젠,KOSDAQ,일반서비스,생물공학,False,False,False,False,
196300,HLB펩,KOSDAQ,제약,생물공학,False,False,False,False,
196450,코아시아씨엠,KOSDAQ,의료·정밀기기,핸드셋,False,False,False,False,
196490,디에이테크놀로지,KOSDAQ,기계·장비,전기제품,False,False,False,False,
196700,웹스,KOSDAQ,화학,화학,False,False,False,False,
197140,디지캡,KOSDAQ,IT 서비스,소프트웨어,False,False,False,False,
198080,캐프,KOSDAQ,전기·전자,핸드셋,False,False,False,False,
198440,강동씨앤엘,KOSDAQ,비금속,건축자재,False,False,False,False,
198940,한주라이트메탈,KOSDAQ,금속,자동차부품,False,False,False,False,
199430,케이엔알시스템,KOSDAQ,의료·정밀기기,기계,False,False,False,False,
199480,뱅크웨어글로벌,KOSDAQ,IT 서비스,IT서비스,False,False,False,False,
199550,레이저옵텍,KOSDAQ,의료·정밀기기,건강관리장비와용품,False,False,False,False,
199730,바이오인프라,KOSDAQ,일반서비스,생명과학도구및서비스,False,False,False,False,
199800,툴젠,KOSDAQ,일반서비스,생물공학,False,False,False,False,
199820,제일일렉트릭,KOSDAQ,전기·전자,전기장비,False,False,False,False,
200130,콜마비앤에이치,KOSDAQ,제약,건강관리업체및서비스,False,False,False,False,
200230,텔콘RF제약,KOSDAQ,제약,제약,False,False,False,False,
200350,아티스트스튜디오,KOSDAQ,오락·문화,방송과엔터테인먼트,False,False,False,False,
200470,에이팩트,KOSDAQ,전기·전자,반도체와반도체장비,False,False,False,False,
200670,휴메딕스,KOSDAQ,제약,제약,False,False,False,False,
200710,에이디테크놀로지,KOSDAQ,전기·전자,반도체와반도체장비,False,False,False,False,
200780,비씨월드제약,KOSDAQ,제약,제약,False,False,False,False,
201490,미투온,KOSDAQ,IT 서비스,게임엔터테인먼트,False,False,False,False,
203400,에이비온,KOSDAQ,일반서비스,제약,False,False,False,False,
203450,유니온바이오메트릭스,KOSDAQ,전기·전자,전자장비와기기,False,False,False,False,
203650,드림시큐리티,KOSDAQ,IT 서비스,상업서비스와공급품,False,False,False,False,
203690,아크솔루션스,KOSDAQ,종이·목재,가정용품,False,False,False,False,
204020,그리티,KOSDAQ,섬유·의류,"섬유,의류,신발,호화품",False,False,False,False,
204270,제이앤티씨,KOSDAQ,전기·전자,핸드셋,False,False,False,False,
204610,티쓰리,KOSDAQ,IT 서비스,게임엔터테인먼트,False,False,False,False,
204620,글로벌텍스프리,KOSDAQ,금융,기타금융,False,False,False,False,
204840,지엘팜텍,KOSDAQ,유통,제약,False,False,False,False,
205100,엑셈,KOSDAQ,IT 서비스,소프트웨어,False,False,False,False,
205470,휴마시스,KOSDAQ,제약,생명과학도구및서비스,False,False,False,False,
205500,넥써쓰,KOSDAQ,IT 서비스,게임엔터테인먼트,False,False,False,False,
206400,베노티앤알,KOSDAQ,건설,건축제품,False,False,False,False,
206560,덱스터,KOSDAQ,오락·문화,방송과엔터테인먼트,False,False,False,False,
206640,바디텍메드,KOSDAQ,제약,생명과학도구및서비스,False,False,False,False,
206650,유바이오로직스,KOSDAQ,제약,생물공학,False,False,False,False,
207760,미스터블루,KOSDAQ,IT 서비스,양방향미디어와서비스,False,False,False,False,
208140,정다운,KOSDAQ,음식료·담배,식품,False,False,False,False,
208350,지란지교시큐리티,KOSDAQ,IT 서비스,소프트웨어,False,False,False,False,
208370,셀바스헬스케어,KOSDAQ,의료·정밀기기,건강관리장비와용품,False,False,False,False,
208640,썸에이지,KOSDAQ,IT 서비스,게임엔터테인먼트,False,False,False,False,
208710,포톤,KOSDAQ,전기·전자,핸드셋,False,False,False,False,
208860,다산디엠씨,KOSDAQ,IT 서비스,자동차부품,False,False,False,False,
209640,와이제이링크,KOSDAQ,기계·장비,전자장비와기기,False,False,False,False,
210120,캔버스엔,KOSDAQ,오락·문화,방송과엔터테인먼트,False,False,False,False,
211050,인카금융서비스,KOSDAQ,금융,손해보험,False,False,False,False,
211270,AP위성,KOSDAQ,전기·전자,통신장비,False,False,False,False,
212560,네오오토,KOSDAQ,운송장비·부품,자동차부품,False,False,False,False,
212710,아이에스티이,KOSDAQ,전기·전자,반도체와반도체장비,False,False,False,False,
213420,덕산네오룩스,KOSDAQ,전기·전자,디스플레이장비및부품,False,False,False,False,
214150,클래시스,KOSDAQ,의료·정밀기기,건강관리장비와용품,False,False,False,False,
214180,헥토이노베이션,KOSDAQ,IT 서비스,IT서비스,False,False,False,False,
214260,라파스,KOSDAQ,화학,화장품,False,False,False,False,
214270,FSN,KOSDAQ,IT 서비스,양방향미디어와서비스,False,False,False,False,
214370,케어젠,KOSDAQ,제약,건강관리업체및서비스,False,False,False,True,비율없음(tier1·2)
214430,아이쓰리시스템,KOSDAQ,전기·전자,우주항공과국방,False,False,False,False,
214450,파마리서치,KOSDAQ,제약,건강관리장비와용품,False,False,False,False,
214610,롤링스톤,KOSDAQ,의료·정밀기기,건강관리장비와용품,False,False,False,False,
214680,디알텍,KOSDAQ,의료·정밀기기,건강관리장비와용품,False,False,False,False,
215000,골프존,KOSDAQ,IT 서비스,"호텔,레스토랑,레저",False,False,False,False,
215090,솔디펜스,KOSDAQ,의료·정밀기기,우주항공과국방,False,False,False,True,비율단일값(합계만)
215100,로보로보,KOSDAQ,전기·전자,교육서비스,False,False,False,False,
215200,메가스터디교육,KOSDAQ,일반서비스,교육서비스,False,False,False,False,
215360,우리산업,KOSDAQ,운송장비·부품,자동차부품,False,False,False,False,
215380,우정바이오,KOSDAQ,일반서비스,생명과학도구및서비스,False,False,False,False,
215480,토박스코리아,KOSDAQ,유통,"섬유,의류,신발,호화품",False,False,False,False,
215600,신라젠,KOSDAQ,일반서비스,제약,False,False,False,False,
215790,이노인스트루먼트,KOSDAQ,전기·전자,통신장비,False,False,False,False,
216050,인크로스,KOSDAQ,일반서비스,광고,False,False,False,False,
216080,제테마,KOSDAQ,제약,건강관리장비와용품,False,False,False,False,
217190,제너셈,KOSDAQ,기계·장비,반도체와반도체장비,False,False,False,False,
217270,넵튠,KOSDAQ,IT 서비스,게임엔터테인먼트,False,False,False,False,
217330,싸이토젠,KOSDAQ,일반서비스,건강관리업체및서비스,False,False,False,False,
217480,에스디생명공학,KOSDAQ,화학,화장품,False,False,False,False,
217500,러셀,KOSDAQ,기계·장비,반도체와반도체장비,False,False,False,False,
217620,선샤인푸드,KOSDAQ,일반서비스,,False,False,False,False,
217730,강스템바이오텍,KOSDAQ,제약,생물공학,False,False,False,False,
217820,원익피앤이,KOSDAQ,기계·장비,전기제품,False,False,False,False,
218150,미래생명자원,KOSDAQ,음식료·담배,식품,False,False,False,False,
218410,RFHIC,KOSDAQ,전기·전자,통신장비,False,False,False,False,
219130,타이거일렉,KOSDAQ,전기·전자,반도체와반도체장비,False,False,False,False,
219420,링크제니시스,KOSDAQ,IT 서비스,소프트웨어,False,False,False,False,
219550,디와이디,KOSDAQ,유통,화장품,False,False,False,False,
219750,한국비티비,KOSDAQ,의료·정밀기기,건강관리장비와용품,False,False,False,False,
220100,퓨쳐켐,KOSDAQ,제약,제약,False,False,False,False,
220180,핸디소프트,KOSDAQ,IT 서비스,소프트웨어,False,False,False,False,
220260,켐트로스,KOSDAQ,화학,화학,False,False,False,False,
221800,지구홀딩스,KOSDAQ,일반서비스,건강관리업체및서비스,False,False,False,False,
221840,하이즈항공,KOSDAQ,운송장비·부품,우주항공과국방,False,False,False,False,
221980,케이디켐,KOSDAQ,화학,화학,False,False,False,False,
222040,코스맥스엔비티,KOSDAQ,음식료·담배,건강관리업체및서비스,False,False,False,False,
222080,씨아이에스,KOSDAQ,기계·장비,전기제품,False,False,False,False,
222110,팬젠,KOSDAQ,제약,생물공학,False,False,False,False,
222160,NPX,KOSDAQ,기계·장비,반도체와반도체장비,False,False,False,False,
222420,쎄노텍,KOSDAQ,비금속,화학,False,False,False,False,
222800,심텍,KOSDAQ,전기·전자,전자장비와기기,False,False,False,False,
222980,한국맥널티,KOSDAQ,음식료·담배,식품,False,False,False,False,
223250,드림씨아이에스,KOSDAQ,일반서비스,제약,False,False,False,False,
223310,사토시홀딩스,KOSDAQ,유통,식품과기본식료품소매,False,False,False,False,
224060,더코디,KOSDAQ,전기·전자,건축자재,False,False,False,False,
224110,에이텍모빌리티,KOSDAQ,전기·전자,컴퓨터와주변기기,False,False,False,False,
225190,LK삼양,KOSDAQ,의료·정밀기기,전자장비와기기,False,False,False,False,
225220,제놀루션,KOSDAQ,제약,건강관리장비와용품,False,False,False,False,
225430,케이엠제약,KOSDAQ,화학,가정용품,False,False,False,False,
225530,HC보광산업,KOSDAQ,비금속,건축자재,False,False,False,False,
225570,넥슨게임즈,KOSDAQ,IT 서비스,게임엔터테인먼트,False,False,False,False,
225590,패션플랫폼,KOSDAQ,섬유·의류,"섬유,의류,신발,호화품",False,False,False,False,
226330,신테카바이오,KOSDAQ,IT 서비스,건강관리업체및서비스,False,False,False,False,
226340,본느,KOSDAQ,화학,화장품,False,False,False,False,
226400,오스테오닉,KOSDAQ,의료·정밀기기,건강관리장비와용품,False,False,False,False,
226590,엠디바이스,KOSDAQ,전기·전자,반도체와반도체장비,False,False,False,False,
226950,올릭스,KOSDAQ,일반서비스,생명과학도구및서비스,False,False,False,False,
227100,프로브잇,KOSDAQ,부동산,건설,False,False,False,False,
227610,아우딘퓨쳐스,KOSDAQ,화학,화장품,False,False,False,False,
227950,엔투텍,KOSDAQ,기계·장비,반도체와반도체장비,False,False,False,False,
228340,동양파일,KOSDAQ,비금속,건축자재,False,False,False,False,
228670,레이,KOSDAQ,의료·정밀기기,건강관리장비와용품,False,False,False,False,
228760,지노믹트리,KOSDAQ,일반서비스,건강관리장비와용품,False,False,False,False,
228850,레이언스,KOSDAQ,의료·정밀기기,건강관리장비와용품,False,False,False,False,
229000,젠큐릭스,KOSDAQ,제약,건강관리장비와용품,False,False,False,False,
230240,에치에프알,KOSDAQ,전기·전자,통신장비,False,False,False,False,
230360,에코마케팅,KOSDAQ,일반서비스,"섬유,의류,신발,호화품",False,False,False,False,
230980,비유테크놀러지,KOSDAQ,IT 서비스,우주항공과국방,False,False,False,False,
232140,와이씨,KOSDAQ,기계·장비,반도체와반도체장비,False,False,False,False,
232680,라온로보틱스,KOSDAQ,기계·장비,반도체와반도체장비,False,False,False,False,
232830,아이티센피엔에스,KOSDAQ,IT 서비스,IT서비스,False,False,False,False,
234030,싸이닉솔루션,KOSDAQ,전기·전자,반도체와반도체장비,False,False,False,False,
234100,폴라리스세원,KOSDAQ,운송장비·부품,자동차부품,False,False,False,False,
234300,에스트래픽,KOSDAQ,IT 서비스,IT서비스,False,False,False,False,
234340,헥토파이낸셜,KOSDAQ,금융,IT서비스,False,False,False,False,
234690,녹십자웰빙,KOSDAQ,제약,제약,False,False,False,False,
234920,자이글,KOSDAQ,전기·전자,건강관리장비와용품,False,False,False,False,
235980,메드팩토,KOSDAQ,일반서비스,제약,False,False,False,False,
236200,슈프리마,KOSDAQ,전기·전자,전자장비와기기,False,False,False,False,
236810,엔비티,KOSDAQ,일반서비스,광고,False,False,False,False,
237690,에스티팜,KOSDAQ,제약,제약,False,False,False,False,
237750,피앤씨테크,KOSDAQ,전기·전자,전기장비,False,False,False,False,
237820,플레이디,KOSDAQ,일반서비스,광고,False,False,False,False,
237880,클리오,KOSDAQ,화학,화장품,False,False,False,False,
238090,앤디포스,KOSDAQ,화학,핸드셋,False,False,False,False,
238120,얼라인드,KOSDAQ,의료·정밀기기,생명과학도구및서비스,False,False,False,False,
238200,비피도,KOSDAQ,음식료·담배,건강관리업체및서비스,False,False,False,False,
238490,힘스,KOSDAQ,기계·장비,디스플레이장비및부품,False,False,False,False,
239340,이스트에이드,KOSDAQ,IT 서비스,양방향미디어와서비스,False,False,False,False,
239610,에이치엘사이언스,KOSDAQ,음식료·담배,건강관리업체및서비스,False,False,False,False,
239890,피엔에이치테크,KOSDAQ,화학,디스플레이장비및부품,False,False,False,False,
240550,동방메디컬,KOSDAQ,의료·정밀기기,건강관리장비와용품,False,False,False,False,
240600,유진테크놀로지,KOSDAQ,금속,전기제품,False,False,False,False,
240810,원익IPS,KOSDAQ,기계·장비,반도체와반도체장비,False,False,False,False,
241520,DSC인베스트먼트,KOSDAQ,금융,창업투자,False,False,False,False,
241690,유니테크노,KOSDAQ,운송장비·부품,자동차부품,False,False,False,False,
241710,코스메카코리아,KOSDAQ,화학,화장품,False,False,False,False,
241770,메카로,KOSDAQ,전기·전자,반도체와반도체장비,False,False,False,False,
241790,티이엠씨씨엔에스,KOSDAQ,기계·장비,반도체와반도체장비,False,False,False,False,
241820,피씨엘,KOSDAQ,제약,생명과학도구및서비스,False,False,False,False,
241840,에이스토리,KOSDAQ,오락·문화,방송과엔터테인먼트,False,False,False,False,
242040,나무기술,KOSDAQ,IT 서비스,IT서비스,False,False,False,False,
243070,휴온스,KOSDAQ,제약,제약,False,False,False,False,
243840,신흥에스이씨,KOSDAQ,전기·전자,전기제품,False,False,False,False,
244460,올리패스,KOSDAQ,제약,제약,False,False,False,False,
245620,EDGC,KOSDAQ,일반서비스,생명과학도구및서비스,False,False,False,False,
246250,에스엘에스바이오,KOSDAQ,일반서비스,제약,False,False,False,False,
246690,TS인베스트먼트,KOSDAQ,금융,창업투자,False,False,False,False,
246710,티앤알바이오팹,KOSDAQ,제약,생물공학,False,False,False,False,
246720,아스타,KOSDAQ,제약,건강관리장비와용품,False,False,False,False,
246960,SCL사이언스,KOSDAQ,제약,건강관리업체및서비스,False,False,False,False,
247540,에코프로비엠,KOSDAQ,전기·전자,전기제품,False,False,False,False,
247660,나노씨엠에스,KOSDAQ,전기·전자,화학,False,False,False,False,
250000,보라티알,KOSDAQ,유통,식품과기본식료품소매,False,False,False,False,
250060,모비스,KOSDAQ,IT 서비스,소프트웨어,False,False,False,False,
250930,예선테크,KOSDAQ,화학,디스플레이장비및부품,False,False,False,False,
251120,바이오에프디엔씨,KOSDAQ,제약,생물공학,False,False,False,False,
251370,와이엠티,KOSDAQ,화학,화학,False,False,False,False,
251630,브이원텍,KOSDAQ,기계·장비,기계,False,False,False,False,
251970,펌텍코리아,KOSDAQ,화학,포장재,False,False,False,False,
252500,세화피앤씨,KOSDAQ,화학,화장품,False,False,False,False,
252990,샘씨엔에스,KOSDAQ,전기·전자,반도체와반도체장비,False,False,False,False,
253450,스튜디오드래곤,KOSDAQ,오락·문화,방송과엔터테인먼트,False,False,False,False,
253590,네오셈,KOSDAQ,기계·장비,반도체와반도체장비,False,False,False,False,
253840,수젠텍,KOSDAQ,제약,건강관리장비와용품,False,False,False,False,
254120,자비스,KOSDAQ,기계·장비,전자장비와기기,False,False,False,False,
254490,미래반도체,KOSDAQ,유통,반도체와반도체장비,False,False,False,False,
255220,SG,KOSDAQ,비금속,건축자재,False,False,False,False,
255440,야스,KOSDAQ,기계·장비,디스플레이장비및부품,False,False,False,False,
256150,한독크린텍,KOSDAQ,기계·장비,가정용기기와용품,False,False,False,False,
256630,포인트엔지니어링,KOSDAQ,금속,디스플레이장비및부품,False,False,False,False,
256840,한국비엔씨,KOSDAQ,제약,건강관리장비와용품,False,False,False,False,
256940,킵스파마,KOSDAQ,제약,비철금속,False,False,False,False,
257370,피엔티엠에스,KOSDAQ,기계·장비,전기제품,False,False,False,False,
257720,실리콘투,KOSDAQ,유통,인터넷과카탈로그소매,False,False,False,False,
258610,케일럼,KOSDAQ,금속,핸드셋,False,False,False,False,
258790,소프트캠프,KOSDAQ,IT 서비스,소프트웨어,False,False,False,False,
258830,세종메디칼,KOSDAQ,의료·정밀기기,건강관리장비와용품,False,False,False,False,
259630,엠플러스,KOSDAQ,기계·장비,전기제품,False,False,False,False,
260660,알리코제약,KOSDAQ,제약,제약,False,False,False,False,
260930,씨티케이,KOSDAQ,화학,화장품,False,False,False,False,
260970,에스앤디,KOSDAQ,음식료·담배,식품,False,False,False,True,비율없음(tier1·2)
261200,덴티스,KOSDAQ,의료·정밀기기,건강관리장비와용품,False,False,False,False,
261520,이지스,KOSDAQ,IT 서비스,IT서비스,False,False,False,False,
261780,차백신연구소,KOSDAQ,일반서비스,제약,False,False,False,False,
262260,에이프로,KOSDAQ,전기·전자,전자장비와기기,False,False,False,False,
262840,아이퀘스트,KOSDAQ,IT 서비스,소프트웨어,False,False,False,False,
263020,디케이앤디,KOSDAQ,화학,"섬유,의류,신발,호화품",False,False,False,False,
263050,유틸렉스,KOSDAQ,제약,생물공학,False,False,False,False,
263600,덕우전자,KOSDAQ,전기·전자,핸드셋,False,False,False,False,
263690,디알젬,KOSDAQ,의료·정밀기기,건강관리장비와용품,False,False,False,False,
263700,케어랩스,KOSDAQ,일반서비스,건강관리업체및서비스,False,False,False,False,
263720,디앤씨미디어,KOSDAQ,오락·문화,출판,False,False,False,False,
263750,펄어비스,KOSDAQ,IT 서비스,게임엔터테인먼트,False,False,False,False,
263770,유에스티,KOSDAQ,금속,철강,False,False,False,False,
263800,데이타솔루션,KOSDAQ,유통,IT서비스,False,False,False,False,
263810,상신전자,KOSDAQ,전기·전자,전자장비와기기,False,False,False,False,
263860,지니언스,KOSDAQ,IT 서비스,소프트웨어,False,False,False,False,
263920,휴엠앤씨,KOSDAQ,기타제조,포장재,False,False,False,False,
264450,유비쿼스,KOSDAQ,전기·전자,통신장비,False,False,False,False,
264660,씨앤지하이테크,KOSDAQ,기계·장비,반도체와반도체장비,False,False,False,False,
264850,이랜시스,KOSDAQ,전기·전자,전자장비와기기,False,False,False,False,
265520,AP시스템,KOSDAQ,기계·장비,디스플레이장비및부품,False,False,False,False,
265560,영화테크,KOSDAQ,운송장비·부품,자동차부품,False,False,False,False,
265740,엔에프씨,KOSDAQ,화학,화장품,False,False,False,False,
267320,나인테크,KOSDAQ,기계·장비,전기제품,False,False,False,False,
267790,배럴,KOSDAQ,섬유·의류,"섬유,의류,신발,호화품",False,False,False,False,
267980,매일유업,KOSDAQ,음식료·담배,식품,False,False,False,False,
269620,시스웍,KOSDAQ,의료·정밀기기,전자장비와기기,False,False,False,False,
270520,앱튼,KOSDAQ,일반서비스,에너지장비및서비스,False,False,False,False,
270660,에브리봇,KOSDAQ,전기·전자,가정용기기와용품,False,False,False,False,
270870,뉴트리,KOSDAQ,음식료·담배,건강관리업체및서비스,False,False,True,False,
271830,팸텍,KOSDAQ,기계·장비,핸드셋,False,False,False,False,
272110,케이엔제이,KOSDAQ,전기·전자,반도체와반도체장비,False,False,False,False,
272290,이녹스첨단소재,KOSDAQ,전기·전자,디스플레이장비및부품,False,False,False,False,
273060,와이즈버즈,KOSDAQ,일반서비스,광고,False,False,False,False,
273640,와이엠텍,KOSDAQ,전기·전자,전기제품,False,False,False,True,비율없음(tier1·2)
274090,켄코아에어로스페이스,KOSDAQ,운송장비·부품,우주항공과국방,False,False,False,False,
274400,이노시뮬레이션,KOSDAQ,IT 서비스,소프트웨어,False,False,False,False,
275630,에스에스알,KOSDAQ,IT 서비스,소프트웨어,False,False,False,False,
276040,스코넥,KOSDAQ,IT 서비스,소프트웨어,False,False,False,False,
276730,한울앤제주,KOSDAQ,음식료·담배,음료,False,False,False,False,
277070,린드먼아시아,KOSDAQ,금융,창업투자,False,False,False,False,
277410,인산가,KOSDAQ,음식료·담배,식품,False,False,False,False,
277810,레인보우로보틱스,KOSDAQ,기계·장비,기계,False,False,False,False,
277880,티에스아이,KOSDAQ,기계·장비,전자장비와기기,False,False,False,False,
278280,천보,KOSDAQ,화학,전기제품,False,False,False,False,
278650,HLB바이오스텝,KOSDAQ,일반서비스,생명과학도구및서비스,False,False,False,False,
279600,미디어젠,KOSDAQ,IT 서비스,IT서비스,False,False,False,False,
281740,레이크머티리얼즈,KOSDAQ,화학,화학,False,False,False,False,
282720,금양그린파워,KOSDAQ,건설,에너지장비및서비스,False,False,False,False,
282880,코윈테크,KOSDAQ,기계·장비,기계,False,False,False,False,
284620,카이노스메드,KOSDAQ,일반서비스,제약,False,False,False,False,
285490,노바텍,KOSDAQ,기타제조,핸드셋,False,False,False,False,
285800,진영,KOSDAQ,화학,화학,False,False,False,False,
286750,나노실리칸첨단소재,KOSDAQ,화학,화학,False,False,False,True,"비율단일값(합계만), 내부용어노출"
287840,인투셀,KOSDAQ,일반서비스,제약,False,False,False,False,
288330,파라택시스코리아,KOSDAQ,일반서비스,제약,False,False,False,False,
288620,에스프리즘,KOSDAQ,전기·전자,전기제품,False,False,False,False,
288980,모아데이타,KOSDAQ,IT 서비스,소프트웨어,False,False,False,False,
289010,아이스크림에듀,KOSDAQ,오락·문화,교육서비스,False,False,False,False,
289080,SV인베스트먼트,KOSDAQ,금융,창업투자,False,False,False,False,
289220,자이언트스텝,KOSDAQ,오락·문화,양방향미디어와서비스,False,False,False,False,
289930,웨이비스,KOSDAQ,전기·전자,우주항공과국방,False,False,False,False,
290090,트윔,KOSDAQ,IT 서비스,소프트웨어,False,False,False,False,
290120,DH오토리드,KOSDAQ,운송장비·부품,자동차부품,False,False,False,False,
290270,휴네시온,KOSDAQ,IT 서비스,소프트웨어,False,False,False,False,
290520,신도기연,KOSDAQ,기계·장비,디스플레이장비및부품,False,False,False,False,
290550,디케이티,KOSDAQ,전기·전자,핸드셋,False,False,False,False,
290560,파라택시스이더리움,KOSDAQ,IT 서비스,소프트웨어,False,False,False,False,
290650,엘앤씨바이오,KOSDAQ,제약,건강관리장비와용품,False,False,False,False,
290660,다이나믹솔루션,KOSDAQ,의료·정밀기기,건강관리장비와용품,False,False,False,False,
290670,대보마그네틱,KOSDAQ,전기·전자,전자장비와기기,False,False,False,False,
290690,소룩스,KOSDAQ,전기·전자,디스플레이장비및부품,False,False,False,False,
290720,푸드나무,KOSDAQ,유통,식품,False,False,False,False,
290740,액트로,KOSDAQ,전기·전자,핸드셋,False,False,False,False,
291230,엔피,KOSDAQ,일반서비스,광고,False,False,False,False,
291650,압타머사이언스,KOSDAQ,일반서비스,생물공학,False,False,False,False,
291810,핀텔,KOSDAQ,IT 서비스,소프트웨어,False,False,False,False,
293490,카카오게임즈,KOSDAQ,IT 서비스,게임엔터테인먼트,False,False,False,False,
293580,나우IB,KOSDAQ,금융,창업투자,False,False,False,False,
293780,압타바이오,KOSDAQ,일반서비스,건강관리업체및서비스,False,False,False,False,
294090,이오플로우,KOSDAQ,의료·정밀기기,건강관리장비와용품,False,False,False,False,
294140,레몬,KOSDAQ,화학,화학,False,False,False,False,
294570,쿠콘,KOSDAQ,IT 서비스,IT서비스,False,False,False,False,
294630,서남,KOSDAQ,전기·전자,전기장비,False,False,False,False,
295310,에이치브이엠,KOSDAQ,금속,비철금속,False,False,False,False,
296640,이노에이엑스,KOSDAQ,IT 서비스,소프트웨어,False,False,False,False,
297090,씨에스베어링,KOSDAQ,기계·장비,기계,False,False,False,False,
297570,알로이스,KOSDAQ,전기·전자,전자제품,False,False,False,False,
297890,HB솔루션,KOSDAQ,기계·장비,디스플레이장비및부품,False,False,False,False,
298060,풍전약품,KOSDAQ,제약,생물공학,False,False,False,False,
298380,에이비엘바이오,KOSDAQ,제약,생물공학,False,False,False,False,
298540,더네이쳐홀딩스,KOSDAQ,섬유·의류,"섬유,의류,신발,호화품",False,False,True,False,
298830,슈어소프트테크,KOSDAQ,IT 서비스,소프트웨어,False,False,False,False,
299030,하나기술,KOSDAQ,기계·장비,전자장비와기기,False,False,False,False,
299170,더블유에스아이,KOSDAQ,유통,제약,False,False,False,False,
299660,셀리드,KOSDAQ,일반서비스,생물공학,False,False,False,False,
299900,위지윅스튜디오,KOSDAQ,오락·문화,방송과엔터테인먼트,False,False,False,False,
300080,플리토,KOSDAQ,IT 서비스,양방향미디어와서비스,False,False,False,False,
300120,라온피플,KOSDAQ,IT 서비스,소프트웨어,False,False,False,False,
301300,바이브컴퍼니,KOSDAQ,IT 서비스,소프트웨어,False,False,False,False,
302430,이노메트리,KOSDAQ,기계·장비,전기제품,False,False,False,False,
302550,리메드,KOSDAQ,의료·정밀기기,건강관리장비와용품,False,False,False,False,
303030,지니틱스,KOSDAQ,전기·전자,반도체와반도체장비,False,False,False,False,
303360,프로티아,KOSDAQ,의료·정밀기기,건강관리장비와용품,False,False,False,False,
303530,이노뎁,KOSDAQ,IT 서비스,IT서비스,False,False,False,False,
303810,동국생명과학,KOSDAQ,제약,건강관리장비와용품,False,False,False,False,
304100,솔트룩스,KOSDAQ,IT 서비스,IT서비스,False,False,False,False,
304360,에스바이오메딕스,KOSDAQ,제약,생물공학,False,False,False,False,
304840,피플바이오,KOSDAQ,제약,건강관리장비와용품,False,False,False,False,
305090,마이크로디지탈,KOSDAQ,의료·정밀기기,건강관리장비와용품,False,False,False,False,
306040,에스제이그룹,KOSDAQ,섬유·의류,"섬유,의류,신발,호화품",False,False,False,False,
306620,지아이에스,KOSDAQ,기계·장비,반도체와반도체장비,False,False,False,False,
307180,아이엘,KOSDAQ,전기·전자,디스플레이장비및부품,False,False,False,False,
307280,원바이오젠,KOSDAQ,제약,건강관리장비와용품,False,False,False,False,
307750,국전,KOSDAQ,제약,제약,False,False,False,False,
307870,비투엔,KOSDAQ,IT 서비스,IT서비스,False,False,False,False,
307930,컴퍼니케이,KOSDAQ,금융,창업투자,False,False,False,False,
308080,바이젠셀,KOSDAQ,일반서비스,제약,False,False,False,False,
308100,형지글로벌,KOSDAQ,유통,"섬유,의류,신발,호화품",False,False,False,False,
308430,셀비온,KOSDAQ,제약,제약,False,False,False,False,
309710,아이티켐,KOSDAQ,제약,제약,False,False,False,False,
309930,조이웍스앤코,KOSDAQ,유통,가구,False,False,False,False,
309960,LB인베스트먼트,KOSDAQ,금융,창업투자,False,False,False,False,
310200,애니플러스,KOSDAQ,오락·문화,방송과엔터테인먼트,False,False,False,False,
310210,보로노이,KOSDAQ,일반서비스,제약,False,False,False,False,
310870,디와이씨,KOSDAQ,운송장비·부품,자동차부품,False,False,False,False,
311320,지오엘리먼트,KOSDAQ,전기·전자,반도체와반도체장비,False,False,False,False,
311390,네오크레마,KOSDAQ,음식료·담배,식품과기본식료품소매,False,False,False,False,
311690,CJ 바이오사이언스,KOSDAQ,일반서비스,생명과학도구및서비스,False,False,False,False,
312610,에이에프더블류,KOSDAQ,금속,자동차부품,False,False,False,False,
313760,캐리,KOSDAQ,전기·전자,전기제품,False,False,False,False,
314130,지놈앤컴퍼니,KOSDAQ,제약,제약,False,False,False,False,
314140,알피바이오,KOSDAQ,제약,제약,False,False,False,False,
314930,바이오다인,KOSDAQ,의료·정밀기기,건강관리장비와용품,False,False,False,False,
315640,딥노이드,KOSDAQ,IT 서비스,IT서비스,False,False,False,False,
317120,라닉스,KOSDAQ,전기·전자,통신장비,False,False,False,False,
317240,TS트릴리온,KOSDAQ,화학,가정용품,False,False,False,False,
317330,덕산테코피아,KOSDAQ,화학,반도체와반도체장비,False,False,False,False,
317530,에피소드컴퍼니,KOSDAQ,오락·문화,양방향미디어와서비스,False,False,False,False,
317690,퀀타매트릭스,KOSDAQ,의료·정밀기기,생명과학도구및서비스,False,False,False,False,
317770,엑스페릭스,KOSDAQ,전기·전자,전자장비와기기,False,False,False,False,
317830,에스피시스템스,KOSDAQ,기계·장비,기계,False,False,False,False,
317850,대모,KOSDAQ,기계·장비,기계,False,False,False,False,
317870,엔바이오니아,KOSDAQ,기타제조,가정용기기와용품,False,False,False,False,
318000,KBG,KOSDAQ,화학,화학,False,False,False,False,
318010,팜스빌,KOSDAQ,음식료·담배,건강관리업체및서비스,False,False,False,False,
318020,포인트모바일,KOSDAQ,전기·전자,전자장비와기기,False,False,False,False,
318060,그래피,KOSDAQ,화학,건강관리장비와용품,False,False,False,False,
318160,셀바이오휴먼텍,KOSDAQ,섬유·의류,화장품,False,False,False,False,
318410,비비씨,KOSDAQ,화학,가정용품,False,False,False,False,
319400,현대무벡스,KOSDAQ,기계·장비,기계,False,False,False,False,
319660,피에스케이,KOSDAQ,기계·장비,반도체와반도체장비,False,False,False,False,
320000,한울반도체,KOSDAQ,기계·장비,전자장비와기기,False,False,False,False,
321260,프로이천,KOSDAQ,전기·전자,디스플레이장비및부품,False,False,False,False,
321370,센서뷰,KOSDAQ,전기·전자,통신장비,False,False,False,False,
321550,티움바이오,KOSDAQ,일반서비스,제약,False,False,False,False,
321820,아티스트컴퍼니,KOSDAQ,오락·문화,방송과엔터테인먼트,False,False,False,False,
322180,LS티라유텍,KOSDAQ,IT 서비스,IT서비스,False,False,False,False,
322310,오로스테크놀로지,KOSDAQ,기계·장비,반도체와반도체장비,False,False,False,False,
322510,제이엘케이,KOSDAQ,IT 서비스,건강관리기술,False,False,False,False,
322780,코퍼스코리아,KOSDAQ,오락·문화,방송과엔터테인먼트,False,False,False,False,
323280,태성,KOSDAQ,기계·장비,전자장비와기기,False,False,False,False,
323350,다원넥스뷰,KOSDAQ,기계·장비,반도체와반도체장비,False,False,False,False,
323990,박셀바이오,KOSDAQ,일반서비스,제약,False,False,False,False,
327260,RF머트리얼즈,KOSDAQ,전기·전자,우주항공과국방,False,False,False,False,
328130,루닛,KOSDAQ,IT 서비스,건강관리기술,False,False,False,False,
328380,솔트웨어,KOSDAQ,IT 서비스,IT서비스,False,False,False,False,
330350,위더스제약,KOSDAQ,제약,제약,False,False,False,False,
330730,스톤브릿지벤처스,KOSDAQ,금융,창업투자,False,False,False,False,
330860,네패스아크,KOSDAQ,일반서비스,반도체와반도체장비,False,False,False,False,
331380,포커스에이아이,KOSDAQ,전기·전자,전자장비와기기,False,False,False,False,
331520,밸로프,KOSDAQ,IT 서비스,게임엔터테인먼트,False,False,False,False,
331740,아우토크립트,KOSDAQ,IT 서비스,자동차부품,False,False,False,False,
331920,셀레믹스,KOSDAQ,제약,생물공학,False,False,False,False,
332290,누보,KOSDAQ,화학,화학,False,False,False,False,
332370,아이디피,KOSDAQ,전기·전자,컴퓨터와주변기기,False,False,False,False,
332570,PS일렉트로닉스,KOSDAQ,전기·전자,핸드셋,False,False,False,False,
333050,이노테나,KOSDAQ,IT 서비스,IT서비스,False,False,False,False,
333430,일승,KOSDAQ,운송장비·부품,조선,False,False,False,False,
333620,엔시스,KOSDAQ,전기·전자,전자장비와기기,False,False,False,False,
334970,프레스티지바이오로직스,KOSDAQ,제약,제약,False,False,False,False,
335810,프리시젼바이오,KOSDAQ,의료·정밀기기,생명과학도구및서비스,False,False,False,False,
335870,윙스풋,KOSDAQ,유통,"섬유,의류,신발,호화품",False,False,False,False,
336060,웨이버스,KOSDAQ,IT 서비스,IT서비스,False,False,False,False,
336570,원텍,KOSDAQ,의료·정밀기기,건강관리장비와용품,False,False,False,False,
336680,탑런토탈솔루션,KOSDAQ,전기·전자,자동차부품,False,False,False,False,
337930,젝시믹스,KOSDAQ,IT 서비스,"섬유,의류,신발,호화품",False,False,False,False,
338220,뷰노,KOSDAQ,IT 서비스,건강관리기술,False,False,False,False,
338840,와이바이오로직스,KOSDAQ,일반서비스,생물공학,False,False,False,False,
339950,아이비김영,KOSDAQ,일반서비스,교육서비스,False,False,False,False,
340360,다보링크,KOSDAQ,전기·전자,통신장비,False,False,False,False,
340440,세림B&G,KOSDAQ,화학,포장재,False,False,False,False,
340450,지씨지놈,KOSDAQ,일반서비스,생명과학도구및서비스,False,False,False,False,
340570,티앤엘,KOSDAQ,제약,건강관리장비와용품,False,False,False,False,
340810,시선AI,KOSDAQ,IT 서비스,소프트웨어,False,False,False,False,
340930,유일에너테크,KOSDAQ,기계·장비,전자장비와기기,False,False,False,False,
342870,오아,KOSDAQ,유통,가정용기기와용품,False,False,False,False,
344860,이노진,KOSDAQ,화학,화장품,False,False,False,False,
347000,센코,KOSDAQ,의료·정밀기기,전자장비와기기,False,False,False,False,
347700,스피어,KOSDAQ,IT 서비스,우주항공과국방,False,False,False,False,
347740,피엔케이피부임상연구센타,KOSDAQ,일반서비스,생명과학도구및서비스,False,False,False,False,
347770,핌스,KOSDAQ,전기·전자,디스플레이장비및부품,False,False,False,False,
347850,디앤디파마텍,KOSDAQ,일반서비스,생물공학,False,False,False,False,
347860,알체라,KOSDAQ,IT 서비스,소프트웨어,False,False,False,False,
347890,엠엑스온,KOSDAQ,의료·정밀기기,전자장비와기기,False,False,False,False,
348030,모비릭스,KOSDAQ,IT 서비스,게임엔터테인먼트,False,False,False,False,
348080,큐라티스,KOSDAQ,일반서비스,생물공학,False,False,False,False,
348150,고바이오랩,KOSDAQ,일반서비스,건강관리업체및서비스,False,False,False,False,
348210,넥스틴,KOSDAQ,기계·장비,반도체와반도체장비,False,False,False,False,
348340,뉴로메카,KOSDAQ,기계·장비,기계,False,False,False,False,
348350,위드텍,KOSDAQ,의료·정밀기기,반도체와반도체장비,False,False,False,False,
348370,엔켐,KOSDAQ,화학,전기제품,False,False,False,False,
351320,넥사다이내믹스,KOSDAQ,기계·장비,디스플레이장비및부품,False,False,False,False,
351330,이삭엔지니어링,KOSDAQ,IT 서비스,IT서비스,False,False,False,False,
351870,차이커뮤니케이션,KOSDAQ,일반서비스,광고,False,False,False,False,
352090,스톰테크,KOSDAQ,화학,가정용기기와용품,False,False,False,False,
352480,씨앤씨인터내셔널,KOSDAQ,화학,화장품,False,False,False,False,
352700,씨앤투스,KOSDAQ,화학,"섬유,의류,신발,호화품",False,False,False,False,
352770,셀레스트라,KOSDAQ,일반서비스,생물공학,False,False,False,False,
352910,오비고,KOSDAQ,IT 서비스,소프트웨어,False,False,False,False,
352940,인바이오,KOSDAQ,화학,화학,False,False,False,False,
353190,휴럼,KOSDAQ,음식료·담배,건강관리업체및서비스,False,False,False,False,
353590,오토앤,KOSDAQ,유통,자동차부품,False,False,False,False,
353810,이지바이오,KOSDAQ,음식료·담배,식품,False,False,False,False,
354200,엔젠바이오,KOSDAQ,일반서비스,생명과학도구및서비스,False,False,False,False,
354320,알멕,KOSDAQ,금속,자동차부품,False,False,False,False,
355150,코스텍시스,KOSDAQ,전기·전자,반도체와반도체장비,False,False,False,False,
355390,크라우드웍스,KOSDAQ,IT 서비스,IT서비스,False,False,False,False,
355690,에이텀,KOSDAQ,전기·전자,전자장비와기기,False,False,False,False,
356680,엑스게이트,KOSDAQ,IT 서비스,소프트웨어,False,False,False,False,
356860,티엘비,KOSDAQ,전기·전자,반도체와반도체장비,False,False,False,False,
356890,싸이버원,KOSDAQ,IT 서비스,IT서비스,False,False,False,False,
357230,에이치피오,KOSDAQ,음식료·담배,건강관리업체및서비스,False,False,False,False,
357550,석경에이티,KOSDAQ,화학,화학,False,False,False,False,
357580,아모센스,KOSDAQ,전기·전자,핸드셋,False,False,False,False,
357780,솔브레인,KOSDAQ,화학,반도체와반도체장비,False,False,False,False,
357880,SKAI,KOSDAQ,IT 서비스,IT서비스,False,False,False,False,
358570,지아이이노베이션,KOSDAQ,일반서비스,생물공학,False,False,False,False,
359090,씨엔알리서치,KOSDAQ,일반서비스,제약,False,False,False,False,
360070,탑머티리얼,KOSDAQ,전기·전자,전자장비와기기,False,False,False,False,
360350,코셈,KOSDAQ,의료·정밀기기,전자장비와기기,False,False,False,False,
361390,제노코,KOSDAQ,전기·전자,우주항공과국방,False,False,False,False,
361570,알비더블유,KOSDAQ,오락·문화,방송과엔터테인먼트,False,False,False,False,
361670,삼영에스앤씨,KOSDAQ,전기·전자,전자장비와기기,False,False,False,False,
362320,청담글로벌,KOSDAQ,유통,인터넷과카탈로그소매,False,False,False,False,
362990,드림인사이트,KOSDAQ,일반서비스,광고,False,False,False,False,
363250,진시스템,KOSDAQ,의료·정밀기기,건강관리장비와용품,False,False,False,False,
363260,모비데이즈,KOSDAQ,일반서비스,광고,False,False,False,False,
364950,에이아이코리아,KOSDAQ,기계·장비,전자장비와기기,False,False,False,False,
365270,큐라클,KOSDAQ,일반서비스,제약,False,False,False,False,
365330,에스와이스틸텍,KOSDAQ,금속,건축자재,False,False,False,False,
365340,성일하이텍,KOSDAQ,화학,전기제품,False,False,False,False,
365590,하이딥,KOSDAQ,전기·전자,반도체와반도체장비,False,False,False,False,
365900,브이씨,KOSDAQ,기타제조,레저용장비와제품,False,False,False,False,
366030,공구우먼,KOSDAQ,섬유·의류,"섬유,의류,신발,호화품",False,False,False,False,
367000,플래티어,KOSDAQ,IT 서비스,IT서비스,False,False,False,False,
368600,아이씨에이치,KOSDAQ,전기·전자,전자장비와기기,False,False,False,False,
368770,파이버프로,KOSDAQ,의료·정밀기기,전자장비와기기,False,False,False,False,
368970,오에스피,KOSDAQ,음식료·담배,식품,False,False,False,False,
369370,블리츠웨이엔터테인먼트,KOSDAQ,오락·문화,방송과엔터테인먼트,False,False,False,False,
370090,퓨런티어,KOSDAQ,의료·정밀기기,전자장비와기기,False,False,False,False,
371950,풍원정밀,KOSDAQ,전기·전자,디스플레이장비및부품,False,False,False,False,
372170,윤성에프앤씨,KOSDAQ,기계·장비,전자장비와기기,False,False,False,False,
372320,큐로셀,KOSDAQ,일반서비스,생물공학,False,False,False,False,
372800,아이티아이즈,KOSDAQ,IT 서비스,IT서비스,False,False,False,False,
373110,엑셀세라퓨틱스,KOSDAQ,제약,생물공학,False,False,False,False,
373160,데이원컴퍼니,KOSDAQ,일반서비스,교육서비스,False,False,False,False,
373170,엠아이큐브솔루션,KOSDAQ,IT 서비스,IT서비스,False,False,False,False,
373200,엑스플러스,KOSDAQ,기타제조,핸드셋,False,False,False,False,
376180,피코그램,KOSDAQ,기타제조,가정용기기와용품,False,False,False,False,
376270,HEM파마,KOSDAQ,일반서비스,건강관리업체및서비스,False,False,False,False,
376290,씨유테크,KOSDAQ,전기·전자,핸드셋,False,False,False,False,
376300,디어유,KOSDAQ,IT 서비스,양방향미디어와서비스,False,False,False,False,
376900,로킷헬스케어,KOSDAQ,제약,건강관리장비와용품,False,False,False,False,
376930,노을,KOSDAQ,의료·정밀기기,건강관리장비와용품,False,False,False,False,
376980,원티드랩,KOSDAQ,IT 서비스,상업서비스와공급품,False,False,False,False,
377030,비트맥스,KOSDAQ,IT 서비스,IT서비스,False,False,False,False,
377220,프롬바이오,KOSDAQ,음식료·담배,건강관리업체및서비스,False,False,False,False,
377330,이지트로닉스,KOSDAQ,전기·전자,전기제품,False,False,False,False,
377450,리파인,KOSDAQ,IT 서비스,상업서비스와공급품,False,False,False,False,
377460,큐에이드,KOSDAQ,일반서비스,상업서비스와공급품,False,False,False,False,
377480,마음AI,KOSDAQ,IT 서비스,IT서비스,False,False,False,False,
378340,필에너지,KOSDAQ,기계·장비,전기제품,False,False,False,False,
378800,샤페론,KOSDAQ,제약,제약,False,False,False,False,
380540,옵티코어,KOSDAQ,전기·전자,통신장비,False,False,False,False,
380550,뉴로핏,KOSDAQ,IT 서비스,건강관리기술,False,False,False,False,
381620,제닉스로보틱스,KOSDAQ,기계·장비,기계,False,False,False,False,
382150,온코크로스,KOSDAQ,일반서비스,생명과학도구및서비스,False,False,False,False,
382480,지아이텍,KOSDAQ,기계·장비,전기제품,False,False,False,False,
382800,지앤비에스 에코,KOSDAQ,기계·장비,반도체와반도체장비,False,False,False,False,
382840,원준,KOSDAQ,기계·장비,전기제품,False,False,False,False,
382900,범한퓨얼셀,KOSDAQ,전기·전자,전기제품,False,False,False,False,
383310,에코프로에이치엔,KOSDAQ,화학,상업서비스와공급품,False,False,False,False,
383930,디티앤씨알오,KOSDAQ,일반서비스,생명과학도구및서비스,False,False,False,False,
384470,코어라인소프트,KOSDAQ,IT 서비스,건강관리기술,False,False,False,False,
387570,파인메딕스,KOSDAQ,의료·정밀기기,건강관리장비와용품,False,False,False,False,
388050,지투파워,KOSDAQ,전기·전자,전기장비,False,False,False,False,
388210,씨엠티엑스,KOSDAQ,전기·전자,반도체와반도체장비,False,False,False,False,
388610,지에프씨생명과학,KOSDAQ,화학,생물공학,False,False,False,False,
388720,유일로보틱스,KOSDAQ,기계·장비,기계,False,False,False,False,
388790,라이콤,KOSDAQ,전기·전자,통신장비,False,False,False,False,
388870,파로스아이바이오,KOSDAQ,일반서비스,생물공학,False,False,False,False,
389020,자람테크놀로지,KOSDAQ,전기·전자,통신장비,False,False,False,False,
389030,지니너스,KOSDAQ,일반서비스,생물공학,False,False,False,False,
389140,포바이포,KOSDAQ,오락·문화,방송과엔터테인먼트,False,False,False,False,
389260,대명에너지,KOSDAQ,건설,에너지장비및서비스,False,False,False,False,
389470,인벤티지랩,KOSDAQ,일반서비스,제약,False,False,False,False,
389500,에스비비테크,KOSDAQ,기계·장비,기계,False,False,False,False,
389650,넥스트바이오메디컬,KOSDAQ,의료·정밀기기,건강관리장비와용품,False,False,False,False,
389680,유디엠텍,KOSDAQ,IT 서비스,IT서비스,False,False,False,False,
391710,코닉오토메이션,KOSDAQ,기계·장비,IT서비스,False,False,False,False,
393210,토마토시스템,KOSDAQ,IT 서비스,IT서비스,False,False,False,False,
393890,더블유씨피,KOSDAQ,전기·전자,전기제품,False,False,False,False,
393970,대진첨단소재,KOSDAQ,화학,전기제품,False,False,False,False,
394280,오픈엣지테크놀로지,KOSDAQ,IT 서비스,반도체와반도체장비,False,False,False,False,
394420,리센스메디컬,KOSDAQ,의료·정밀기기,건강관리장비와용품,False,False,False,False,
394800,쓰리빌리언,KOSDAQ,일반서비스,건강관리기술,False,False,False,False,
396270,넥스트칩,KOSDAQ,전기·전자,반도체와반도체장비,False,False,False,False,
396300,세아메카닉스,KOSDAQ,금속,전자장비와기기,False,False,False,False,
396470,워트,KOSDAQ,기계·장비,반도체와반도체장비,False,False,False,False,
397030,에이프릴바이오,KOSDAQ,일반서비스,제약,False,False,False,False,
397810,애드포러스,KOSDAQ,일반서비스,광고,False,False,False,False,
398120,에스지헬스케어,KOSDAQ,의료·정밀기기,건강관리장비와용품,False,False,False,False,
399720,가온칩스,KOSDAQ,전기·전자,반도체와반도체장비,False,False,False,False,
402030,코난테크놀로지,KOSDAQ,IT 서비스,소프트웨어,False,False,False,False,
402490,그린리소스,KOSDAQ,전기·전자,반도체와반도체장비,False,False,False,False,
403490,우듬지팜,KOSDAQ,음식료·담배,식품,False,False,False,False,
403850,더핑크퐁컴퍼니,KOSDAQ,오락·문화,방송과엔터테인먼트,False,False,False,False,
403870,HPSP,KOSDAQ,기계·장비,반도체와반도체장비,False,False,False,False,
405000,플라즈맵,KOSDAQ,의료·정밀기기,건강관리장비와용품,False,False,False,False,
405100,큐알티,KOSDAQ,일반서비스,반도체와반도체장비,False,False,False,False,
405920,나라셀라,KOSDAQ,유통,음료,False,False,False,False,
406820,뷰티스킨,KOSDAQ,화학,화장품,False,False,False,False,
407400,꿈비,KOSDAQ,기타제조,가정용기기와용품,False,False,False,False,
408470,한패스,KOSDAQ,금융,IT서비스,False,False,False,False,
408900,스튜디오미르,KOSDAQ,오락·문화,방송과엔터테인먼트,False,False,False,False,
408920,메쎄이상,KOSDAQ,일반서비스,양방향미디어와서비스,False,False,False,False,
411080,샌즈랩,KOSDAQ,IT 서비스,소프트웨어,False,False,False,False,
412350,레이저쎌,KOSDAQ,기계·장비,반도체와반도체장비,False,False,False,False,
412540,제일엠앤에스,KOSDAQ,기계·장비,전기제품,False,False,False,False,
413390,엠오티,KOSDAQ,기계·장비,전기제품,False,False,False,False,
413630,씨피시스템,KOSDAQ,화학,기계,False,False,False,False,
413640,비아이매트릭스,KOSDAQ,IT 서비스,IT서비스,False,False,False,False,
415380,스튜디오삼익,KOSDAQ,유통,가구,False,False,False,False,
416180,신성에스티,KOSDAQ,운송장비·부품,전기제품,False,False,False,False,
417010,나노팀,KOSDAQ,기계·장비,전자장비와기기,False,False,False,False,
417180,핑거스토리,KOSDAQ,IT 서비스,양방향미디어와서비스,False,False,False,False,
417200,LS머트리얼즈,KOSDAQ,전기·전자,전기제품,False,False,False,False,
417500,제이아이테크,KOSDAQ,화학,반도체와반도체장비,False,False,False,False,
417790,트루엔,KOSDAQ,전기·전자,전자장비와기기,False,False,False,False,
417840,저스템,KOSDAQ,기계·장비,반도체와반도체장비,False,False,False,False,
417860,오브젠,KOSDAQ,IT 서비스,소프트웨어,False,False,False,False,
417970,모델솔루션,KOSDAQ,기계·장비,기계,False,False,False,False,
418250,시큐레터,KOSDAQ,IT 서비스,소프트웨어,False,False,False,False,
418420,라온텍,KOSDAQ,전기·전자,반도체와반도체장비,False,False,False,False,
418470,KT밀리의서재,KOSDAQ,IT 서비스,출판,False,False,False,False,
418550,제이오,KOSDAQ,일반서비스,건설,False,False,False,False,
418620,E8,KOSDAQ,IT 서비스,소프트웨어,False,False,False,False,
419050,삼기에너지솔루션즈,KOSDAQ,운송장비·부품,자동차부품,False,False,False,False,
419080,엔젯,KOSDAQ,기계·장비,디스플레이장비및부품,False,False,False,False,
419120,산돌,KOSDAQ,IT 서비스,소프트웨어,False,False,False,False,
419530,SAMG엔터,KOSDAQ,오락·문화,방송과엔터테인먼트,False,False,False,False,
419540,비스토스,KOSDAQ,의료·정밀기기,건강관리장비와용품,False,False,False,False,
420570,제이투케이바이오,KOSDAQ,화학,화장품,False,False,False,False,
420770,기가비스,KOSDAQ,기계·장비,반도체와반도체장비,False,False,False,False,
424760,벨로크,KOSDAQ,IT 서비스,IT서비스,False,False,False,False,
424870,이뮨온시아,KOSDAQ,일반서비스,제약,False,False,False,False,
424960,스마트레이더시스템,KOSDAQ,의료·정밀기기,자동차부품,False,False,False,False,
424980,마이크로투나노,KOSDAQ,전기·전자,반도체와반도체장비,False,False,False,False,
425040,티이엠씨,KOSDAQ,화학,반도체와반도체장비,False,False,False,False,
425420,티에프이,KOSDAQ,전기·전자,반도체와반도체장비,False,False,False,False,
429270,시지트로닉스,KOSDAQ,전기·전자,반도체와반도체장비,False,False,False,False,
430690,한싹,KOSDAQ,IT 서비스,소프트웨어,False,False,False,False,
431190,케이쓰리아이,KOSDAQ,IT 서비스,IT서비스,False,False,False,False,
432430,와이랩,KOSDAQ,오락·문화,출판,False,False,False,False,
432470,케이엔에스,KOSDAQ,기계·장비,전기제품,False,False,False,False,
432720,퀄리타스반도체,KOSDAQ,전기·전자,반도체와반도체장비,False,False,False,False,
432980,엠에프씨,KOSDAQ,제약,제약,False,False,False,False,
434480,모니터랩,KOSDAQ,IT 서비스,소프트웨어,False,False,False,False,
435570,에르코스,KOSDAQ,음식료·담배,식품,False,False,False,False,
437730,삼현,KOSDAQ,운송장비·부품,자동차부품,False,False,False,False,
438700,버넥트,KOSDAQ,IT 서비스,소프트웨어,False,False,False,False,
439090,마녀공장,KOSDAQ,화학,화장품,False,False,False,False,
439580,블루엠텍,KOSDAQ,유통,건강관리업체및서비스,False,False,False,False,
440110,파두,KOSDAQ,전기·전자,반도체와반도체장비,False,False,False,False,
440290,HB인베스트먼트,KOSDAQ,금융,창업투자,False,False,False,False,
440320,오픈놀,KOSDAQ,IT 서비스,상업서비스와공급품,False,False,False,False,
441270,파인엠텍,KOSDAQ,전기·전자,핸드셋,False,False,False,False,
443250,레뷰코퍼레이션,KOSDAQ,일반서비스,양방향미디어와서비스,False,False,False,False,
443670,에스피소프트,KOSDAQ,IT 서비스,IT서비스,False,False,False,False,
444530,심플랫폼,KOSDAQ,IT 서비스,IT서비스,False,False,False,False,
445090,에이직랜드,KOSDAQ,전기·전자,반도체와반도체장비,False,False,False,False,
445180,퓨릿,KOSDAQ,화학,반도체와반도체장비,False,False,False,False,
445680,큐리옥스바이오시스템즈,KOSDAQ,의료·정밀기기,생명과학도구및서비스,False,False,False,False,
446540,메가터치,KOSDAQ,전기·전자,전자장비와기기,False,False,False,False,
446840,지슨,KOSDAQ,의료·정밀기기,소프트웨어,False,False,False,False,
448280,에코아이,KOSDAQ,일반서비스,상업서비스와공급품,False,False,False,False,
448710,코츠테크놀로지,KOSDAQ,전기·전자,우주항공과국방,False,False,False,False,
448900,한국피아이엠,KOSDAQ,운송장비·부품,자동차부품,False,False,False,False,
450330,하스,KOSDAQ,제약,건강관리장비와용품,False,False,False,False,
450520,인스웨이브,KOSDAQ,IT 서비스,소프트웨어,False,False,False,False,
450950,아스테라시스,KOSDAQ,의료·정밀기기,건강관리장비와용품,False,False,False,False,
451220,아이엠티,KOSDAQ,기계·장비,반도체와반도체장비,False,False,False,False,
451250,삐아,KOSDAQ,화학,화장품,False,False,False,False,
451700,엔에이치스팩29호,KOSDAQ,금융,창업투자,True,False,False,False,
451760,컨텍,KOSDAQ,IT 서비스,우주항공과국방,False,False,False,False,
452160,제이엔비,KOSDAQ,기계·장비,반도체와반도체장비,False,False,False,False,
452190,한빛레이저,KOSDAQ,기계·장비,전기제품,False,False,False,False,
452200,민테크,KOSDAQ,의료·정밀기기,전기제품,False,False,False,False,
452280,한선엔지니어링,KOSDAQ,금속,기계,False,False,False,False,
452300,캡스톤파트너스,KOSDAQ,금융,창업투자,False,False,False,False,
452400,이닉스,KOSDAQ,운송장비·부품,전기제품,False,False,False,False,
452430,사피엔반도체,KOSDAQ,전기·전자,반도체와반도체장비,False,False,False,False,
452450,피아이이,KOSDAQ,기계·장비,IT서비스,False,False,False,False,
452980,신한제11호스팩,KOSDAQ,금융,,True,False,False,False,
453450,그리드위즈,KOSDAQ,일반서비스,전기유틸리티,False,False,False,True,비율없음(tier1·2)
453860,에이에스텍,KOSDAQ,화학,화장품,False,False,False,False,
455180,케이지에이,KOSDAQ,기계·장비,전자장비와기기,False,False,False,False,
455900,엔젤로보틱스,KOSDAQ,기계·장비,건강관리장비와용품,False,False,False,False,
456010,아이씨티케이,KOSDAQ,전기·전자,통신장비,False,False,False,False,
456070,이엔셀,KOSDAQ,제약,제약,False,False,False,False,
456160,지투지바이오,KOSDAQ,제약,제약,False,False,False,False,
457370,한켐,KOSDAQ,화학,디스플레이장비및부품,False,False,False,False,
457550,우진엔텍,KOSDAQ,일반서비스,에너지장비및서비스,False,False,False,False,
457600,벡트,KOSDAQ,전기·전자,교육서비스,False,False,False,False,
458350,에스팀,KOSDAQ,일반서비스,광고,False,False,False,False,
458650,성우,KOSDAQ,전기·전자,전기제품,False,False,False,False,
458870,씨어스,KOSDAQ,의료·정밀기기,건강관리기술,False,False,False,False,
459100,위츠,KOSDAQ,전기·전자,핸드셋,False,False,False,False,
459510,나우로보틱스,KOSDAQ,기계·장비,기계,False,False,False,False,
459550,알트,KOSDAQ,전기·전자,핸드셋,False,False,False,False,
460470,아이빔테크놀로지,KOSDAQ,의료·정밀기기,생명과학도구및서비스,False,False,False,False,
460870,에스엠씨지,KOSDAQ,비금속,포장재,False,False,False,False,
460930,현대힘스,KOSDAQ,운송장비·부품,조선,False,False,False,False,
460940,피앤에스로보틱스,KOSDAQ,의료·정밀기기,건강관리장비와용품,False,False,False,False,
461030,아이엠비디엑스,KOSDAQ,일반서비스,생명과학도구및서비스,False,False,False,False,
461300,아이스크림미디어,KOSDAQ,IT 서비스,교육서비스,False,False,False,False,
462020,에이치엠씨제6호스팩,KOSDAQ,금융,창업투자,True,False,False,False,
462310,뉴키즈온,KOSDAQ,섬유·의류,"섬유,의류,신발,호화품",False,False,False,False,
462350,이노스페이스,KOSDAQ,운송장비·부품,우주항공과국방,False,False,False,False,
462510,라메디텍,KOSDAQ,의료·정밀기기,건강관리장비와용품,False,False,False,False,
462860,더즌,KOSDAQ,통신,IT서비스,False,False,False,False,
462980,아이지넷,KOSDAQ,IT 서비스,생명보험,False,False,False,False,
463020,뉴엔AI,KOSDAQ,IT 서비스,IT서비스,False,False,False,False,
463480,모티브링크,KOSDAQ,전기·전자,자동차부품,False,False,False,False,
464080,에스오에스랩,KOSDAQ,의료·정밀기기,전자장비와기기,False,False,False,False,
464280,티디에스팜,KOSDAQ,제약,제약,False,False,False,False,
464440,한국제13호스팩,KOSDAQ,금융,창업투자,True,False,False,False,
464490,쿼드메디슨,KOSDAQ,제약,생물공학,False,False,False,False,
464500,아이언디바이스,KOSDAQ,전기·전자,반도체와반도체장비,False,False,False,False,
464580,닷밀,KOSDAQ,오락·문화,방송과엔터테인먼트,False,False,False,False,
464680,KB제27호스팩,KOSDAQ,금융,창업투자,True,False,False,False,
465320,교보15호스팩,KOSDAQ,금융,창업투자,True,False,False,False,
465480,인스피언,KOSDAQ,IT 서비스,IT서비스,False,False,False,False,
466100,클로봇,KOSDAQ,IT 서비스,기계,False,False,False,False,
466410,사이냅소프트,KOSDAQ,IT 서비스,소프트웨어,False,False,False,False,
466690,키움히어로제1호스팩,KOSDAQ,금융,창업투자,True,False,False,False,
466910,엔에이치스팩30호,KOSDAQ,금융,창업투자,True,False,False,False,
467930,IBKS제23호스팩,KOSDAQ,금융,창업투자,True,False,False,False,
468530,프로티나,KOSDAQ,일반서비스,생물공학,False,False,False,False,
468760,유진스팩10호,KOSDAQ,금융,창업투자,True,False,False,False,
469480,IBKS제24호스팩,KOSDAQ,금융,창업투자,True,False,False,False,
469610,이노테크,KOSDAQ,기계·장비,디스플레이장비및부품,False,False,False,False,
469750,아이비젼웍스,KOSDAQ,기계·장비,전기제품,False,False,False,False,
469880,하나30호스팩,KOSDAQ,금융,창업투자,True,False,False,False,
469900,하나31호스팩,KOSDAQ,금융,창업투자,True,False,False,False,
471050,대신밸런스제17호스팩,KOSDAQ,금융,창업투자,True,False,False,False,
471820,셀로맥스사이언스,KOSDAQ,음식료·담배,제약,False,False,False,False,
472220,신영스팩10호,KOSDAQ,금융,창업투자,True,False,False,False,
472230,에스케이증권제11호스팩,KOSDAQ,금융,창업투자,True,False,False,False,
472850,폰드그룹,KOSDAQ,유통,"섬유,의류,신발,호화품",False,False,False,False,
473000,에스케이증권제12호스팩,KOSDAQ,금융,창업투자,True,False,False,False,
473050,유안타제15호스팩,KOSDAQ,금융,창업투자,True,False,False,False,
473950,에스케이증권제13호스팩,KOSDAQ,금융,창업투자,True,False,False,False,
473980,노머스,KOSDAQ,오락·문화,방송과엔터테인먼트,False,False,False,False,
474170,루미르,KOSDAQ,운송장비·부품,우주항공과국방,False,False,False,False,
474490,유안타제16호스팩,KOSDAQ,금융,창업투자,True,False,False,False,
474610,RF시스템즈,KOSDAQ,금속,우주항공과국방,False,False,False,False,
474650,링크솔루션,KOSDAQ,기계·장비,기계,False,False,False,False,
474660,신한제12호스팩,KOSDAQ,금융,창업투자,True,False,False,False,
474930,신한제13호스팩,KOSDAQ,금융,창업투자,True,False,False,False,
475230,엔알비,KOSDAQ,금속,건설,False,False,False,False,
475240,하나32호스팩,KOSDAQ,금융,창업투자,True,False,False,False,
475250,하나33호스팩,KOSDAQ,금융,창업투자,True,False,False,False,
475400,씨메스로보틱스,KOSDAQ,기계·장비,기계,False,False,False,False,
475430,키스트론,KOSDAQ,전기·전자,전기장비,False,False,False,False,
475460,미트박스,KOSDAQ,IT 서비스,인터넷과카탈로그소매,False,False,False,False,
475580,에이럭스,KOSDAQ,기타제조,교육서비스,False,False,False,False,
475660,에스켐,KOSDAQ,화학,디스플레이장비및부품,False,False,False,False,
475830,오름테라퓨틱,KOSDAQ,제약,제약,False,False,False,False,
475960,토모큐브,KOSDAQ,의료·정밀기기,생명과학도구및서비스,False,False,False,False,
476040,오가노이드사이언스,KOSDAQ,일반서비스,생물공학,False,False,False,False,
476060,온코닉테라퓨틱스,KOSDAQ,일반서비스,제약,False,False,False,False,
476080,M83,KOSDAQ,오락·문화,방송과엔터테인먼트,False,False,False,False,
476830,알지노믹스,KOSDAQ,일반서비스,생물공학,False,False,False,False,
477340,에이치엠씨제7호스팩,KOSDAQ,금융,창업투자,True,False,False,False,
477380,미래에셋비전스팩4호,KOSDAQ,금융,창업투자,True,False,False,False,
477470,미래에셋비전스팩5호,KOSDAQ,금융,창업투자,True,False,False,False,
477760,DB금융스팩12호,KOSDAQ,금융,창업투자,True,False,False,False,
478110,이베스트스팩6호,KOSDAQ,금융,창업투자,True,False,False,False,
478340,나라스페이스테크놀로지,KOSDAQ,운송장비·부품,우주항공과국방,False,False,False,False,
478390,KB제29호스팩,KOSDAQ,금융,창업투자,True,False,False,False,
478440,미래에셋비전스팩6호,KOSDAQ,금융,창업투자,True,False,False,False,
478560,블랙야크아이앤씨,KOSDAQ,섬유·의류,"섬유,의류,신발,호화품",False,False,False,False,
479880,한국제15호스팩,KOSDAQ,금융,창업투자,True,False,False,False,
479960,위너스일렉,KOSDAQ,전기·전자,전기장비,False,False,False,False,
481070,에이유브랜즈,KOSDAQ,유통,"섬유,의류,신발,호화품",False,False,False,False,
481890,엔에이치스팩31호,KOSDAQ,금융,창업투자,True,False,False,False,
482520,교보16호스팩,KOSDAQ,금융,창업투자,True,False,False,False,
482630,삼양엔씨켐,KOSDAQ,화학,반도체와반도체장비,False,False,False,False,
482680,미래에셋비전스팩7호,KOSDAQ,금융,창업투자,True,False,False,False,
482690,대신밸런스제19호스팩,KOSDAQ,금융,창업투자,True,False,False,False,
484120,도우인시스,KOSDAQ,전기·전자,디스플레이장비및부품,False,False,False,False,
484130,하나34호스팩,KOSDAQ,금융,창업투자,True,False,False,False,
484590,삼양컴텍,KOSDAQ,금속,우주항공과국방,False,False,False,False,
484810,티엑스알로보틱스,KOSDAQ,기계·장비,기계,False,False,False,False,
486630,KB제30호스팩,KOSDAQ,금융,창업투자,True,False,False,False,
486990,노타,KOSDAQ,IT 서비스,IT서비스,False,False,False,False,
487360,신한제14호스팩,KOSDAQ,금융,창업투자,True,False,False,False,
487720,키움제10호스팩,KOSDAQ,금융,창업투자,True,False,False,False,
487830,신한제15호스팩,KOSDAQ,금융,창업투자,True,False,False,False,
488060,유진스팩11호,KOSDAQ,금융,창업투자,True,False,False,False,
488280,에스투더블유,KOSDAQ,IT 서비스,IT서비스,False,False,False,False,
488900,비츠로넥스텍,KOSDAQ,운송장비·부품,우주항공과국방,False,False,False,False,
489210,교보17호스팩,KOSDAQ,금융,창업투자,True,False,False,False,
489460,바이오비쥬,KOSDAQ,화학,화장품,False,False,False,False,
489480,키움제11호스팩,KOSDAQ,금융,창업투자,True,False,False,False,
489500,엘케이켐,KOSDAQ,화학,반도체와반도체장비,False,False,False,False,
489730,디비금융제13호스팩,KOSDAQ,금융,창업투자,True,False,False,False,
490470,세미파이브,KOSDAQ,일반서비스,반도체와반도체장비,False,False,False,False,
491000,리브스메드,KOSDAQ,의료·정밀기기,건강관리장비와용품,False,False,False,False,
492220,KB제31호스팩,KOSDAQ,금융,창업투자,True,False,False,False,
493280,아이엠바이오로직스,KOSDAQ,일반서비스,제약,False,False,False,False,
493330,지에프아이,KOSDAQ,기계·장비,전자장비와기기,False,False,False,False,
493790,유안타제17호스팩,KOSDAQ,금융,창업투자,True,False,False,False,
494120,큐리오시스,KOSDAQ,의료·정밀기기,생명과학도구및서비스,False,False,False,False,
496070,신한제16호스팩,KOSDAQ,금융,창업투자,True,False,False,False,
498390,한화플러스제5호스팩,KOSDAQ,금융,창업투자,True,False,False,False,
900070,글로벌에스엠,KOSDAQ,금융,자동차부품,False,False,False,False,
900100,애머릿지,KOSDAQ,유통,"섬유,의류,신발,호화품",False,False,False,False,
900110,이스트아시아홀딩스,KOSDAQ,금융,"섬유,의류,신발,호화품",False,False,False,False,
900120,씨엑스아이,KOSDAQ,금융,제약,False,False,False,False,
900250,크리스탈신소재,KOSDAQ,금융,비철금속,False,False,False,False,
900260,로스웰,KOSDAQ,금융,통신장비,False,False,False,False,
900270,헝셩그룹,KOSDAQ,금융,레저용장비와제품,False,False,False,False,
900290,GRT,KOSDAQ,금융,화학,False,False,False,False,
900300,오가닉티코스메틱,KOSDAQ,금융,화장품,False,False,False,False,
900310,컬러레이,KOSDAQ,금융,화장품,False,False,False,False,
900340,윙입푸드,KOSDAQ,금융,식품,False,False,False,False,
950130,엑세스바이오,KOSDAQ,제약,생명과학도구및서비스,False,False,False,False,
950140,잉글우드랩,KOSDAQ,화학,화장품,False,False,False,False,
950160,코오롱티슈진,KOSDAQ,제약,생물공학,False,False,False,False,
950170,JTC,KOSDAQ,유통,백화점과일반상점,False,False,False,False,
950190,고스트스튜디오,KOSDAQ,IT 서비스,게임엔터테인먼트,False,False,False,False,
950200,소마젠,KOSDAQ,일반서비스,생명과학도구및서비스,False,False,False,True,비율단일값(합계만)
950220,네오이뮨텍,KOSDAQ,일반서비스,제약,False,False,False,False,
950250,테라뷰,KOSDAQ,금융,반도체와반도체장비,False,False,False,False,
000020,동화약품,KOSPI,제약,제약,False,False,False,False,
000040,KR모터스,KOSPI,운송장비·부품,자동차,False,False,False,False,
000050,경방,KOSPI,유통,"섬유,의류,신발,호화품",False,False,False,False,
000070,삼양홀딩스,KOSPI,기타금융,화학,False,False,False,False,
000080,하이트진로,KOSPI,음식료·담배,음료,False,False,False,False,
000087,하이트진로2우B,KOSPI,음식료·담배,음료,False,True,False,False,
000100,유한양행,KOSPI,제약,제약,False,False,False,False,
000105,유한양행우,KOSPI,제약,제약,False,True,False,False,
000120,CJ대한통운,KOSPI,운송·창고,항공화물운송과물류,False,False,False,False,
000140,하이트진로홀딩스,KOSPI,기타금융,음료,False,False,False,False,
000145,하이트진로홀딩스우,KOSPI,기타금융,음료,False,True,False,False,
000150,두산,KOSPI,전기·전자,복합기업,False,False,False,False,
000155,두산우,KOSPI,전기·전자,복합기업,False,True,False,False,
000157,두산2우B,KOSPI,전기·전자,복합기업,False,True,False,False,
000180,성창기업지주,KOSPI,일반서비스,종이와목재,False,False,False,False,
000210,DL,KOSPI,화학,화학,False,False,False,False,
000215,DL우,KOSPI,화학,화학,False,True,False,False,
000220,유유제약,KOSPI,제약,제약,False,False,False,False,
000225,유유제약1우,KOSPI,제약,제약,False,True,False,False,
000227,유유제약2우B,KOSPI,제약,제약,False,True,False,False,
000230,일동홀딩스,KOSPI,제약,제약,False,False,False,False,
000240,한국앤컴퍼니,KOSPI,기타금융,자동차부품,False,False,False,False,
000270,기아,KOSPI,운송장비·부품,자동차,False,False,False,False,
000300,DH오토넥스,KOSPI,운송장비·부품,자동차부품,False,False,False,False,
000320,노루홀딩스,KOSPI,기타금융,건축자재,False,False,False,False,
000325,노루홀딩스우,KOSPI,기타금융,건축자재,False,True,False,False,
000370,한화손해보험,KOSPI,보험,손해보험,False,False,False,False,
000390,SP삼화,KOSPI,화학,건축자재,False,False,False,False,
000400,롯데손해보험,KOSPI,보험,손해보험,False,False,False,False,
000430,대원강업,KOSPI,운송장비·부품,자동차부품,False,False,False,False,
000480,CR홀딩스,KOSPI,비금속,비철금속,False,False,False,False,
000490,대동,KOSPI,기계·장비,기계,False,False,False,False,
000500,가온전선,KOSPI,전기·전자,전기장비,False,False,False,False,
000520,삼일제약,KOSPI,제약,제약,False,False,False,False,
000540,흥국화재,KOSPI,보험,손해보험,False,False,False,False,
000545,흥국화재우,KOSPI,보험,손해보험,False,True,False,False,
000590,CS홀딩스,KOSPI,기타금융,철강,False,False,False,False,
000640,동아쏘시오홀딩스,KOSPI,기타금융,제약,False,False,False,False,
000650,천일고속,KOSPI,운송·창고,도로와철도운송,False,False,False,False,
000660,SK하이닉스,KOSPI,전기·전자,반도체와반도체장비,False,False,False,False,
000670,영풍,KOSPI,금속,핸드셋,False,False,False,False,
000680,LS네트웍스,KOSPI,유통,증권,False,False,True,True,멀티섹터
000700,유수홀딩스,KOSPI,일반서비스,항공화물운송과물류,False,False,False,False,
000720,현대건설,KOSPI,건설,건설,False,False,False,False,
000725,현대건설우,KOSPI,건설,건설,False,True,False,False,
000760,이화산업,KOSPI,유통,화학,False,False,False,False,
000810,삼성화재,KOSPI,보험,손해보험,False,False,False,False,
000815,삼성화재우,KOSPI,보험,손해보험,False,True,False,False,
000850,화천기공,KOSPI,기계·장비,기계,False,False,False,False,
000860,강남제비스코,KOSPI,화학,건축자재,False,False,False,False,
000880,한화,KOSPI,화학,복합기업,False,False,True,False,
00088K,한화3우B,KOSPI,화학,복합기업,False,True,False,False,
000890,보해양조,KOSPI,음식료·담배,음료,False,False,False,False,
000910,유니온,KOSPI,비금속,건축자재,False,False,False,False,
000950,전방,KOSPI,섬유·의류,"섬유,의류,신발,호화품",False,False,False,False,
000970,한국주철관,KOSPI,금속,철강,False,False,False,False,
000990,DB하이텍,KOSPI,전기·전자,반도체와반도체장비,False,False,False,False,
001020,페이퍼코리아,KOSPI,종이·목재,종이와목재,False,False,False,False,
001040,CJ,KOSPI,기타금융,복합기업,False,False,False,False,
001045,CJ우,KOSPI,기타금융,복합기업,False,True,False,False,
00104K,CJ4우(전환),KOSPI,기타금융,복합기업,False,False,False,False,
001060,JW중외제약,KOSPI,제약,제약,False,False,False,False,
001065,JW중외제약우,KOSPI,제약,제약,False,True,False,False,
001067,JW중외제약2우B,KOSPI,제약,제약,False,True,False,False,
001070,대한방직,KOSPI,섬유·의류,"섬유,의류,신발,호화품",False,False,False,False,
001080,만호제강,KOSPI,금속,철강,False,False,False,False,
001120,LX인터내셔널,KOSPI,유통,무역회사와판매업체,False,False,False,False,
001130,대한제분,KOSPI,음식료·담배,식품,False,False,False,False,
001200,유진투자증권,KOSPI,증권,증권,False,False,False,False,
001210,금호전기,KOSPI,전기·전자,디스플레이장비및부품,False,False,False,False,
001230,동국홀딩스,KOSPI,기타금융,철강,False,False,False,False,
001250,GS글로벌,KOSPI,유통,무역회사와판매업체,False,False,False,False,
001260,남광토건,KOSPI,건설,건설,False,False,False,False,
001270,부국증권,KOSPI,증권,증권,False,False,False,False,
001275,부국증권우,KOSPI,증권,증권,False,True,False,False,
001290,상상인증권,KOSPI,증권,증권,False,False,False,False,
001340,PKC,KOSPI,화학,화학,False,False,False,False,
001360,삼성제약,KOSPI,제약,제약,False,False,False,False,
001380,SG글로벌,KOSPI,운송장비·부품,자동차부품,False,False,False,False,
001390,KG케미칼,KOSPI,화학,자동차,False,False,True,False,
001420,태원물산,KOSPI,운송장비·부품,자동차부품,False,False,False,False,
001430,세아베스틸지주,KOSPI,금속,철강,False,False,False,False,
001440,대한전선,KOSPI,전기·전자,전기장비,False,False,False,False,
001450,현대해상,KOSPI,보험,손해보험,False,False,False,False,
001460,BYC,KOSPI,섬유·의류,"섬유,의류,신발,호화품",False,False,False,False,
001465,BYC우,KOSPI,섬유·의류,"섬유,의류,신발,호화품",False,True,False,False,
001470,삼부토건,KOSPI,건설,건설,False,False,False,False,
001500,현대차증권,KOSPI,증권,증권,False,False,False,False,
001510,SK증권,KOSPI,증권,증권,False,False,False,False,
001515,SK증권우,KOSPI,증권,증권,False,True,False,False,
001520,동양,KOSPI,비금속,건축자재,False,False,False,False,
001525,동양우,KOSPI,비금속,건축자재,False,True,False,False,
001527,동양2우B,KOSPI,비금속,건축자재,False,True,False,False,
001530,DI동일,KOSPI,유통,"섬유,의류,신발,호화품",False,False,False,False,
001550,조비,KOSPI,화학,화학,False,False,False,False,
001560,제일연마,KOSPI,비금속,비철금속,False,False,False,False,
001570,금양,KOSPI,화학,화학,False,False,False,False,
001620,케이비아이동국실업,KOSPI,운송장비·부품,자동차부품,False,False,False,False,
001630,종근당홀딩스,KOSPI,제약,제약,False,False,False,False,
001680,대상,KOSPI,음식료·담배,식품,False,False,False,False,
001685,대상우,KOSPI,음식료·담배,식품,False,True,False,False,
001720,신영증권,KOSPI,증권,증권,False,False,False,False,
001740,SK네트웍스,KOSPI,유통,복합기업,False,False,False,False,
001750,한양증권,KOSPI,증권,증권,False,False,False,False,
001755,한양증권우,KOSPI,증권,증권,False,True,False,False,
001770,SHD,KOSPI,금속,철강,False,False,False,False,
001780,알루코,KOSPI,금속,비철금속,False,False,False,False,
001790,대한제당,KOSPI,음식료·담배,식품,False,False,False,False,
001795,대한제당우,KOSPI,음식료·담배,식품,False,True,False,False,
001800,오리온홀딩스,KOSPI,기타금융,식품,False,False,False,False,
001820,삼화콘덴서,KOSPI,전기·전자,전기제품,False,False,False,False,
001940,KISCO홀딩스,KOSPI,금속,철강,False,False,False,False,
002020,코오롱,KOSPI,기타금융,복합기업,False,False,False,False,
002025,코오롱우,KOSPI,기타금융,복합기업,False,True,False,False,
002030,아세아,KOSPI,일반서비스,건축자재,False,False,False,False,
002070,비비안,KOSPI,섬유·의류,"섬유,의류,신발,호화품",False,False,False,False,
002100,경농,KOSPI,화학,화학,False,False,False,False,
002140,고려산업,KOSPI,음식료·담배,식품,False,False,False,False,
002150,도화엔지니어링,KOSPI,일반서비스,건설,False,False,False,False,
002170,SYTS,KOSPI,섬유·의류,"섬유,의류,신발,호화품",False,False,False,False,
002200,한국수출포장,KOSPI,종이·목재,포장재,False,False,False,False,
002210,동성제약,KOSPI,제약,제약,False,False,False,False,
002220,한일철강,KOSPI,금속,철강,False,False,False,False,
002240,고려제강,KOSPI,금속,철강,False,False,False,False,
002310,아세아제지,KOSPI,종이·목재,포장재,False,False,False,False,
002320,한진,KOSPI,운송·창고,항공화물운송과물류,False,False,False,False,
002350,넥센타이어,KOSPI,화학,자동차부품,False,False,False,False,
002355,넥센타이어1우B,KOSPI,화학,자동차부품,False,True,False,False,
002360,SH에너지화학,KOSPI,화학,화학,False,False,False,False,
002380,KCC,KOSPI,화학,건축자재,False,False,False,False,
002390,한독,KOSPI,제약,제약,False,False,False,False,
002410,범양건영,KOSPI,건설,건설,False,False,False,False,
002420,세기상사,KOSPI,유통,전문소매,False,False,False,False,
002450,삼익악기,KOSPI,기타제조,레저용장비와제품,False,False,False,False,
002460,HS화성,KOSPI,건설,건설,False,False,False,False,
002600,조흥,KOSPI,음식료·담배,식품,False,False,False,False,
002620,제일파마홀딩스,KOSPI,일반서비스,제약,False,False,False,False,
002630,오리엔트바이오,KOSPI,제약,생물공학,False,False,False,False,
002690,동일제강,KOSPI,금속,철강,False,False,False,False,
002700,신일전자,KOSPI,유통,가정용기기와용품,False,False,False,False,
002710,TCC스틸,KOSPI,금속,철강,False,False,False,False,
002720,국제약품,KOSPI,제약,제약,False,False,False,False,
002760,보락,KOSPI,화학,식품,False,False,False,False,
002780,진흥기업,KOSPI,건설,건설,False,False,False,False,
002785,진흥기업우B,KOSPI,건설,건설,False,True,False,False,
002787,진흥기업2우B,KOSPI,건설,건설,False,True,False,False,
002790,아모레퍼시픽홀딩스,KOSPI,화학,화장품,False,False,False,False,
002795,아모레퍼시픽홀딩스우,KOSPI,화학,화장품,False,True,False,False,
00279K,아모레퍼시픽홀딩스3우C,KOSPI,화학,화장품,False,False,False,False,
002810,삼영무역,KOSPI,유통,화학,False,False,False,False,
002820,SUN&L,KOSPI,화학,종이와목재,False,False,False,False,
002840,미원상사,KOSPI,화학,화학,False,False,False,False,
002870,신풍,KOSPI,유통,포장재,False,False,False,False,
002880,디와이에이,KOSPI,운송장비·부품,자동차부품,False,False,False,False,
002900,TYM,KOSPI,기계·장비,기계,False,False,False,False,
002920,유성기업,KOSPI,운송장비·부품,자동차부품,False,False,False,False,
002960,한국쉘석유,KOSPI,화학,화학,False,False,False,False,
002990,금호건설,KOSPI,건설,건설,False,False,False,False,
002995,금호건설우,KOSPI,건설,건설,False,True,False,False,
003000,부광약품,KOSPI,제약,제약,False,False,False,False,
003010,혜인,KOSPI,유통,기계,False,False,False,False,
003030,세아제강지주,KOSPI,기타금융,철강,False,False,False,False,
003060,에이프로젠바이오로직스,KOSPI,제약,제약,False,False,False,False,
003070,코오롱글로벌,KOSPI,건설,건설,False,False,False,False,
003075,코오롱글로벌우,KOSPI,건설,건설,False,True,False,False,
003080,SB성보,KOSPI,화학,화학,False,False,False,False,
003090,대웅,KOSPI,제약,제약,False,False,False,False,
0030R0,대신밸류리츠,KOSPI,기타금융,부동산,False,False,False,False,
003120,일성아이에스,KOSPI,제약,제약,False,False,False,False,
003160,디아이,KOSPI,의료·정밀기기,반도체와반도체장비,False,False,False,False,
003200,일신방직,KOSPI,섬유·의류,"섬유,의류,신발,호화품",False,False,False,False,
003220,대원제약,KOSPI,제약,제약,False,False,False,False,
003230,삼양식품,KOSPI,음식료·담배,식품,False,False,False,False,
003240,태광산업,KOSPI,화학,화학,False,False,False,False,
003280,흥아해운,KOSPI,운송·창고,해운사,False,False,False,False,
003300,한일홀딩스,KOSPI,비금속,건축자재,False,False,False,False,
003350,한국화장품제조,KOSPI,화학,화장품,False,False,False,False,
003460,유화증권,KOSPI,증권,증권,False,False,False,False,
003465,유화증권우,KOSPI,증권,증권,False,True,False,False,
003470,유안타증권,KOSPI,증권,증권,False,False,False,False,
003475,유안타증권우,KOSPI,증권,증권,False,True,False,False,
003480,한진중공업홀딩스,KOSPI,전기·가스,가스유틸리티,False,False,False,False,
003490,대한항공,KOSPI,운송·창고,항공사,False,False,False,False,
003495,대한항공우,KOSPI,운송·창고,항공사,False,True,False,False,
003520,영진약품,KOSPI,제약,제약,False,False,False,False,
003530,한화투자증권,KOSPI,증권,증권,False,False,False,False,
003535,한화투자증권우,KOSPI,증권,증권,False,True,False,False,
003540,대신증권,KOSPI,증권,증권,False,False,False,False,
003545,대신증권우,KOSPI,증권,증권,False,True,False,False,
003547,대신증권2우B,KOSPI,증권,증권,False,True,False,False,
003550,LG,KOSPI,기타금융,복합기업,False,False,False,False,
003555,LG우,KOSPI,기타금융,복합기업,False,True,False,False,
003570,SNT다이내믹스,KOSPI,운송장비·부품,자동차부품,False,False,False,False,
003580,HLB글로벌,KOSPI,유통,판매업체,False,False,False,False,
003610,방림,KOSPI,섬유·의류,"섬유,의류,신발,호화품",False,False,False,False,
003620,KG모빌리티,KOSPI,운송장비·부품,자동차,False,False,False,False,
003650,미창석유,KOSPI,화학,화학,False,False,False,False,
003670,포스코퓨처엠,KOSPI,전기·전자,화학,False,False,False,False,
003680,한성기업,KOSPI,음식료·담배,식품,False,False,False,False,
003690,코리안리,KOSPI,보험,손해보험,False,False,False,False,
003720,삼영,KOSPI,화학,화학,False,False,False,False,
003780,진양산업,KOSPI,화학,화학,False,False,False,False,
003830,대한화섬,KOSPI,화학,화학,False,False,False,False,
003850,보령,KOSPI,제약,제약,False,False,False,False,
003920,남양유업,KOSPI,음식료·담배,식품,False,False,False,False,
003925,남양유업우,KOSPI,음식료·담배,식품,False,True,False,False,
003960,사조대림,KOSPI,음식료·담배,식품,False,False,False,False,
004000,롯데정밀화학,KOSPI,화학,화학,False,False,False,False,
004020,현대제철,KOSPI,금속,철강,False,False,False,False,
004060,SG세계물산,KOSPI,유통,"섬유,의류,신발,호화품",False,False,False,False,
004080,신흥,KOSPI,유통,건강관리장비와용품,False,False,False,False,
004090,한국석유,KOSPI,비금속,화학,False,False,False,False,
004100,태양금속,KOSPI,운송장비·부품,자동차부품,False,False,False,False,
004105,태양금속우,KOSPI,운송장비·부품,자동차부품,False,True,False,False,
004140,동방,KOSPI,운송·창고,항공화물운송과물류,False,False,False,False,
004150,한솔홀딩스,KOSPI,기타금융,복합기업,False,False,False,False,
004170,신세계,KOSPI,유통,백화점과일반상점,False,False,False,False,
004250,NPC,KOSPI,화학,포장재,False,False,False,False,
004255,NPC우,KOSPI,화학,포장재,False,True,False,False,
004270,남성,KOSPI,유통,전자장비와기기,False,False,False,False,
004310,현대약품,KOSPI,제약,제약,False,False,False,False,
004360,세방,KOSPI,운송·창고,항공화물운송과물류,False,False,False,False,
004365,세방우,KOSPI,운송·창고,항공화물운송과물류,False,True,False,False,
004370,농심,KOSPI,음식료·담배,식품,False,False,False,False,
004380,삼익THK,KOSPI,기계·장비,기계,False,False,False,False,
004410,서울식품,KOSPI,음식료·담배,식품,False,False,False,False,
004415,서울식품우,KOSPI,음식료·담배,식품,False,True,False,False,
004430,송원산업,KOSPI,화학,화학,False,False,False,False,
004440,삼일씨엔에스,KOSPI,비금속,건축자재,False,False,False,False,
004450,삼화왕관,KOSPI,금속,포장재,False,False,False,False,
004490,세방전지,KOSPI,전기·전자,자동차부품,False,False,False,False,
004540,깨끗한나라,KOSPI,종이·목재,종이와목재,False,False,False,False,
004545,깨끗한나라우,KOSPI,종이·목재,종이와목재,False,True,False,False,
004560,현대비앤지스틸,KOSPI,금속,비철금속,False,False,False,False,
004690,삼천리,KOSPI,전기·가스,가스유틸리티,False,False,False,False,
004700,조광피혁,KOSPI,섬유·의류,"섬유,의류,신발,호화품",False,False,False,False,
004710,한솔테크닉스,KOSPI,전기·전자,전자장비와기기,False,False,False,False,
004720,팜젠사이언스,KOSPI,제약,제약,False,False,False,False,
004770,써니전자,KOSPI,전기·전자,전자장비와기기,False,False,False,False,
004800,효성,KOSPI,기타금융,복합기업,False,False,False,False,
004830,덕성,KOSPI,화학,"섬유,의류,신발,호화품",False,False,False,False,
004835,덕성우,KOSPI,화학,"섬유,의류,신발,호화품",False,True,False,False,
004840,DRB동일,KOSPI,화학,화학,False,False,False,False,
004870,티웨이홀딩스,KOSPI,비금속,건축자재,False,False,False,False,
004890,동일산업,KOSPI,금속,철강,False,False,False,False,
004910,조광페인트,KOSPI,화학,건축자재,False,False,False,False,
004920,씨아이테크,KOSPI,전기·전자,컴퓨터와주변기기,False,False,False,False,
004960,한신공영,KOSPI,건설,건설,False,False,False,False,
004970,신라교역,KOSPI,"농업, 임업 및 어업",식품,False,False,False,False,
004980,성신양회,KOSPI,비금속,건축자재,False,False,False,False,
004985,성신양회우,KOSPI,비금속,건축자재,False,True,False,False,
004990,롯데지주,KOSPI,기타금융,복합기업,False,False,False,False,
00499K,롯데지주우,KOSPI,기타금융,복합기업,False,True,False,False,
005010,휴스틸,KOSPI,금속,철강,False,False,False,False,
005030,부산주공,KOSPI,운송장비·부품,자동차부품,False,False,False,False,
005070,코스모신소재,KOSPI,화학,화학,False,False,False,False,
005090,SGC에너지,KOSPI,전기·가스,에너지장비및서비스,False,False,False,False,
005110,한창,KOSPI,유통,부동산,False,False,False,False,
005180,빙그레,KOSPI,음식료·담배,식품,False,False,False,False,
005250,녹십자홀딩스,KOSPI,일반서비스,제약,False,False,False,False,
005257,녹십자홀딩스2우,KOSPI,일반서비스,제약,False,True,False,False,
005300,롯데칠성,KOSPI,음식료·담배,음료,False,False,False,False,
005305,롯데칠성우,KOSPI,음식료·담배,음료,False,True,False,False,
005320,온타이드,KOSPI,유통,"섬유,의류,신발,호화품",False,False,False,False,
005360,모나미,KOSPI,유통,문구류,False,False,False,False,
005380,현대차,KOSPI,운송장비·부품,자동차,False,False,True,False,
005385,현대차우,KOSPI,운송장비·부품,자동차,False,True,False,False,
005387,현대차2우B,KOSPI,운송장비·부품,자동차,False,True,False,False,
005389,현대차3우B,KOSPI,운송장비·부품,자동차,False,True,False,False,
005420,코스모화학,KOSPI,화학,화학,False,False,False,False,
005430,한국공항,KOSPI,운송·창고,운송인프라,False,False,False,False,
005440,현대지에프홀딩스,KOSPI,기타금융,복합기업,False,False,False,False,
005490,POSCO홀딩스,KOSPI,금속,철강,False,False,False,False,
005500,삼진제약,KOSPI,제약,제약,False,False,False,False,
005610,삼립,KOSPI,음식료·담배,식품,False,False,False,False,
005680,삼영전자,KOSPI,전기·전자,전기제품,False,False,False,False,
005690,파미셀,KOSPI,전기·전자,화학,False,False,False,False,
005720,넥센,KOSPI,화학,자동차부품,False,False,False,False,
005725,넥센우,KOSPI,화학,자동차부품,False,True,False,False,
005740,크라운해태홀딩스,KOSPI,기타금융,식품,False,False,False,False,
005745,크라운해태홀딩스우,KOSPI,기타금융,식품,False,True,False,False,
005750,대림바스,KOSPI,비금속,건축제품,False,False,False,False,
005800,신영와코루,KOSPI,섬유·의류,"섬유,의류,신발,호화품",False,False,False,False,
005810,풍산홀딩스,KOSPI,기타금융,비철금속,False,False,False,False,
005820,원림,KOSPI,섬유·의류,포장재,False,False,False,False,
005830,DB손해보험,KOSPI,보험,손해보험,False,False,False,False,
005850,에스엘,KOSPI,운송장비·부품,자동차부품,False,False,False,False,
005870,휴니드,KOSPI,전기·전자,우주항공과국방,False,False,False,False,
005880,대한해운,KOSPI,운송·창고,해운사,False,False,False,False,
005930,삼성전자,KOSPI,전기·전자,반도체와반도체장비,False,False,False,False,
005935,삼성전자우,KOSPI,전기·전자,반도체와반도체장비,False,True,False,False,
005940,NH투자증권,KOSPI,증권,증권,False,False,False,False,
005945,NH투자증권우,KOSPI,증권,증권,False,True,False,False,
005950,이수화학,KOSPI,화학,화학,False,False,False,False,
005960,동부건설,KOSPI,건설,건설,False,False,False,False,
005965,동부건설우,KOSPI,건설,건설,False,True,False,False,
006040,동원산업,KOSPI,기타금융,식품,False,False,False,False,
006060,화승인더,KOSPI,유통,"섬유,의류,신발,호화품",False,False,False,False,
006090,사조오양,KOSPI,음식료·담배,식품,False,False,False,False,
006110,삼아알미늄,KOSPI,금속,비철금속,False,False,False,False,
006120,SK디스커버리,KOSPI,기타금융,석유와가스,False,False,False,True,비율없음(tier1·2)
006125,SK디스커버리우,KOSPI,기타금융,석유와가스,False,True,False,False,
006200,한국전자홀딩스,KOSPI,기타금융,반도체와반도체장비,False,False,False,False,
006220,제주은행,KOSPI,은행,은행,False,False,False,False,
006260,LS,KOSPI,기타금융,전기장비,False,False,False,False,
006280,녹십자,KOSPI,제약,제약,False,False,False,False,
006340,대원전선,KOSPI,전기·전자,전기장비,False,False,False,False,
006345,대원전선우,KOSPI,전기·전자,전기장비,False,True,False,False,
006360,GS건설,KOSPI,건설,건설,False,False,False,False,
006370,대구백화점,KOSPI,유통,백화점과일반상점,False,False,False,False,
006380,카프로,KOSPI,화학,화학,False,False,False,False,
006400,삼성SDI,KOSPI,전기·전자,전기제품,False,False,False,False,
006405,삼성SDI우,KOSPI,전기·전자,전기제품,False,True,False,False,
006490,인스코비,KOSPI,통신,무선통신서비스,False,False,False,False,
006570,대림통상,KOSPI,금속,건축제품,False,False,False,False,
006650,대한유화,KOSPI,화학,화학,False,False,False,False,
006660,삼성공조,KOSPI,운송장비·부품,자동차부품,False,False,False,False,
006740,블루산업개발,KOSPI,종이·목재,종이와목재,False,False,False,False,
006800,미래에셋증권,KOSPI,증권,증권,False,False,False,False,
006805,미래에셋증권우,KOSPI,증권,증권,False,True,False,False,
00680K,미래에셋증권2우B,KOSPI,증권,증권,False,True,False,False,
006840,AK홀딩스,KOSPI,기타금융,화학,False,False,False,False,
006880,신송홀딩스,KOSPI,유통,식품과기본식료품소매,False,False,False,False,
006890,태경케미컬,KOSPI,화학,화학,False,False,False,False,
006980,우성,KOSPI,음식료·담배,식품,False,False,False,False,
007070,GS리테일,KOSPI,유통,백화점과일반상점,False,False,False,False,
007110,일신석재,KOSPI,유통,건축자재,False,False,False,False,
007120,미래아이앤지,KOSPI,IT 서비스,IT서비스,False,False,False,False,
007160,사조산업,KOSPI,음식료·담배,식품,False,False,False,False,
007210,벽산,KOSPI,비금속,건축자재,False,False,False,False,
007280,한국특강,KOSPI,금속,철강,False,False,False,False,
007310,오뚜기,KOSPI,음식료·담배,식품,False,False,False,False,
007340,DN오토모티브,KOSPI,전기·전자,자동차부품,False,False,False,False,
007460,에이프로젠,KOSPI,제약,제약,False,False,False,False,
007540,샘표,KOSPI,기타금융,식품,False,False,False,False,
007570,일양약품,KOSPI,제약,제약,False,False,False,False,
007575,일양약품우,KOSPI,제약,제약,False,True,False,False,
007590,동방아그로,KOSPI,화학,화학,False,False,False,False,
007610,선도전기,KOSPI,전기·전자,전기장비,False,False,False,False,
007660,이수페타시스,KOSPI,전기·전자,전자장비와기기,False,False,False,False,
007690,국도화학,KOSPI,화학,화학,False,False,False,False,
007700,F&F홀딩스,KOSPI,기타금융,"섬유,의류,신발,호화품",False,False,False,False,
007810,코리아써키트,KOSPI,전기·전자,전자장비와기기,False,False,False,False,
007815,코리아써우,KOSPI,전기·전자,전자장비와기기,False,False,False,False,
00781K,코리아써키트2우B,KOSPI,전기·전자,전자장비와기기,False,True,False,False,
007860,서연,KOSPI,기타금융,자동차부품,False,False,False,False,
007980,TP,KOSPI,섬유·의류,"섬유,의류,신발,호화품",False,False,False,False,
008040,사조동아원,KOSPI,음식료·담배,식품,False,False,False,False,
008060,대덕,KOSPI,기타금융,전자장비와기기,False,False,False,False,
00806K,대덕1우,KOSPI,기타금융,전자장비와기기,False,True,False,False,
008250,이건산업,KOSPI,종이·목재,건축자재,False,False,False,False,
008260,NI스틸,KOSPI,금속,건축자재,False,False,False,False,
008350,남선알미늄,KOSPI,금속,비철금속,False,False,False,False,
008355,남선알미우,KOSPI,금속,비철금속,False,False,False,False,
008420,문배철강,KOSPI,금속,철강,False,False,False,False,
008490,서흥,KOSPI,화학,제약,False,False,False,False,
008500,일정실업,KOSPI,섬유·의류,자동차부품,False,False,False,False,
008600,윌비스,KOSPI,유통,"섬유,의류,신발,호화품",False,False,False,False,
008700,아남전자,KOSPI,전기·전자,전자제품,False,False,False,False,
008730,율촌화학,KOSPI,화학,포장재,False,False,False,False,
008770,호텔신라,KOSPI,유통,백화점과일반상점,False,False,False,False,
008775,호텔신라우,KOSPI,유통,백화점과일반상점,False,True,False,False,
008870,금비,KOSPI,비금속,포장재,False,False,False,False,
008930,한미사이언스,KOSPI,기타금융,제약,False,False,False,False,
008970,KBI동양철관,KOSPI,금속,철강,False,False,False,False,
009070,KCTC,KOSPI,운송·창고,항공화물운송과물류,False,False,False,False,
009140,경인전자,KOSPI,전기·전자,전자제품,False,False,False,False,
009150,삼성전기,KOSPI,전기·전자,전자장비와기기,False,False,False,False,
009155,삼성전기우,KOSPI,전기·전자,전자장비와기기,False,True,False,False,
009160,SIMPAC,KOSPI,금속,비철금속,False,False,False,False,
009180,한솔로지스틱스,KOSPI,운송·창고,항공화물운송과물류,False,False,False,False,
009190,대양금속,KOSPI,금속,철강,False,False,False,False,
009200,무림페이퍼,KOSPI,종이·목재,종이와목재,False,False,True,False,
009240,한샘,KOSPI,유통,가구,False,False,False,False,
009270,신원,KOSPI,섬유·의류,"섬유,의류,신발,호화품",False,False,False,False,
009290,광동제약,KOSPI,제약,제약,False,False,False,False,
009310,참엔지니어링,KOSPI,기계·장비,디스플레이장비및부품,False,False,True,False,
009320,아진전자부품,KOSPI,운송장비·부품,자동차부품,False,False,False,False,
009410,태영건설,KOSPI,건설,건설,False,False,False,False,
009415,태영건설우,KOSPI,건설,건설,False,True,False,False,
009420,한올바이오파마,KOSPI,제약,제약,False,False,False,False,
009440,KC그린홀딩스,KOSPI,기타금융,상업서비스와공급품,False,False,False,False,
009450,경동나비엔,KOSPI,전기·전자,가정용기기와용품,False,False,False,False,
009460,한창제지,KOSPI,종이·목재,포장재,False,False,False,False,
009470,삼화전기,KOSPI,전기·전자,전기제품,False,False,False,False,
009540,HD한국조선해양,KOSPI,기타금융,조선,False,False,False,False,
009580,무림P&P,KOSPI,종이·목재,종이와목재,False,False,True,False,
009680,모토닉,KOSPI,운송장비·부품,자동차부품,False,False,False,False,
009770,삼정펄프,KOSPI,종이·목재,가정용품,False,False,False,False,
009810,플레이그램,KOSPI,유통,판매업체,False,False,False,True,비율합계22%
009830,한화솔루션,KOSPI,화학,에너지장비및서비스,False,False,False,False,
009835,한화솔루션우,KOSPI,화학,에너지장비및서비스,False,True,False,False,
009900,명신산업,KOSPI,운송장비·부품,자동차부품,False,False,False,False,
009970,영원무역홀딩스,KOSPI,기타금융,"섬유,의류,신발,호화품",False,False,False,False,
010040,한국내화,KOSPI,비금속,비철금속,False,False,False,False,
010060,OCI홀딩스,KOSPI,기타금융,화학,False,False,False,False,
010100,한국무브넥스,KOSPI,운송장비·부품,자동차부품,False,False,False,False,
010120,LS ELECTRIC,KOSPI,전기·전자,전기장비,False,False,False,False,
010130,고려아연,KOSPI,금속,비철금속,False,False,False,False,
010140,삼성중공업,KOSPI,운송장비·부품,조선,False,False,False,False,
010400,우진아이엔에스,KOSPI,건설,건설,False,False,False,False,
010580,에스엠벡셀,KOSPI,운송장비·부품,자동차부품,False,False,False,False,
010640,진양폴리,KOSPI,화학,화학,False,False,False,False,
010660,화천기계,KOSPI,기계·장비,기계,False,False,False,False,
010690,화신,KOSPI,운송장비·부품,자동차부품,False,False,False,False,
010770,평화홀딩스,KOSPI,운송장비·부품,자동차부품,False,False,False,False,
010780,아이에스동서,KOSPI,비금속,건설,False,False,False,False,
010820,퍼스텍,KOSPI,금속,우주항공과국방,False,False,False,True,비율단일값(합계만)
010950,S-Oil,KOSPI,화학,석유와가스,False,False,False,False,
010955,S-Oil우,KOSPI,화학,석유와가스,False,True,False,False,
010960,삼호개발,KOSPI,건설,건설,False,False,False,False,
011000,진원생명과학,KOSPI,제약,생물공학,False,False,False,False,
011070,LG이노텍,KOSPI,전기·전자,전자장비와기기,False,False,False,False,
011090,에넥스,KOSPI,기타제조,가구,False,False,False,False,
011150,CJ씨푸드,KOSPI,음식료·담배,식품,False,False,False,False,
011155,CJ씨푸드1우,KOSPI,음식료·담배,식품,False,True,False,False,
011170,롯데케미칼,KOSPI,화학,화학,False,False,False,False,
011200,HMM,KOSPI,운송·창고,해운사,False,False,False,False,
011210,현대위아,KOSPI,운송장비·부품,자동차부품,False,False,False,False,
011230,삼화전자,KOSPI,전기·전자,전자장비와기기,False,False,False,False,
011280,태림포장,KOSPI,종이·목재,포장재,False,False,False,False,
011300,우성머티리얼스,KOSPI,섬유·의류,"섬유,의류,신발,호화품",False,False,False,False,
011330,유니켐,KOSPI,운송장비·부품,"섬유,의류,신발,호화품",False,False,False,False,
011390,부산산업,KOSPI,비금속,건축자재,False,False,False,False,
011420,갤럭시아에스엠,KOSPI,오락·문화,레저용장비와제품,False,False,False,False,
011500,한농화성,KOSPI,화학,화학,False,False,False,False,
011690,와이투솔루션,KOSPI,전기·전자,전자장비와기기,False,False,False,False,
011700,한신기계,KOSPI,기계·장비,기계,False,False,False,False,
011760,현대코퍼레이션,KOSPI,유통,무역회사와판매업체,False,False,False,False,
011780,금호석유화학,KOSPI,화학,화학,False,False,False,False,
011785,금호석유화학우,KOSPI,화학,화학,False,True,False,False,
011790,SKC,KOSPI,화학,화학,False,False,False,False,
011810,STX,KOSPI,유통,무역회사와판매업체,False,False,False,False,
011930,신성이엔지,KOSPI,전기·전자,반도체와반도체장비,False,False,False,False,
012030,DB,KOSPI,IT 서비스,IT서비스,False,False,False,False,
0120G0,삼양바이오팜,KOSPI,제약,건강관리장비와용품,False,False,False,False,
012160,영흥,KOSPI,금속,철강,False,False,False,False,
012170,아센디오,KOSPI,오락·문화,방송과엔터테인먼트,False,False,False,False,
012200,계양전기,KOSPI,기계·장비,자동차부품,False,False,False,False,
012205,계양전기우,KOSPI,기계·장비,자동차부품,False,True,False,False,
012280,영화금속,KOSPI,운송장비·부품,자동차부품,False,False,False,False,
012320,경동인베스트,KOSPI,기타금융,비철금속,False,False,False,False,
012330,현대모비스,KOSPI,운송장비·부품,자동차부품,False,False,False,False,
012450,한화에어로스페이스,KOSPI,운송장비·부품,우주항공과국방,False,False,False,False,
012510,더존비즈온,KOSPI,IT 서비스,소프트웨어,False,False,False,False,
012610,경인양행,KOSPI,화학,화학,False,False,False,False,
012630,HDC,KOSPI,기타금융,건설,False,False,False,False,
012690,모나리자,KOSPI,종이·목재,가정용품,False,False,False,False,
0126Z0,삼성에피스홀딩스,KOSPI,기타금융,제약,False,False,False,False,
012750,에스원,KOSPI,일반서비스,상업서비스와공급품,False,False,False,False,
012800,대창,KOSPI,금속,비철금속,False,False,False,False,
013000,세우글로벌,KOSPI,유통,화학,False,False,False,False,
013360,일성건설,KOSPI,건설,건설,False,False,False,False,
013520,화승코퍼레이션,KOSPI,운송장비·부품,자동차부품,False,False,False,False,
013570,디와이,KOSPI,기타금융,자동차부품,False,False,False,False,
013580,계룡건설,KOSPI,건설,건설,False,False,False,False,
013700,까뮤이앤씨,KOSPI,건설,건설,False,False,False,False,
013870,지엠비코리아,KOSPI,운송장비·부품,자동차부품,False,False,False,False,
013890,지누스,KOSPI,기타제조,가구,False,False,False,False,
014130,한익스프레스,KOSPI,운송·창고,항공화물운송과물류,False,False,False,True,비율없음(tier1·2)
014160,대영포장,KOSPI,종이·목재,포장재,False,False,False,False,
014280,금강공업,KOSPI,금속,건축제품,False,False,False,False,
014285,금강공업우,KOSPI,금속,건축제품,False,True,False,False,
014440,영보화학,KOSPI,화학,화학,False,False,False,False,
014530,극동유화,KOSPI,화학,석유와가스,False,False,False,False,
014580,태경비케이,KOSPI,비금속,비철금속,False,False,False,False,
014680,한솔케미칼,KOSPI,화학,화학,False,False,False,False,
014710,사조씨푸드,KOSPI,음식료·담배,식품,False,False,False,False,
014790,HL D&I,KOSPI,건설,건설,False,False,False,False,
014820,동원시스템즈,KOSPI,화학,포장재,False,False,False,False,
014825,동원시스템즈우,KOSPI,화학,포장재,False,True,False,False,
014830,유니드,KOSPI,화학,화학,False,False,False,False,
014910,성문전자,KOSPI,전기·전자,전기제품,False,False,False,False,
014915,성문전자우,KOSPI,전기·전자,전기제품,False,True,False,False,
014990,인디에프,KOSPI,섬유·의류,"섬유,의류,신발,호화품",False,False,False,False,
015020,이스타코,KOSPI,부동산,부동산,False,False,False,False,
015230,대창단조,KOSPI,운송장비·부품,기계,False,False,False,False,
015260,에이엔피,KOSPI,전기·전자,전자장비와기기,False,False,False,False,
015360,INVENI,KOSPI,일반서비스,가스유틸리티,False,False,False,False,
015590,DKME,KOSPI,기계·장비,기계,False,False,False,False,
015760,한국전력,KOSPI,전기·가스,전기유틸리티,False,False,False,False,
015860,일진홀딩스,KOSPI,기타금융,전기장비,False,False,False,False,
015890,태경산업,KOSPI,화학,비철금속,False,False,False,False,
016090,대현,KOSPI,섬유·의류,"섬유,의류,신발,호화품",False,False,False,False,
016360,삼성증권,KOSPI,증권,증권,False,False,False,False,
016380,KG스틸,KOSPI,금속,철강,False,False,False,False,
016450,한세예스24홀딩스,KOSPI,섬유·의류,"섬유,의류,신발,호화품",False,False,False,False,
016580,환인제약,KOSPI,제약,제약,False,False,False,False,
016590,신대양제지,KOSPI,종이·목재,포장재,False,False,False,True,비율단일값(합계만)
016610,DB증권,KOSPI,증권,증권,False,False,False,False,
016710,대성홀딩스,KOSPI,일반서비스,가스유틸리티,False,False,False,False,
016740,두올,KOSPI,운송장비·부품,자동차부품,False,False,False,False,
016800,퍼시스,KOSPI,기타제조,가구,False,False,False,False,
016880,웅진,KOSPI,일반서비스,출판,False,False,False,False,
017040,광명전기,KOSPI,전기·전자,전기장비,False,False,False,False,
017180,명문제약,KOSPI,제약,제약,False,False,False,False,
017370,우신시스템,KOSPI,기계·장비,자동차부품,False,False,False,False,
017390,서울가스,KOSPI,전기·가스,가스유틸리티,False,False,False,False,
017550,수산세보틱스,KOSPI,기계·장비,기계,False,False,False,False,
017670,SK텔레콤,KOSPI,통신,무선통신서비스,False,False,False,False,
017800,현대엘리베이터,KOSPI,기계·장비,기계,False,False,False,False,
017810,풀무원,KOSPI,음식료·담배,식품,False,False,False,False,
017860,DS단석,KOSPI,화학,화학,False,False,False,False,
017900,광전자,KOSPI,전기·전자,전자장비와기기,False,False,False,False,
017940,E1,KOSPI,유통,가스유틸리티,False,False,True,True,"멀티섹터, 업종불일치(증권)"
017960,한국카본,KOSPI,금속,조선,False,False,False,False,
018250,애경산업,KOSPI,화학,화장품,False,False,False,False,
018260,삼성에스디에스,KOSPI,IT 서비스,IT서비스,False,False,False,False,
018470,조일알미늄,KOSPI,금속,비철금속,False,False,False,False,
018500,동원금속,KOSPI,운송장비·부품,자동차부품,False,False,False,False,
018670,SK가스,KOSPI,유통,가스유틸리티,False,False,False,False,
018880,한온시스템,KOSPI,기계·장비,자동차부품,False,False,False,False,
019170,신풍제약,KOSPI,제약,제약,False,False,False,False,
019175,신풍제약우,KOSPI,제약,제약,False,True,False,False,
019180,티에이치엔,KOSPI,전기·전자,자동차부품,False,False,False,False,
019490,엑시큐어하이트론,KOSPI,전기·전자,통신장비,False,False,False,False,
019680,대교,KOSPI,일반서비스,교육서비스,False,False,False,True,비율없음(tier1·2)
019685,대교우B,KOSPI,일반서비스,교육서비스,False,True,False,False,
020000,한섬,KOSPI,섬유·의류,"섬유,의류,신발,호화품",False,False,False,False,
020120,키다리스튜디오,KOSPI,IT 서비스,양방향미디어와서비스,False,False,False,True,비율단일값(합계만)
020150,롯데에너지머티리얼즈,KOSPI,전기·전자,전자장비와기기,False,False,False,False,
020560,아시아나항공,KOSPI,운송·창고,항공사,False,False,False,False,
020760,일진디스플,KOSPI,전기·전자,디스플레이패널,False,False,False,False,
021050,서원,KOSPI,금속,비철금속,False,False,False,False,
021240,코웨이,KOSPI,일반서비스,가정용기기와용품,False,False,False,False,
021820,세원정공,KOSPI,운송장비·부품,자동차부품,False,False,False,False,
022100,포스코DX,KOSPI,일반서비스,IT서비스,False,False,False,False,
023000,삼원강재,KOSPI,운송장비·부품,자동차부품,False,False,False,False,
023150,MH에탄올,KOSPI,음식료·담배,음료,False,False,False,False,
023350,한국종합기술,KOSPI,일반서비스,건설,False,False,False,False,
023450,동남합성,KOSPI,화학,화학,False,False,False,False,
023530,롯데쇼핑,KOSPI,유통,백화점과일반상점,False,False,False,False,
023590,다우기술,KOSPI,IT 서비스,증권,False,False,True,False,
023800,인지컨트롤스,KOSPI,운송장비·부품,자동차부품,False,False,False,False,
023810,인팩,KOSPI,운송장비·부품,자동차부품,False,False,False,False,
023960,에쓰씨엔지니어링,KOSPI,건설,건설,False,False,False,False,
024070,WISCOM,KOSPI,화학,화학,False,False,False,False,
024090,디씨엠,KOSPI,금속,비철금속,False,False,False,False,
024110,기업은행,KOSPI,은행,은행,False,False,False,False,
024720,콜마홀딩스,KOSPI,기타금융,화장품,False,False,False,False,
024890,대원화성,KOSPI,화학,"섬유,의류,신발,호화품",False,False,False,False,
024900,디와이덕양,KOSPI,운송장비·부품,자동차부품,False,False,False,False,
025000,KPX케미칼,KOSPI,화학,화학,False,False,False,False,
025530,SJM홀딩스,KOSPI,유통,자동차부품,False,False,False,False,
025540,한국단자,KOSPI,전기·전자,자동차부품,False,False,False,False,
025560,미래산업,KOSPI,의료·정밀기기,반도체와반도체장비,False,False,False,False,
025620,차AI헬스케어,KOSPI,화학,화장품,False,False,False,False,
025750,한솔홈데코,KOSPI,종이·목재,건축자재,False,False,False,False,
025820,이구산업,KOSPI,금속,비철금속,False,False,False,False,
025860,남해화학,KOSPI,화학,화학,False,False,False,False,
025890,한국주강,KOSPI,기계·장비,철강,False,False,False,False,
026890,스틱인베스트먼트,KOSPI,기타금융,창업투자,False,False,False,False,
026940,부국철강,KOSPI,금속,철강,False,False,False,False,
026960,동서,KOSPI,유통,식품,False,False,False,False,
027410,BGF,KOSPI,기타금융,화학,False,False,False,False,
027740,마니커,KOSPI,음식료·담배,식품,False,False,False,False,
027970,한국제지,KOSPI,종이·목재,종이와목재,False,False,False,False,
028050,삼성E&A,KOSPI,일반서비스,건설,False,False,False,False,
028100,동아지질,KOSPI,건설,건설,False,False,False,False,
028260,삼성물산,KOSPI,유통,복합기업,False,False,False,False,
02826K,삼성물산우B,KOSPI,유통,복합기업,False,True,False,False,
028670,팬오션,KOSPI,운송·창고,해운사,False,False,False,False,
029460,케이씨,KOSPI,의료·정밀기기,반도체와반도체장비,False,False,False,False,
029530,신도리코,KOSPI,전기·전자,사무용전자제품,False,False,False,False,
029780,삼성카드,KOSPI,기타금융,카드,False,False,False,False,
030000,제일기획,KOSPI,일반서비스,광고,False,False,False,False,
030190,NICE평가정보,KOSPI,IT 서비스,상업서비스와공급품,False,False,False,False,
030200,KT,KOSPI,통신,다각화된통신서비스,False,False,True,True,멀티섹터
030210,다올투자증권,KOSPI,증권,증권,False,False,False,False,
030610,교보증권,KOSPI,증권,증권,False,False,False,False,
030720,동원수산,KOSPI,"농업, 임업 및 어업",식품,False,False,False,False,
031210,서울보증보험,KOSPI,보험,손해보험,False,False,False,True,비율없음(tier1·2)
031430,신세계인터내셔날,KOSPI,유통,"섬유,의류,신발,호화품",False,False,False,False,
031440,신세계푸드,KOSPI,일반서비스,"호텔,레스토랑,레저",False,False,False,False,
031820,아이티센씨티에스,KOSPI,IT 서비스,IT서비스,False,False,False,False,
032350,롯데관광개발,KOSPI,일반서비스,"호텔,레스토랑,레저",False,False,False,False,
032560,황금에스티,KOSPI,금속,비철금속,False,False,False,False,
032640,LG유플러스,KOSPI,통신,무선통신서비스,False,False,False,False,
032830,삼성생명,KOSPI,보험,생명보험,False,False,False,False,
033240,자화전자,KOSPI,전기·전자,통신장비,False,False,False,False,
033250,체시스,KOSPI,운송장비·부품,자동차부품,False,False,False,False,
033270,유나이티드제약,KOSPI,제약,제약,False,False,False,False,
033530,SJG세종,KOSPI,운송장비·부품,자동차부품,False,False,False,False,
033780,KT&G,KOSPI,음식료·담배,담배,False,False,False,False,
033920,무학,KOSPI,음식료·담배,음료,False,False,False,False,
034020,두산에너빌리티,KOSPI,기계·장비,기계,False,False,False,False,
034120,SBS,KOSPI,오락·문화,방송과엔터테인먼트,False,False,False,False,
034220,LG디스플레이,KOSPI,전기·전자,디스플레이패널,False,False,False,False,
034230,파라다이스,KOSPI,오락·문화,"호텔,레스토랑,레저",False,False,False,False,
034310,NICE,KOSPI,일반서비스,IT서비스,False,False,False,False,
034590,인천도시가스,KOSPI,전기·가스,가스유틸리티,False,False,False,False,
034730,SK,KOSPI,기타금융,석유와가스,False,False,False,False,
03473K,SK우,KOSPI,기타금융,석유와가스,False,True,False,False,
034830,한국토지신탁,KOSPI,기타금융,부동산,False,False,False,False,
035000,HS애드,KOSPI,일반서비스,광고,False,False,False,False,
035150,백산,KOSPI,화학,"섬유,의류,신발,호화품",False,False,False,False,
035250,강원랜드,KOSPI,오락·문화,"호텔,레스토랑,레저",False,False,False,False,
035420,NAVER,KOSPI,IT 서비스,양방향미디어와서비스,False,False,False,False,
035510,신세계 I&C,KOSPI,IT 서비스,IT서비스,False,False,False,False,
035720,카카오,KOSPI,IT 서비스,양방향미디어와서비스,False,False,True,False,
036420,콘텐트리중앙,KOSPI,오락·문화,방송과엔터테인먼트,False,False,False,False,
036460,한국가스공사,KOSPI,전기·가스,가스유틸리티,False,False,False,False,
036530,SNT홀딩스,KOSPI,기타금융,자동차부품,False,False,False,False,
036570,NC,KOSPI,IT 서비스,게임엔터테인먼트,False,False,False,False,
036580,팜스코,KOSPI,음식료·담배,식품,False,False,False,False,
037270,YG PLUS,KOSPI,IT 서비스,방송과엔터테인먼트,False,False,False,False,
037560,LG헬로비전,KOSPI,오락·문화,방송과엔터테인먼트,False,False,False,False,
037710,광주신세계,KOSPI,유통,백화점과일반상점,False,False,False,True,비율없음(tier1·2)
039130,하나투어,KOSPI,일반서비스,"호텔,레스토랑,레저",False,False,False,False,
039490,키움증권,KOSPI,증권,증권,False,False,False,False,
039570,HDC랩스,KOSPI,건설,건설,False,False,False,False,
041650,상신브레이크,KOSPI,운송장비·부품,자동차부품,False,False,False,False,
042660,한화오션,KOSPI,운송장비·부품,조선,False,False,False,False,
042700,한미반도체,KOSPI,기계·장비,반도체와반도체장비,False,False,False,False,
044380,주연테크,KOSPI,전기·전자,컴퓨터와주변기기,False,False,False,False,
044450,KSS해운,KOSPI,운송·창고,해운사,False,False,False,False,
044820,코스맥스비티아이,KOSPI,기타금융,건강관리업체및서비스,False,False,False,False,
047040,대우건설,KOSPI,건설,건설,False,False,False,False,
047050,포스코인터내셔널,KOSPI,유통,무역회사와판매업체,False,False,False,False,
047400,유니온머티리얼,KOSPI,비금속,자동차부품,False,False,False,False,
047810,한국항공우주,KOSPI,운송장비·부품,우주항공과국방,False,False,False,False,
049800,우진플라임,KOSPI,기계·장비,기계,False,False,False,False,
051600,한전KPS,KOSPI,건설,전기유틸리티,False,False,False,False,
051630,진양화학,KOSPI,화학,화학,False,False,False,False,
051900,LG생활건강,KOSPI,화학,화장품,False,False,False,False,
051905,LG생활건강우,KOSPI,화학,화장품,False,True,False,False,
051910,LG화학,KOSPI,화학,화학,False,False,False,False,
051915,LG화학우,KOSPI,화학,화학,False,True,False,False,
052690,한전기술,KOSPI,일반서비스,전기유틸리티,False,False,False,False,
053210,스카이라이프,KOSPI,오락·문화,방송과엔터테인먼트,False,False,False,False,
053690,한미글로벌,KOSPI,일반서비스,건설,False,False,False,False,
055490,테이팩스,KOSPI,화학,전자장비와기기,False,False,False,False,
055550,신한지주,KOSPI,기타금융,은행,False,False,False,False,
057050,현대홈쇼핑,KOSPI,유통,인터넷과카탈로그소매,False,False,False,True,비율없음(tier1·2)
058430,포스코스틸리온,KOSPI,금속,비철금속,False,False,False,False,
058650,세아홀딩스,KOSPI,금속,철강,False,False,False,False,
058730,다스코,KOSPI,금속,건축자재,False,False,False,False,
058850,KTcs,KOSPI,IT 서비스,상업서비스와공급품,False,False,False,False,
058860,KTis,KOSPI,IT 서비스,상업서비스와공급품,False,False,False,False,
060980,HL홀딩스,KOSPI,기타금융,자동차부품,False,False,False,False,
062040,산일전기,KOSPI,전기·전자,전기장비,False,False,False,False,
063160,종근당바이오,KOSPI,제약,제약,False,False,False,False,
064350,현대로템,KOSPI,운송장비·부품,우주항공과국방,False,False,False,False,
064400,LG씨엔에스,KOSPI,IT 서비스,IT서비스,False,False,False,False,
064960,SNT모티브,KOSPI,운송장비·부품,자동차부품,False,False,False,False,
066570,LG전자,KOSPI,전기·전자,전자제품,False,False,False,False,
066575,LG전자우,KOSPI,전기·전자,전자제품,False,True,False,False,
066970,엘앤에프,KOSPI,전기·전자,전기제품,False,False,False,False,
067830,세이브존I&C,KOSPI,유통,백화점과일반상점,False,False,False,False,
068270,셀트리온,KOSPI,제약,제약,False,False,False,False,
068290,삼성출판사,KOSPI,오락·문화,출판,False,False,False,False,
069260,TKG휴켐스,KOSPI,화학,화학,False,False,False,False,
069460,대호에이엘,KOSPI,금속,비철금속,False,False,False,False,
069620,대웅제약,KOSPI,제약,제약,False,False,False,False,
069640,한세엠케이,KOSPI,유통,"섬유,의류,신발,호화품",False,False,False,False,
069730,DSR제강,KOSPI,금속,철강,False,False,False,False,
069960,현대백화점,KOSPI,유통,백화점과일반상점,False,False,False,False,
070960,모나용평,KOSPI,일반서비스,"호텔,레스토랑,레저",False,False,False,False,
071050,한국금융지주,KOSPI,기타금융,증권,False,False,False,False,
071055,한국금융지주우,KOSPI,기타금융,증권,False,True,False,False,
071090,하이스틸,KOSPI,금속,철강,False,False,False,False,
071320,지역난방공사,KOSPI,전기·가스,복합유틸리티,False,False,False,False,
071840,롯데하이마트,KOSPI,유통,전문소매,False,False,False,False,
071950,코아스,KOSPI,기타제조,가구,False,False,False,False,
071970,HD현대마린엔진,KOSPI,기계·장비,조선,False,False,False,False,
072130,유엔젤,KOSPI,IT 서비스,IT서비스,False,False,False,False,
072710,농심홀딩스,KOSPI,기타금융,식품,False,False,False,False,
073240,금호타이어,KOSPI,화학,자동차부품,False,False,False,False,
074610,이엔플러스,KOSPI,기계·장비,기계,False,False,False,False,
075180,새론오토모티브,KOSPI,운송장비·부품,자동차부품,False,False,False,False,
075580,세진중공업,KOSPI,운송장비·부품,조선,False,False,False,False,
077500,유니퀘스트,KOSPI,유통,반도체와반도체장비,False,False,False,False,
077970,STX엔진,KOSPI,기계·장비,조선,False,False,False,False,
078000,텔코웨어,KOSPI,IT 서비스,소프트웨어,False,False,False,False,
078520,에이블씨엔씨,KOSPI,화학,화장품,False,False,False,False,
078930,GS,KOSPI,기타금융,석유와가스,False,False,False,False,
078935,GS우,KOSPI,기타금융,석유와가스,False,True,False,False,
079160,CJ CGV,KOSPI,오락·문화,방송과엔터테인먼트,False,False,False,False,
079430,현대리바트,KOSPI,기타제조,가구,False,False,False,False,
079550,LIG디펜스앤에어로스페이스,KOSPI,금속,우주항공과국방,False,False,False,False,
079900,전진건설로봇,KOSPI,기계·장비,기계,False,False,False,False,
079980,휴비스,KOSPI,화학,"섬유,의류,신발,호화품",False,False,False,False,
081000,일진다이아,KOSPI,화학,비철금속,False,False,False,False,
081660,미스토홀딩스,KOSPI,유통,"섬유,의류,신발,호화품",False,False,False,False,
082640,동양생명,KOSPI,보험,생명보험,False,False,False,False,
082740,한화엔진,KOSPI,기계·장비,조선,False,False,False,False,
083420,그린케미칼,KOSPI,화학,화학,False,False,False,False,
084010,대한제강,KOSPI,금속,철강,False,False,False,True,비율단일값(합계만)
084670,동양고속,KOSPI,운송·창고,도로와철도운송,False,False,False,False,
084680,이월드,KOSPI,기타제조,"섬유,의류,신발,호화품",False,False,False,False,
084690,대상홀딩스,KOSPI,기타금융,식품,False,False,False,False,
084695,대상홀딩스우,KOSPI,기타금융,식품,False,True,False,False,
084870,TBH글로벌,KOSPI,섬유·의류,"섬유,의류,신발,호화품",False,False,False,False,
085310,엔케이,KOSPI,금속,조선,False,False,False,False,
085620,미래에셋생명,KOSPI,보험,생명보험,False,False,False,False,
086280,현대글로비스,KOSPI,운송·창고,항공화물운송과물류,False,False,False,False,
086790,하나금융지주,KOSPI,기타금융,은행,False,False,False,False,
088260,이리츠코크렙,KOSPI,부동산,부동산,False,False,False,False,
088350,한화생명,KOSPI,보험,생명보험,False,False,False,False,
088790,진도,KOSPI,유통,"섬유,의류,신발,호화품",False,False,False,False,
088980,맥쿼리인프라,KOSPI,기타금융,운송인프라,False,False,False,False,
089470,HDC현대EP,KOSPI,화학,자동차부품,False,False,False,False,
089590,제주항공,KOSPI,운송·창고,항공사,False,False,False,False,
089860,롯데렌탈,KOSPI,일반서비스,도로와철도운송,False,False,False,False,
090080,평화산업,KOSPI,운송장비·부품,자동차부품,False,False,False,False,
090350,노루페인트,KOSPI,화학,건축자재,False,False,False,False,
090355,노루페인트우,KOSPI,화학,건축자재,False,True,False,False,
090370,메타랩스,KOSPI,섬유·의류,상업서비스와공급품,False,False,False,False,
090430,아모레퍼시픽,KOSPI,화학,화장품,False,False,False,False,
090435,아모레퍼시픽우,KOSPI,화학,화장품,False,True,False,False,
090460,비에이치,KOSPI,전기·전자,전자장비와기기,False,False,False,False,
091810,트리니티항공,KOSPI,운송·창고,항공사,False,False,False,False,
092200,디아이씨,KOSPI,운송장비·부품,자동차부품,False,False,False,False,
092220,KEC,KOSPI,전기·전자,반도체와반도체장비,False,False,False,False,
092230,KPX홀딩스,KOSPI,화학,화학,False,False,False,False,
092440,기신정기,KOSPI,기계·장비,기계,False,False,False,False,
092780,DYP,KOSPI,운송장비·부품,자동차부품,False,False,False,False,
092790,넥스틸,KOSPI,금속,철강,False,False,False,False,
093050,LF,KOSPI,섬유·의류,"섬유,의류,신발,호화품",False,False,True,False,
093240,형지엘리트,KOSPI,섬유·의류,"섬유,의류,신발,호화품",False,False,False,False,
093370,후성,KOSPI,화학,화학,False,False,False,False,
094280,효성ITX,KOSPI,일반서비스,상업서비스와공급품,False,False,False,False,
094800,맵스리얼티,KOSPI,기타금융,부동산,False,False,False,False,
095570,AJ네트웍스,KOSPI,일반서비스,도로와철도운송,False,False,False,False,
095720,웅진씽크빅,KOSPI,일반서비스,교육서비스,False,False,False,False,
096760,JW홀딩스,KOSPI,기타금융,제약,False,False,False,False,
096770,SK이노베이션,KOSPI,화학,석유와가스,False,False,False,False,
096775,SK이노베이션우,KOSPI,화학,석유와가스,False,True,False,False,
097230,HJ중공업,KOSPI,건설,건설,False,False,False,False,
097520,엠씨넥스,KOSPI,전기·전자,핸드셋,False,False,False,False,
097950,CJ제일제당,KOSPI,음식료·담배,식품,False,False,False,False,
097955,CJ제일제당 우,KOSPI,음식료·담배,식품,False,False,False,False,
100090,SK오션플랜트,KOSPI,금속,에너지장비및서비스,False,False,False,False,
100220,비상교육,KOSPI,오락·문화,교육서비스,False,False,False,False,
100250,진양홀딩스,KOSPI,화학,자동차부품,False,False,False,False,
100840,SNT에너지,KOSPI,기계·장비,에너지장비및서비스,False,False,False,False,
101140,인바이오젠,KOSPI,유통,전자장비와기기,False,False,False,False,
101530,해태제과식품,KOSPI,음식료·담배,식품,False,False,False,False,
102260,동성케미컬,KOSPI,화학,화학,False,False,False,False,
102460,이연제약,KOSPI,제약,제약,False,False,False,False,
103140,풍산,KOSPI,금속,비철금속,False,False,False,False,
103590,일진전기,KOSPI,전기·전자,전기장비,False,False,False,False,
104700,한국철강,KOSPI,금속,철강,False,False,False,False,
105560,KB금융,KOSPI,기타금융,은행,False,False,False,False,
105630,한세실업,KOSPI,섬유·의류,"섬유,의류,신발,호화품",False,False,False,False,
105840,우진,KOSPI,의료·정밀기기,기계,False,False,False,False,
107590,미원홀딩스,KOSPI,기타금융,화학,False,False,False,False,
108320,LX세미콘,KOSPI,전기·전자,디스플레이장비및부품,False,False,False,False,
108670,LX하우시스,KOSPI,화학,건축자재,False,False,False,False,
108675,LX하우시스우,KOSPI,화학,건축자재,False,True,False,False,
109070,주성코퍼레이션,KOSPI,전기·전자,해운사,False,False,False,False,
111110,호전실업,KOSPI,섬유·의류,"섬유,의류,신발,호화품",False,False,False,False,
111380,동인기연,KOSPI,섬유·의류,"섬유,의류,신발,호화품",False,False,False,False,
111770,영원무역,KOSPI,유통,"섬유,의류,신발,호화품",False,False,False,False,
112610,씨에스윈드,KOSPI,금속,에너지장비및서비스,False,False,False,False,
114090,GKL,KOSPI,오락·문화,"호텔,레스토랑,레저",False,False,False,False,
117580,대성에너지,KOSPI,전기·가스,가스유틸리티,False,False,False,False,
118000,메타케어,KOSPI,유통,제약,False,False,False,False,
119650,KC코트렐,KOSPI,기계·장비,상업서비스와공급품,False,False,False,True,비율단일값(합계만)
120030,조선선재,KOSPI,금속,철강,False,False,False,False,
120110,코오롱인더,KOSPI,화학,화학,False,False,False,False,
120115,코오롱인더우,KOSPI,화학,화학,False,True,False,False,
122900,아이마켓코리아,KOSPI,유통,상업서비스와공급품,False,False,False,False,
123690,한국화장품,KOSPI,유통,화장품,False,False,False,False,
123700,SJM,KOSPI,운송장비·부품,자동차부품,False,False,False,False,
123890,한국자산신탁,KOSPI,기타금융,부동산,False,False,False,False,
126560,현대퓨처넷,KOSPI,통신,화장품,False,False,False,False,
126720,수산인더스트리,KOSPI,건설,에너지장비및서비스,False,False,False,False,
128820,대성산업,KOSPI,유통,석유와가스,False,False,False,False,
128940,한미약품,KOSPI,제약,제약,False,False,False,False,
129260,인터지스,KOSPI,운송·창고,해운사,False,False,False,False,
130660,한전산업,KOSPI,일반서비스,전기유틸리티,False,False,False,False,
133820,화인베스틸,KOSPI,금속,철강,False,False,False,False,
134380,미원화학,KOSPI,화학,화학,False,False,False,False,
134790,시디즈,KOSPI,기타제조,가구,False,False,False,False,
136490,선진,KOSPI,음식료·담배,식품,False,False,False,False,
137310,에스디바이오센서,KOSPI,의료·정밀기기,건강관리장비와용품,False,False,False,False,
138040,메리츠금융지주,KOSPI,기타금융,증권,False,False,False,False,
138930,BNK금융지주,KOSPI,기타금융,은행,False,False,False,True,비율합계18%
139130,iM금융지주,KOSPI,기타금융,은행,False,False,False,False,
139480,이마트,KOSPI,유통,백화점과일반상점,False,False,False,False,
139990,아주스틸,KOSPI,금속,철강,False,False,False,False,
140910,에이리츠,KOSPI,부동산,부동산,False,False,False,False,
143210,핸즈코퍼레이션,KOSPI,운송장비·부품,자동차부품,False,False,False,False,
145210,다이나믹디자인,KOSPI,기계·장비,자동차부품,False,False,False,False,
145270,케이탑리츠,KOSPI,부동산,부동산,False,False,False,False,
145720,덴티움,KOSPI,의료·정밀기기,건강관리장비와용품,False,False,False,False,
145990,삼양사,KOSPI,음식료·담배,식품,False,False,False,False,
145995,삼양사우,KOSPI,음식료·담배,식품,False,True,False,False,
155660,DSR,KOSPI,금속,비철금속,False,False,False,False,
161000,애경케미칼,KOSPI,화학,화학,False,False,False,False,
161390,한국타이어앤테크놀로지,KOSPI,화학,자동차부품,False,False,False,False,
161890,한국콜마,KOSPI,화학,화장품,False,False,False,False,
163560,동일고무벨트,KOSPI,화학,화학,False,False,False,False,
170900,동아에스티,KOSPI,제약,제약,False,False,False,False,
175330,JB금융지주,KOSPI,기타금융,은행,False,False,False,False,
178920,PI첨단소재,KOSPI,화학,화학,False,False,False,False,
180640,한진칼,KOSPI,기타금융,항공사,False,False,False,False,
18064K,한진칼우,KOSPI,기타금융,항공사,False,True,False,False,
181710,NHN,KOSPI,IT 서비스,IT서비스,False,False,False,False,
183190,아세아시멘트,KOSPI,비금속,건축자재,False,False,False,False,
185750,종근당,KOSPI,제약,제약,False,False,False,False,
192080,더블유게임즈,KOSPI,IT 서비스,게임엔터테인먼트,False,False,False,False,
192400,쿠쿠홀딩스,KOSPI,기타금융,가정용기기와용품,False,False,False,False,
192650,드림텍,KOSPI,전기·전자,핸드셋,False,False,False,False,
192820,코스맥스,KOSPI,화학,화장품,False,False,False,False,
194370,제이에스코퍼레이션,KOSPI,섬유·의류,"섬유,의류,신발,호화품",False,False,False,False,
195870,해성디에스,KOSPI,전기·전자,반도체와반도체장비,False,False,False,True,비율없음(tier1·2)
200880,서연이화,KOSPI,운송장비·부품,자동차부품,False,False,False,False,
204210,스타에스엠리츠,KOSPI,부동산,부동산,False,False,False,False,
204320,HL만도,KOSPI,운송장비·부품,자동차부품,False,False,False,False,
207940,삼성바이오로직스,KOSPI,제약,제약,False,False,False,False,
210540,디와이파워,KOSPI,기계·장비,기계,False,False,False,False,
210980,SK디앤디,KOSPI,부동산,부동산,False,False,False,False,
213500,한솔제지,KOSPI,종이·목재,종이와목재,False,False,False,False,
214320,이노션,KOSPI,일반서비스,광고,False,False,False,False,
214330,금호에이치티,KOSPI,운송장비·부품,자동차부품,False,False,False,False,
214390,경보제약,KOSPI,제약,제약,False,False,False,False,
214420,토니모리,KOSPI,화학,화장품,False,False,True,False,
217590,티엠씨,KOSPI,전기·전자,조선,False,False,False,False,
226320,잇츠한불,KOSPI,화학,화장품,False,False,False,False,
227840,현대코퍼레이션홀딩스,KOSPI,유통,식품과기본식료품소매,False,False,False,False,
229640,LS에코에너지,KOSPI,기타금융,전기장비,False,False,False,False,
234080,JW생명과학,KOSPI,제약,제약,False,False,False,False,
241560,두산밥캣,KOSPI,기계·장비,기계,False,False,False,False,
241590,화승엔터프라이즈,KOSPI,섬유·의류,"섬유,의류,신발,호화품",False,False,False,False,
244920,에이플러스에셋,KOSPI,기타금융,손해보험,False,False,False,False,
248070,솔루엠,KOSPI,전기·전자,전자장비와기기,False,False,False,False,
248170,샘표식품,KOSPI,음식료·담배,식품,False,False,False,False,
249420,일동제약,KOSPI,제약,제약,False,False,False,False,
251270,넷마블,KOSPI,IT 서비스,게임엔터테인먼트,False,False,False,False,
259960,크래프톤,KOSPI,IT 서비스,게임엔터테인먼트,False,False,False,False,
264900,크라운제과,KOSPI,음식료·담배,식품,False,False,False,False,
26490K,크라운제과우,KOSPI,음식료·담배,식품,False,True,False,False,
267250,HD현대,KOSPI,기타금융,조선,False,False,False,False,
267260,HD현대일렉트릭,KOSPI,전기·전자,전기장비,False,False,False,False,
267270,HD건설기계,KOSPI,기계·장비,기계,False,False,False,False,
267290,경동도시가스,KOSPI,전기·가스,가스유틸리티,False,False,False,False,
267850,아시아나IDT,KOSPI,IT 서비스,IT서비스,False,False,False,False,
268280,미원에스씨,KOSPI,화학,화학,False,False,False,False,
271560,오리온,KOSPI,음식료·담배,식품,False,False,False,False,
271940,일진하이솔루스,KOSPI,운송장비·부품,자동차부품,False,False,False,False,
271980,제일약품,KOSPI,제약,제약,False,False,False,False,
272210,한화시스템,KOSPI,전기·전자,우주항공과국방,False,False,False,False,
272450,진에어,KOSPI,운송·창고,항공사,False,False,False,False,
272550,삼양패키징,KOSPI,화학,포장재,False,False,False,False,
278470,에이피알,KOSPI,화학,화장품,False,False,False,False,
279570,케이뱅크,KOSPI,은행,은행,False,False,False,False,
280360,롯데웰푸드,KOSPI,음식료·담배,식품,False,False,False,False,
281820,케이씨텍,KOSPI,의료·정밀기기,반도체와반도체장비,False,False,False,False,
282330,BGF리테일,KOSPI,유통,백화점과일반상점,False,False,False,False,
284740,쿠쿠홈시스,KOSPI,일반서비스,가정용기기와용품,False,False,False,False,
285130,SK케미칼,KOSPI,화학,화학,False,False,False,False,
28513K,SK케미칼우,KOSPI,화학,화학,False,True,False,False,
286940,롯데이노베이트,KOSPI,IT 서비스,IT서비스,False,False,False,False,
293480,하나제약,KOSPI,제약,제약,False,False,False,False,
293940,신한알파리츠,KOSPI,부동산,부동산,False,False,False,False,
294870,IPARK현대산업개발,KOSPI,건설,건설,False,False,False,True,비율합계29%
298000,효성화학,KOSPI,화학,화학,False,False,False,False,
298020,효성티앤씨,KOSPI,화학,"섬유,의류,신발,호화품",False,False,False,False,
298040,효성중공업,KOSPI,전기·전자,전기장비,False,False,False,False,
298050,HS효성첨단소재,KOSPI,화학,화학,False,False,False,False,
298690,에어부산,KOSPI,운송·창고,항공사,False,False,False,False,
300720,한일시멘트,KOSPI,비금속,건축자재,False,False,False,False,
302440,SK바이오사이언스,KOSPI,제약,제약,False,False,False,False,
306200,세아제강,KOSPI,금속,철강,False,False,False,False,
307950,현대오토에버,KOSPI,IT 서비스,IT서비스,False,False,False,False,
308170,씨티알모빌리티,KOSPI,운송장비·부품,자동차부품,False,False,False,False,
316140,우리금융지주,KOSPI,기타금융,은행,False,False,False,False,
317400,자이에스앤디,KOSPI,부동산,건설,False,False,False,False,
317450,명인제약,KOSPI,제약,제약,False,False,False,False,
322000,HD현대에너지솔루션,KOSPI,전기·전자,에너지장비및서비스,False,False,False,False,
323410,카카오뱅크,KOSPI,은행,은행,False,False,False,False,
326030,SK바이오팜,KOSPI,일반서비스,제약,False,False,False,False,
329180,HD현대중공업,KOSPI,운송장비·부품,조선,False,False,False,False,
330590,롯데리츠,KOSPI,부동산,부동산,False,False,False,False,
334890,이지스밸류플러스리츠,KOSPI,부동산,부동산,False,False,False,False,
336260,두산퓨얼셀,KOSPI,전기·전자,전기제품,False,False,False,False,
33626K,두산퓨얼셀1우,KOSPI,전기·전자,전기제품,False,True,False,False,
33626L,두산퓨얼셀2우B,KOSPI,전기·전자,전기제품,False,True,False,False,
336370,솔루스첨단소재,KOSPI,전기·전자,전자장비와기기,False,False,False,False,
33637K,솔루스첨단소재1우,KOSPI,전기·전자,전자장비와기기,False,True,False,False,
33637L,솔루스첨단소재2우B,KOSPI,전기·전자,전자장비와기기,False,True,False,False,
338100,NH프라임리츠,KOSPI,부동산,부동산,False,False,False,False,
339770,교촌에프앤비,KOSPI,유통,식품,False,False,False,False,
344820,KCC글라스,KOSPI,비금속,건축자재,False,False,False,False,
348950,제이알글로벌리츠,KOSPI,부동산,부동산,False,False,False,False,
350520,이지스레지던스리츠,KOSPI,부동산,부동산,False,False,False,False,
352820,하이브,KOSPI,오락·문화,방송과엔터테인먼트,False,False,False,False,
353200,대덕전자,KOSPI,전기·전자,전자장비와기기,False,False,False,False,
35320K,대덕전자1우,KOSPI,전기·전자,전자장비와기기,False,True,False,False,
357120,코람코라이프인프라리츠,KOSPI,부동산,부동산,False,False,False,False,
357250,미래에셋맵스리츠,KOSPI,부동산,부동산,False,False,False,False,
357430,마스턴프리미어리츠,KOSPI,부동산,부동산,False,False,False,False,
361610,SK아이이테크놀로지,KOSPI,전기·전자,전기제품,False,False,False,False,
363280,티와이홀딩스,KOSPI,기타금융,"호텔,레스토랑,레저",False,False,False,False,
36328K,티와이홀딩스우,KOSPI,기타금융,"호텔,레스토랑,레저",False,True,False,False,
365550,ESR켄달스퀘어리츠,KOSPI,부동산,부동산,False,False,False,False,
372910,한컴라이프케어,KOSPI,의료·정밀기기,건강관리장비와용품,False,False,False,False,
373220,LG에너지솔루션,KOSPI,전기·전자,전기제품,False,False,False,True,비율없음(tier1·2)
375500,DL이앤씨,KOSPI,건설,건설,False,False,False,False,
37550K,DL이앤씨우,KOSPI,건설,건설,False,True,False,False,
37550L,DL이앤씨2우(전환),KOSPI,건설,건설,False,False,False,False,
377190,디앤디플랫폼리츠,KOSPI,부동산,부동산,False,False,False,False,
377300,카카오페이,KOSPI,기타금융,IT서비스,False,False,True,False,
377740,바이오노트,KOSPI,제약,건강관리장비와용품,False,False,False,False,
378850,화승알앤에이,KOSPI,운송장비·부품,자동차부품,False,False,False,False,
381970,케이카,KOSPI,유통,자동차,False,False,False,False,
383220,F&F,KOSPI,섬유·의류,"섬유,의류,신발,호화품",False,False,False,False,
383800,LX홀딩스,KOSPI,기타금융,무역회사와판매업체,False,False,False,False,
38380K,LX홀딩스1우,KOSPI,기타금융,무역회사와판매업체,False,True,False,False,
395400,SK리츠,KOSPI,부동산,부동산,False,False,False,False,
396690,미래에셋글로벌리츠,KOSPI,부동산,부동산,False,False,False,False,
400760,NH올원리츠,KOSPI,부동산,부동산,False,False,False,False,
402340,SK스퀘어,KOSPI,기타금융,복합기업,False,False,False,False,
403550,쏘카,KOSPI,일반서비스,도로와철도운송,False,False,False,False,
404990,신한서부티엔디리츠,KOSPI,부동산,부동산,False,False,False,False,
415640,KB발해인프라,KOSPI,기타금융,운송인프라,False,False,False,False,
417310,코람코더원리츠,KOSPI,부동산,부동산,False,False,False,False,
432320,KB스타리츠,KOSPI,부동산,부동산,False,False,False,False,
439260,대한조선,KOSPI,운송장비·부품,조선,False,False,False,False,
443060,HD현대마린솔루션,KOSPI,일반서비스,조선,False,False,False,False,
446070,유니드비티플러스,KOSPI,종이·목재,건축자재,False,False,False,False,
448730,삼성FN리츠,KOSPI,부동산,부동산,False,False,False,False,
450080,에코프로머티,KOSPI,전기·전자,전기제품,False,False,False,False,
451800,한화리츠,KOSPI,부동산,부동산,False,False,False,False,
452260,한화갤러리아,KOSPI,유통,백화점과일반상점,False,False,False,False,
45226K,한화갤러리아우,KOSPI,유통,백화점과일반상점,False,True,False,False,
453340,현대그린푸드,KOSPI,유통,식품,False,False,False,False,
454910,두산로보틱스,KOSPI,기계·장비,기계,False,False,False,False,
456040,OCI,KOSPI,화학,화학,False,False,False,False,
457190,이수스페셜티케미컬,KOSPI,화학,화학,False,False,False,False,
460850,동국씨엠,KOSPI,금속,철강,False,False,False,False,
460860,동국제강,KOSPI,금속,철강,False,False,False,False,
462520,조선내화,KOSPI,비금속,비철금속,False,False,False,False,
462870,시프트업,KOSPI,IT 서비스,게임엔터테인먼트,False,False,False,False,
465770,STX그린로지스,KOSPI,운송·창고,해운사,False,False,False,False,
475150,SK이터닉스,KOSPI,건설,에너지장비및서비스,False,False,False,False,
475560,더본코리아,KOSPI,유통,"호텔,레스토랑,레저",False,False,False,False,
480370,씨케이솔루션,KOSPI,기계·장비,기계,False,False,False,False,
481850,신한글로벌액티브리츠,KOSPI,기타금융,부동산,False,False,False,False,
483650,달바글로벌,KOSPI,화학,화장품,False,False,False,False,
484870,엠앤씨솔루션,KOSPI,기계·장비,우주항공과국방,False,False,False,False,
487570,HS효성,KOSPI,기타금융,복합기업,False,False,False,False,
489790,한화비전,KOSPI,전기·전자,통신장비,False,False,False,False,
499790,GS피앤엘,KOSPI,기타금융,"호텔,레스토랑,레저",False,False,False,False,
900140,엘브이엠씨홀딩스,KOSPI,유통,자동차,False,False,False,False,
950210,프레스티지바이오파마,KOSPI,일반서비스,제약,False,False,False,False,
