종목코드,종목명,자기주식 제외 시가총액(A*B),종가,자기주식 제외 발행주식수(B=C-D),총발행주식수(C),자기주식수(D),자기주식수 반영시점
"060310","3S","77572316480","1462","53059040","53059040","0","2025-12"
"095570","AJ네트웍스","214357529500","4790","44751050","45252759","501709","2025-12"
"006840","AK홀딩스","104233505050","7990","13045495","13247561","202066","2025-12"
"054620","APS","93812892100","5570","16842530","18394221","1551691","2025-12"
"079810","APS이노베이션","109958098470","5170","21268491","21528094","259603","2025-12"
"265520","AP시스템","388225267500","26250","14789534","15050821","261287","2025-12"
"211270","AP위성","256481561220","18020","14233161","15082304","849143","2025-12"
"027410","BGF","467058778080","4880","95708766","95716791","8025","2025-12"
"282330","BGF리테일","2352857043000","136200","17275015","17283906","8891","2025-12"
"126600","BGF에코머티리얼즈","239337033000","3865","61924200","62766899","842699","2025-12"
"138930","BNK금융지주","5356244589580","17260","310327033","310327033","0","2025-12"
"001460","BYC","278679128000","45500","6124816","6246150","121334","2025-12"
"083790","CG인바이츠","87274896570","1135","76894182","76894182","0","2025-12"
"001040","CJ","4608054716200","170300","27058454","29176998","2118544","2025-12"
"079160","CJ CGV","813837422275","4915","165582385","165582385","0","2025-12"
"035760","CJ ENM","881656082500","42500","20744849","21929154","1184305","2025-12"
"311690","CJ 바이오사이언스","80352591300","6150","13065462","13065462","0","2025-12"
"000120","CJ대한통운","1779105506800","89200","19945129","22812344","2867215","2025-12"
"011150","CJ씨푸드","88030393850","2450","35930773","35930773","0","2025-12"
"097950","CJ제일제당","3255358698500","221500","14696879","15054186","357307","2025-12"
"051500","CJ프레시웨이","295602491400","24900","11871586","11871586","0","2025-12"
"058820","CMG제약","214371165350","1450","147842183","147842183","0","2025-12"
"056730","CNT85","21399140430","2070","10337749","14822237","4484488","2025-12"
"000480","CR홀딩스","199062863400","4825","41256552","46890490","5633938","2025-12"
"065770","CS","30747229920","1584","19411130","19411130","0","2025-12"
"083660","CSA 코스믹","19162984995","305","62829459","62829459","0","2025-12"
"000590","CS홀딩스","79796402500","77500","1029631","1154482","124851","2025-12"
"012030","DB","382061066000","2000","191030533","201173933","10143400","2025-12"
"477760","DB금융스팩12호","13023200000","2230","5840000","5840000","0","2025-12"
"005830","DB손해보험","9115626770800","160600","56759818","65500349","8740531","2025-12"
"016610","DB증권","500744237500","12500","40059539","42446389","2386850","2025-12"
"000990","DB하이텍","7257712327300","170900","42467597","43504588","1036991","2025-12"
"099520","DGI","58000622016","1284","45171824","45281824","110000","2025-12"
"000300","DH오토넥스","174035631000","4200","41437055","41437055","0","2025-12"
"290120","DH오토리드","43041957280","2720","15824249","15824249","0","2025-12"
"025440","DH오토웨어","38094740937","781","48776877","48781224","4347","2025-12"
"001530","DI동일","574790328750","27750","20713165","20715621","2456","2025-12"
"015590","DKME","137449284500","2900","47396305","47396308","3","2025-12"
"000210","DL","1201423729800","57400","20930727","20955884","25157","2025-12"
"375500","DL이앤씨","2993186899000","79700","37555670","38693623","1137953","2025-12"
"068790","DMS","160474292640","7110","22570224","22570224","0","2025-12"
"007340","DN오토모티브","2520822549000","48700","51762270","58510865","6748595","2025-12"
"004840","DRB동일","91770609040","4930","18614728","19272364","657636","2025-12"
"241520","DSC인베스트먼트","339356945840","13360","25400969","26600000","1199031","2025-12"
"155660","DSR","71200000000","4450","16000000","16000000","0","2025-12"
"069730","DSR제강","76608000000","5320","14400000","14400000","0","2025-12"
"017860","DS단석","332329869630","18810","17667723","17759139","91416","2025-12"
"180400","DXVX","335641853360","3410","98428696","98429432","736","2025-12"
"092780","DYP","62473613400","4950","12620932","13168460","547528","2025-12"
"017940","E1","549266345000","95000","5781751","6860000","1078249","2025-12"
"418620","E8","25746068669","1297","19850477","19850477","0","2025-12"
"245620","EDGC","57441040175","415","138412145","138493951","81806","2025-12"
"037370","EG","40364868960","4680","8624972","8624972","0","2025-12"
"050120","ES큐브","38173204950","2850","13394107","13564086","169979","2025-12"
"383220","F&F","3054748281000","81500","37481574","38307075","825501","2025-12"
"007700","F&F홀딩스","714979041900","18300","39069893","39114367","44474","2025-12"
"214270","FSN","69868525984","1544","45251636","45254585","2949","2025-12"
"032620","GC메디아이","185868854400","3660","50783840","52197139","1413299","2025-12"
"130500","GH신소재","34980804365","2405","14545033","14545052","19","2025-12"
"114090","GKL","753402060600","12180","61855670","61855670","0","2025-12"
"078930","GS","6948583026000","74800","92895495","92915378","19883","2025-12"
"083450","GST","1064272632500","59500","17886935","18430000","543065","2025-12"
"006360","GS건설","2674000192500","31500","84888895","85581490","692595","2025-12"
"001250","GS글로벌","312244339570","3785","82495202","82533764","38562","2025-12"
"007070","GS리테일","2373262756000","28400","83565590","83607415","41825","2025-12"
"499790","GS피앤엘","960543301000","48550","19784620","19830841","46221","2025-12"
"297890","HB솔루션","169686920480","2320","73140914","73140914","0","2025-12"
"440290","HB인베스트먼트","55287924300","2010","27506430","27506430","0","2025-12"
"078150","HB테크놀러지","326540721150","3675","88854618","92715916","3861298","2025-12"
"225530","HC보광산업","111922737080","3080","36338551","36338727","176","2025-12"
"060560","HC홈센타","77814223065","3065","25388001","25388001","0","2025-12"
"012630","HDC","1138539123000","23000","49501701","59741721","10240020","2025-12"
"039570","HDC랩스","181497388700","7900","22974353","25957601","2983248","2025-12"
"089470","HDC현대EP","117068000000","4520","25900000","31900000","6000000","2025-12"
"267270","HD건설기계","7819398184000","163000","47971768","47974118","2350","2025-12"
"009540","HD한국조선해양","28992998300000","410000","70714630","70773116","58486","2025-12"
"267250","HD현대","19009807670000","269000","70668430","78993085","8324655","2025-12"
"443060","HD현대마린솔루션","9908194660000","221000","44833460","44833460","0","2025-12"
"071970","HD현대마린엔진","2605169126400","76800","33921473","33921495","22","2025-12"
"322000","HD현대에너지솔루션","2374400000000","212000","11200000","11200000","0","2025-12"
"267260","HD현대일렉트릭","41283631488000","1147000","35992704","36047135","54431","2025-12"
"329180","HD현대중공업","64533656010000","615000","104932774","104961225","28451","2025-12"
"376270","HEM파마","432724076100","60300","7176187","7186187","10000","2025-12"
"097230","HJ중공업","2085685209300","23100","90289403","90295344","5941","2025-12"
"195940","HK이노엔","1323005909700","46700","28329891","28329891","0","2025-12"
"014790","HL D&I","110168528910","2910","37858601","37858601","0","2025-12"
"028300","HLB","6686206772800","50300","132926576","133183277","256701","2025-12"
"003580","HLB글로벌","92500859770","1826","50657645","50663505","5860","2025-12"
"278650","HLB바이오스텝","77518894860","4785","16200396","17432396","1232000","2025-12"
"067630","HLB생명과학","424028040240","3480","121847138","121917058","69920","2025-12"
"024850","HLB이노베이션","634521480000","20000","31726074","31733098","7024","2025-12"
"187420","HLB제넥스","75688714950","2325","32554286","32554286","0","2025-12"
"047920","HLB제약","450983156250","13750","32798775","32799356","581","2025-12"
"115450","HLB테라퓨틱스","264906853795","3005","88155359","88580109","424750","2025-12"
"046210","HLB파나진","77397532000","1700","45527960","45527960","0","2025-12"
"196300","HLB펩","59071565700","6300","9376439","9376439","0","2025-12"
"204320","HL만도","2746991520000","58500","46957120","46957120","0","2025-12"
"060980","HL홀딩스","416353301350","46550","8944217","9078847","134630","2025-12"
"011200","HMM","18827029881200","19960","943237970","943237970","0","2025-12"
"403870","HPSP","4153227750000","52200","79563750","82300000","2736250","2025-12"
"036640","HRS","79669098525","4985","15981765","16354800","373035","2025-12"
"035000","HS애드","121557330000","7500","16207644","16207644","0","2025-12"
"002460","HS화성","125421267850","13150","9537739","10150000","612261","2025-12"
"487570","HS효성","213478675200","57600","3706227","3725927","19700","2025-12"
"298050","HS효성첨단소재","1012006983000","226500","4468022","4479948","11926","2025-12"
"467930","IBKS제23호스팩","8883000000","2100","4230000","4230000","0","2025-12"
"469480","IBKS제24호스팩","10025100000","2370","4230000","4230000","0","2025-12"
"0099X0","IBKS제25호스팩","12797200000","2140","5980000","5980000","0","2025-12"
"015360","INVENI","438694320000","16880","25989000","27250000","1261000","2025-12"
"294870","IPARK현대산업개발","1398720383550","22050","63434031","65907330","2473299","2025-12"
"095340","ISC","4277016128000","209000","20464192","21197058","732866","2025-12"
"175330","JB금융지주","4664391191000","25250","184728364","188253584","3525220","2025-12"
"234080","JW생명과학","186434030160","12040","15484554","15834554","350000","2025-12"
"067290","JW신약","92482268875","1655","55880525","56037103","156578","2025-12"
"001060","JW중외제약","665210781000","29500","22549518","23285930","736412","2025-12"
"096760","JW홀딩스","271228041840","3920","69190827","73924942","4734115","2025-12"
"035900","JYP Ent.","2021116599000","61000","33133059","35532492","2399433","2025-12"
"318000","KBG","34144991925","3925","8699361","8740223","40862","2025-12"
"008970","KBI동양철관","163612220310","1577","103749030","103766907","17877","2025-12"
"024840","KBI메탈","251198948250","6750","37214659","37285777","71118","2025-12"
"105560","KB금융","53546339322000","153000","349976074","372850455","22874381","2025-12"
"024120","KB오토시스","42837500000","3725","11500000","11500000","0","2025-12"
"464680","KB제27호스팩","27165025000","2105","12905000","12905000","0","2025-12"
"478390","KB제29호스팩","12906500000","2075","6220000","6220000","0","2025-12"
"486630","KB제30호스팩","11071350000","2085","5310000","5310000","0","2025-12"
"492220","KB제31호스팩","12854700000","2070","6210000","6210000","0","2025-12"
"0037T0","KB제32호스팩","12691650000","2005","6330000","6330000","0","2025-12"
"0072Z0","KB제33호스팩","15746345000","1997","7885000","7885000","0","2025-12"
"002380","KCC","3838877262000","522000","7354171","8886471","1532300","2025-12"
"021320","KCC건설","125656246800","6300","19945436","21400000","1454564","2025-12"
"344820","KCC글라스","420106824550","26350","15943333","15970512","27179","2025-12"
"009070","KCTC","162300000000","5410","30000000","30000000","0","2025-12"
"009440","KC그린홀딩스","17334430596","756","22929141","23239141","310000","2025-12"
"119650","KC코트렐","100782913662","918","109785309","109785309","0","2025-12"
"044180","KD","5475794155","205","26711191","26717799","6608","2025-12"
"092220","KEC","369002653158","1838","200763141","200763141","0","2025-12"
"003620","KG모빌리티","754858421760","3730","202374912","202374912","0","2025-12"
"016380","KG스틸","672637374200","6950","96782356","100008897","3226541","2025-12"
"151860","KG에코솔루션","266840789640","6360","41956099","47603002","5646903","2025-12"
"035600","KG이니시스","279494124000","10500","26618488","27554434","935946","2025-12"
"001390","KG케미칼","359024380200","5340","67233030","67233030","0","2025-12"
"046440","KG파이낸셜","164570012090","4565","36050386","38010802","1960416","2025-12"
"060720","KH바텍","268636417980","12190","22037442","23677442","1640000","2025-12"
"001940","KISCO홀딩스","295443403450","24050","12284549","14176380","1891831","2025-12"
"058400","KNN","91641366240","692","132429720","132429720","0","2025-12"
"025000","KPX케미칼","218157027200","52600","4147472","4378709","231237","2025-12"
"092230","KPX홀딩스","336438526800","85200","3948809","4224646","275837","2025-12"
"000040","KR모터스","34113612520","395","86363576","86375184","11608","2025-12"
"044450","KSS해운","245191921500","10860","22577525","23085880","508355","2025-12"
"101000","KS인더스트리","27895978176","704","39624969","39641948","16979","2025-12"
"030200","KT","13742418591000","57000","241095063","252021685","10926622","2025-12"
"033780","KT&G","15970543281000","178200","89621455","103810456","14189001","2025-12"
"058850","KTcs","94944683610","2590","36658179","41404450","4746271","2025-12"
"058860","KTis","84075920500","2750","30573062","34802000","4228938","2025-12"
"089600","KT나스미디어","129455635050","11450","11306169","11568163","261994","2025-12"
"418470","KT밀리의서재","93281442210","10890","8565789","8565789","0","2025-12"
"043610","KT지니뮤직","95832357262","1649","58115438","58115438","0","2025-12"
"122450","KX","131322113620","2930","44819834","44819834","0","2025-12"
"052900","KX하이텍","103665998144","1492","69481232","69481232","0","2025-12"
"036560","KZ정밀","210420000000","13360","15750000","15750000","0","2025-12"
"061970","LB세미콘","314809892520","5420","58083006","58083006","0","2025-12"
"309960","LB인베스트먼트","117966622590","5130","22995443","23217239","221796","2025-12"
"093050","LF","650640981600","24400","26665614","29240000","2574386","2025-12"
"003550","LG","17447557261600","115400","151192004","154221585","3029581","2025-12"
"034220","LG디스플레이","6695000000000","13390","500000000","500000000","0","2025-12"
"051900","LG생활건강","3801308326500","259500","14648587","15291262","642675","2025-12"
"064400","LG씨엔에스","7876827572400","81300","96885948","96885948","0","2025-12"
"373220","LG에너지솔루션","95472000000000","408000","234000000","234000000","0","2025-12"
"032640","LG유플러스","6641989286400","15600","425768544","429828355","4059811","2025-12"
"011070","LG이노텍","17985025320000","760000","23664507","23667107","2600","2025-12"
"066570","LG전자","35345586913000","217000","162882889","162884638","1749","2025-12"
"037560","LG헬로비전","169608634350","2190","77446865","77446865","0","2025-12"
"051910","LG화학","26330943193000","373000","70592341","70592343","2","2025-12"
"079550","LIG디펜스앤에어로스페이스","18328164750000","839000","21845250","22000000","154750","2025-12"
"073490","LIG아큐버","333048454800","43800","7603846","7603846","0","2025-12"
"225190","LK삼양","143050933200","2030","70468440","70468440","0","2025-12"
"006260","LS","14380028784000","528000","27234903","31200000","3965097","2025-12"
"010120","LS ELECTRIC","37958707468500","253500","149738491","150000000","261509","2025-12"
"000680","LS네트웍스","301815543620","3830","78803014","78803016","2","2025-12"
"060370","LS마린솔루션","1824513297150","35850","50892979","52238854","1345875","2025-12"
"417200","LS머트리얼즈","1464680067350","21650","67652659","67652659","0","2025-12"
"229640","LS에코에너지","2401944019200","79200","30327576","30624879","297303","2025-12"
"078020","LS증권","361912868560","7180","50405692","55481190","5075498","2025-12"
"322180","LS티라유텍","163191475200","7800","20921984","20921984","0","2025-12"
"108320","LX세미콘","912427230000","56100","16264300","16264300","0","2025-12"
"001120","LX인터내셔널","1645531516500","45750","35967902","38760000","2792098","2025-12"
"108670","LX하우시스","343672128000","38400","8949795","8967670","17875","2025-12"
"383800","LX홀딩스","731855318400","9600","76234929","76280690","45761","2025-12"
"476080","M83","46281210000","5730","8077000","8077000","0","2025-12"
"086960","MDS테크","134937839880","3285","41076968","41076968","0","2025-12"
"023150","MH에탄올","25313677700","3950","6408526","7378526","970000","2025-12"
"035420","NAVER","29920183000000","200000","149600915","156873776","7272861","2025-12"
"036570","NC","5012946515500","258500","19392443","21544022","2151579","2025-12"
"160550","NEW","44342802434","1589","27906106","27906106","0","2025-12"
"053290","NE능률","28739247873","1739","16526307","16526307","0","2025-12"
"181710","NHN","1177481307600","38200","30824118","32753139","1929021","2025-12"
"060250","NHN KCP","663430016030","17590","37716317","40160611","2444294","2025-12"
"104200","NHN벅스","50431741020","3730","13520574","14827550","1306976","2025-12"
"054050","NH농우바이오","120870429940","7540","16030561","16030561","0","2025-12"
"005940","NH투자증권","11363359301100","31950","355660698","356344369","683671","2025-12"
"034310","NICE","465328302530","13390","34751927","36757157","2005230","2025-12"
"063570","NICE인프라","124506160640","4105","30330368","34147728","3817360","2025-12"
"030190","NICE평가정보","832275317790","14230","58487373","58911527","424154","2025-12"
"008260","NI스틸","102178977000","3625","28187304","28600117","412813","2025-12"
"004250","NPC","115518803400","3510","32911340","36720000","3808660","2025-12"
"222160","NPX","79551289560","8040","9894439","9894439","0","2025-12"
"456040","OCI","1114585627500","124500","8952495","8952495","0","2025-12"
"010060","OCI홀딩스","5937133776000","318000","18670232","18670232","0","2025-12"
"178920","PI첨단소재","795827326200","27100","29366322","29366322","0","2025-12"
"001340","PKC","256382898400","5800","44203948","44973248","769300","2025-12"
"024940","PN풍년","26833231400","2855","9398680","10000000","601320","2025-12"
"005490","POSCO홀딩스","34229290902000","463000","73929354","79241527","5312173","2025-12"
"332570","PS일렉트로닉스","587280004000","12700","46242520","46711563","469043","2025-12"
"218410","RFHIC","2458940510400","96800","25402278","26553442","1151164","2025-12"
"327260","RF머트리얼즈","844274177600","99400","8493704","8495135","1431","2025-12"
"474610","RF시스템즈","171911199600","12180","14114220","14307648","193428","2025-12"
"091340","S&K폴리텍","27255125235","2545","10709283","11703721","994438","2025-12"
"010950","S-Oil","12552981308000","111500","112582792","112582792","0","2025-12"
"419530","SAMG엔터","268820285550","28650","9382907","10029487","646580","2025-12"
"019550","SBI인베스트먼트","102808853114","638","161142403","162066575","924172","2025-12"
"034120","SBS","264129130560","14240","18548394","18551238","2844","2025-12"
"003080","SB성보","47207130610","2410","19588021","20020000","431979","2025-12"
"246960","SCL사이언스","62212820456","1829","34014664","34017047","2383","2025-12"
"099220","SDN","71378892900","1134","62944350","64944350","2000000","2025-12"
"036540","SFA반도체","1393702491500","8500","163964999","164460303","495304","2025-12"
"255220","SG","219207687640","2215","98965096","109563302","10598206","2025-12"
"040610","SG&G","73397737050","2175","33746086","34087196","341110","2025-12"
"184230","SGA솔루션즈","61809497685","3315","18645399","18887979","242580","2025-12"
"016250","SGC E&C","72808089840","14480","5028183","5036986","8803","2025-12"
"005090","SGC에너지","718921375800","49900","14407242","14409333","2091","2025-12"
"001380","SG글로벌","43255504604","1924","22482071","22482071","0","2025-12"
"004060","SG세계물산","55048577670","3495","15750666","20242496","4491830","2025-12"
"001770","SHD","18514740720","15240","1214878","1214878","0","2025-12"
"002360","SH에너지화학","38750469888","358","108241536","111133730","2892194","2025-12"
"009160","SIMPAC","330227250000","6000","55037875","65370968","10333093","2025-12"
"033530","SJG세종","227780357580","8420","27052299","27820961","768662","2025-12"
"123700","SJM","57738122600","3700","15604898","15604898","0","2025-12"
"025530","SJM홀딩스","50481166475","3725","13551991","14934008","1382017","2025-12"
"034730","SK","28896662120000","530000","54522004","72502703","17980699","2025-12"
"357880","SKAI","190356473830","3670","51868249","51868249","0","2025-12"
"011790","SKC","4650362125500","136500","34068587","37868298","3799711","2025-12"
"018670","SK가스","2246010477000","249500","9002046","9257244","255198","2025-12"
"001740","SK네트웍스","1429413125250","8250","173262197","200593889","27331692","2025-12"
"006120","SK디스커버리","852744707800","52700","16181114","17413751","1232637","2025-12"
"210980","SK디앤디","229413102030","12330","18606091","18617382","11291","2025-12"
"302440","SK바이오사이언스","3181413224150","40550","78456553","78456553","0","2025-12"
"326030","SK바이오팜","7478915375000","95500","78313250","78313250","0","2025-12"
"402340","SK스퀘어","144000109312000","1093000","131747584","131958386","210802","2025-12"
"361610","SK아이이테크놀로지","1684814260000","20600","81787100","81787100","0","2025-12"
"100090","SK오션플랜트","1195206607770","19130","62478129","62478129","0","2025-12"
"096770","SK이노베이션","20844057471300","123300","169051561","169052788","1227","2025-12"
"475150","SK이터닉스","1559223489800","45800","34044181","34067004","22823","2025-12"
"001510","SK증권","692170579170","4010","172611117","231295085","58683968","2025-12"
"285130","SK케미칼","810772836150","46950","17268857","17298766","29909","2025-12"
"017670","SK텔레콤","21404718637500","100500","212982275","214790053","1807778","2025-12"
"000660","SK하이닉스","1262960396800000","1840000","686391520","712702365","26310845","2025-12"
"048550","SM C&C","93861913806","978","95973327","96714620","741293","2025-12"
"063440","SM Life Design","59187089384","1306","45319364","45319364","0","2025-12"
"003570","SNT다이내믹스","1148429809800","48600","23630243","33252697","9622454","2025-12"
"064960","SNT모티브","757929849600","31800","23834272","26540272","2706000","2025-12"
"100840","SNT에너지","877393195200","44400","19761108","20680783","919675","2025-12"
"036530","SNT홀딩스","779064251800","52300","14896066","16303886","1407820","2025-12"
"067160","SOOP","543502104000","51000","10656904","11494767","837863","2025-12"
"000390","SP삼화","212459092890","7810","27203469","27203469","0","2025-12"
"011810","STX","109359576500","3530","30980050","31017927","37877","2025-12"
"465770","STX그린로지스","26542151850","3715","7144590","7171032","26442","2025-12"
"077970","STX엔진","1792195901900","44650","40138766","40148063","9297","2025-12"
"002820","SUN&L","27745369200","2300","12063204","12607989","544785","2025-12"
"289080","SV인베스트먼트","183589168360","3380","54316322","54316322","0","2025-12"
"002170","SYTS","153648000000","58200","2640000","3000000","360000","2025-12"
"041930","SY동아","100696557600","7200","13985633","15200000","1214367","2025-12"
"084870","TBH글로벌","40793762464","1994","20458256","20856819","398563","2025-12"
"002710","TCC스틸","432526000500","16500","26213697","26213697","0","2025-12"
"013720","THE CUBE&","33971341729","559","60771631","60828143","56512","2025-12"
"089230","THE E&M","119734393600","3200","37416998","37421354","4356","2025-12"
"032540","TJ미디어","74499277345","3565","20897413","20897413","0","2025-12"
"069260","TKG휴켐스","673025182580","17540","38370877","40878588","2507711","2025-12"
"007980","TP","83157912675","1985","41893155","46897350","5004195","2025-12"
"048770","TPC로보틱스","111455736100","7100","15697991","15697991","0","2025-12"
"246690","TS인베스트먼트","64718941547","1391","46526917","47208459","681542","2025-12"
"317240","TS트릴리온","35858177819","1229","29176711","29176711","0","2025-12"
"002900","TYM","332839709050","8350","39861043","41400000","1538957","2025-12"
"024070","WISCOM","31802358850","2075","15326438","15326438","0","2025-12"
"057030","YBM넷","41431928320","2560","16184347","16312697","128350","2025-12"
"037270","YG PLUS","278526106250","4375","63663110","63663110","0","2025-12"
"040300","YTN","142077400400","2980","47676980","47676980","0","2025-12"
"051390","YW","37704192840","4695","8030712","11355368","3324656","2025-12"
"052220","iMBC","60950000000","2650","23000000","23000000","0","2025-12"
"139130","iM금융지주","2876786263620","17910","160624582","160624583","1","2025-12"
"079940","가비아","410806273500","31500","13041469","13420684","379215","2025-12"
"078890","가온그룹","145925548560","7920","18424943","18424943","0","2025-12"
"000500","가온전선","6286383700000","380000","16543115","16543115","0","2025-12"
"399720","가온칩스","702043449200","59300","11838844","11838844","0","2025-12"
"036620","감성코퍼레이션","479939655720","5320","90214221","90503771","289550","2025-12"
"000860","강남제비스코","196170000000","15090","13000000","13000000","0","2025-12"
"198440","강동씨앤엘","63194300502","1038","60880829","60931896","51067","2025-12"
"217730","강스템바이오텍","286865154450","3050","94054149","94054149","0","2025-12"
"035250","강원랜드","3187060159800","15950","199815684","213940500","14124816","2025-12"
"114190","강원에너지","320268445880","12260","26123038","26123038","0","2025-12"
"094480","갤럭시아머니트리","275001164380","7010","39229838","39229838","0","2025-12"
"011420","갤럭시아에스엠","47247639460","1715","27549644","27549644","0","2025-12"
"039240","경남스틸","69742276340","2585","26979604","26979604","0","2025-12"
"053950","경남제약","45559071360","2915","15629184","15629471","287","2025-12"
"002100","경농","170607407500","9550","17864650","19522575","1657925","2025-12"
"009450","경동나비엔","1034829931200","71600","14452932","14568592","115660","2025-12"
"267290","경동도시가스","129000351300","21900","5890427","5895406","4979","2025-12"
"012320","경동인베스트","126242380800","57900","2180352","2365023","184671","2025-12"
"011040","경동제약","159010340480","5440","29229842","30768766","1538924","2025-12"
"000050","경방","275980357620","10620","25986851","27415270","1428419","2025-12"
"214390","경보제약","143680228600","6010","23906860","23906860","0","2025-12"
"012610","경인양행","226407434720","5540","40867768","41616365","748597","2025-12"
"009140","경인전자","35427564000","27000","1312132","1570797","258665","2025-12"
"024910","경창산업","70740753440","1988","35583880","35819005","235125","2025-12"
"013580","계룡건설","215373250050","24150","8918147","8930907","12760","2025-12"
"012200","계양전기","238744210330","8770","27222829","27222829","0","2025-12"
"002140","고려산업","61269387400","2470","24805420","24939425","134005","2025-12"
"049720","고려신용정보","141584328560","9910","14287016","14300000","12984","2025-12"
"010130","고려아연","28958389440000","1420000","20393232","20872969","479737","2025-12"
"002240","고려제강","584201651500","21650","26983910","27000000","16090","2025-12"
"014570","고려제약","40303244675","3725","10819663","11000000","180337","2025-12"
"348150","고바이오랩","86025678270","4430","19418889","19418889","0","2025-12"
"098460","고영","2395562235000","36300","65993450","68654755","2661305","2025-12"
"035290","골드앤에스","18139364942","761","23836222","23838240","2018","2025-12"
"215000","골프존","280738425000","46750","6005100","6275415","270315","2025-12"
"121440","골프존홀딩스","184433143050","4775","38624742","42836818","4212076","2025-12"
"366030","공구우먼","135923100000","6000","22653850","22653850","0","2025-12"
"009290","광동제약","347154690780","7380","47039931","49799808","2759877","2025-12"
"017040","광명전기","40390657180","932","43337615","43337615","0","2025-12"
"029480","광무","121191712530","2030","59700351","59719132","18781","2025-12"
"017900","광전자","543928640400","10800","50363763","57943763","7580000","2025-12"
"037710","광주신세계","278751282800","38200","7297154","7627172","330018","2025-12"
"026910","광진실업","13323242400","2080","6405405","6405405","0","2025-12"
"465320","교보15호스팩","8896350000","2335","3810000","3810000","0","2025-12"
"482520","교보16호스팩","12413500000","2035","6100000","6100000","0","2025-12"
"489210","교보17호스팩","10748500000","2075","5180000","5180000","0","2025-12"
"0041B0","교보18호스팩","10130400000","2010","5040000","5040000","0","2025-12"
"0098T0","교보19호스팩","10935000000","2025","5400000","5400000","0","2025-12"
"0132G0","교보20호스팩","11934030000","1999","5970000","5970000",,"자료 없음"
"030610","교보증권","1453757395440","12880","112869363","113962961","1093598","2025-12"
"339770","교촌에프앤비","210352986800","4210","49965080","49965080","0","2025-12"
"053270","구영테크","62632775425","2285","27410405","27410405","0","2025-12"
"007690","국도화학","312971947200","36450","8586336","9260832","674496","2025-12"
"066620","국보디자인","165444861450","24450","6766661","7500000","733339","2025-12"
"043650","국순당","62017436040","3940","15740466","17858304","2117838","2025-12"
"006050","국영지앤엠","36335700496","1072","33895243","34895243","1000000","2025-12"
"060480","국일신동","19618210000","1769","11090000","11090000","0","2025-12"
"078130","국일제지","491548959756","436","1127405871","1127405871","0","2025-12"
"307750","국전","168706784375","3125","53986171","53986288","117","2025-12"
"002720","국제약품","86966909520","4110","21159832","21159832","0","2025-12"
"035080","그래디언트","95350368600","10380","9185970","11431284","2245314","2025-12"
"318060","그래피","312848956000","28000","11173177","11173177","0","2025-12"
"453450","그리드위즈","152818510000","19240","7942750","7942750","0","2025-12"
"204020","그리티","42128628620","2180","19325059","19450832","125773","2025-12"
"0015G0","그린광학","320064496350","27350","11702541","11702541","0","2025-12"
"402490","그린리소스","265018303620","15870","16699326","16699326","0","2025-12"
"114450","그린생명과학","54553042500","2750","19837470","20000000","162530","2025-12"
"083420","그린케미칼","128400000000","5350","24000000","24000000","0","2025-12"
"186230","그린플러스","44661574560","4120","10840188","10920188","80000","2025-12"
"014530","극동유화","124309482300","3565","34869420","34869420","0","2025-12"
"204620","글로벌텍스프리","406175818740","5780","70272633","70283330","10697","2025-12"
"019660","글로본","28303567320","2030","13942644","13944333","1689","2025-12"
"014280","금강공업","143629839990","5070","28329357","29329357","1000000","2025-12"
"053260","금강철강","88797773000","5650","15716420","18720000","3003580","2025-12"
"008870","금비","39050700000","44200","883500","1000000","116500","2025-12"
"001570","금양","632041443000","9900","63842570","63967196","124626","2025-12"
"282720","금양그린파워","141424068000","11720","12066900","12119500","52600","2025-12"
"002990","금호건설","157658590765","4355","36201743","37259974","1058231","2025-12"
"011780","금호석유화학","3097164213000","143000","21658491","25157325","3498834","2025-12"
"214330","금호에이치티","14719142100","3450","4266418","21804651","17538233","2025-12"
"001210","금호전기","47408032623","777","61014199","61880083","865884","2025-12"
"073240","금호타이어","1424811023520","4960","287260287","287260287","0","2025-12"
"036190","금화피에스시","191938175000","32500","5905790","6000000","94210","2025-12"
"049080","기가레인","135383596810","1595","84879998","84883347","3349","2025-12"
"420770","기가비스","1583202174200","124900","12675758","12675758","0","2025-12"
"035460","기산텔레콤","51640073100","3465","14903340","14903340","0","2025-12"
"092440","기신정기","62780000000","2150","29200000","29200000","0","2025-12"
"000270","기아","63147942812500","162500","388602725","390412998","1810273","2025-12"
"024110","기업은행","16466844153550","20650","797425867","797425869","2","2025-12"
"013700","까뮤이앤씨","78154085640","1308","59750830","59750830","0","2025-12"
"004540","깨끗한나라","70382174940","1890","37239246","37240693","1447","2025-12"
"407400","꿈비","49291167975","3435","14349685","14634534","284849","2025-12"
"187790","나노","192597307080","6280","30668361","30840830","172469","2025-12"
"121600","나노신소재","852514716500","70900","12024185","12253691","229506","2025-12"
"286750","나노실리칸첨단소재","47817762196","1493","32027972","32028857","885","2025-12"
"247660","나노씨엠에스","20915974800","4815","4343920","4343920","0","2025-12"
"039860","나노엔텍","205490291880","5430","37843516","38093053","249537","2025-12"
"091970","나노캠텍","27551825747","757","36396071","37673903","1277832","2025-12"
"417010","나노팀","219882735200","10900","20172728","20172728","0","2025-12"
"405920","나라셀라","31182714990","2430","12832393","12878076","45683","2025-12"
"478340","나라스페이스테크놀로지","366191514250","31750","11533591","11533591","0","2025-12"
"051490","나라엠앤디","47612514775","3605","13207355","14200000","992645","2025-12"
"137080","나래나노텍","60826821000","5500","11059422","11059422","0","2025-12"
"190510","나무가","264803959600","18800","14085317","14085317","0","2025-12"
"242040","나무기술","149898094280","4510","33236828","34606264","1369436","2025-12"
"293580","나우IB","210744489000","2220","94929950","94929950","0","2025-12"
"459510","나우로보틱스","366639291500","28250","12978382","12978382","0","2025-12"
"138610","나이벡","239292042650","21050","11367793","11367793","0","2025-12"
"130580","나이스디앤비","84084000000","5460","15400000","15400000","0","2025-12"
"036800","나이스정보통신","253342550000","29000","8735950","10000000","1264050","2025-12"
"267320","나인테크","178604550000","3125","57153456","57415295","261839","2025-12"
"001260","남광토건","82715671880","8420","9823714","9832572","8858","2025-12"
"008350","남선알미늄","225888407500","1750","129079090","129079090","0","2025-12"
"004270","남성",,,,,,"산출 불가"
"003920","남양유업","284976780000","48400","5887950","6000000","112050","2025-12"
"025860","남해화학","387904942550","8090","47948695","49678843","1730148","2025-12"
"111710","남화산업","78234400000","3800","20588000","20588000","0","2025-12"
"091590","남화토건","44729400000","3810","11740000","11740000","0","2025-12"
"168330","내츄럴엔도텍","87300287865","2765","31573341","31754900","181559","2025-12"
"094860","네오리진","36587808702","1458","25094519","25110014","15495","2025-12"
"253590","네오셈","645135761160","15180","42499062","43869164","1370102","2025-12"
"212560","네오오토","157203930840","13310","11810964","11812241","1277","2025-12"
"095660","네오위즈","397514274850","20350","19533871","21636459","2102588","2025-12"
"042420","네오위즈홀딩스","121497335500","20450","5941190","8142283","2201093","2025-12"
"311390","네오크레마","48500757180","3860","12564963","12653789","88826","2025-12"
"085910","네오티스","366554843600","27400","13377914","13934818","556904","2025-12"
"092730","네오팜","294837675600","18850","15641256","16027989","386733","2025-12"
"153460","네이블","54133816060","8290","6530014","6530014","0","2025-12"
"007390","네이처셀","1127613480000","17500","64435056","64435056","0","2025-12"
"033640","네패스","673328698400","29200","23059202","23059202","0","2025-12"
"330860","네패스아크","483097384250","39650","12184045","12184045","0","2025-12"
"351320","넥사다이내믹스","45260410368","1524","29698432","29698642","210","2025-12"
"005720","넥센","328600974800","6920","47485690","52543977","5058287","2025-12"
"002350","넥센타이어","647179856980","6730","96163426","97667877","1504451","2025-12"
"089140","넥스턴앤롤코리아","34293840000","2240","15309750","15316234","6484","2025-12"
"389650","넥스트바이오메디컬","386813224900","47150","8203886","8203886","0","2025-12"
"137940","넥스트아이","21989372666","263","83609782","85368992","1759210","2025-12"
"396270","넥스트칩","190089351180","5780","32887431","32887431","0","2025-12"
"348210","넥스틴","632178536000","62000","10196428","10477005","280577","2025-12"
"092790","넥스틸","492217860000","18930","26002000","26002000","0","2025-12"
"225570","넥슨게임즈","705597996840","11220","62887522","65860174","2972652","2025-12"
"205500","넥써쓰","101487181112","1583","64110664","64112099","1435","2025-12"
"217270","넵튠","146011918000","3250","44926744","46735643","1808899","2025-12"
"251270","넷마블","3299727354000","42350","77915640","81934571","4018931","2025-12"
"104620","노랑풍선","71528898760","4255","16810552","16810552","0","2025-12"
"090350","노루페인트","166200000000","8310","20000000","20000000","0","2025-12"
"000320","노루홀딩스","202001739030","19710","10248693","13291151","3042458","2025-12"
"473980","노머스","182921185880","16540","11059322","11059322","0","2025-12"
"194700","노바렉스","292469673600","16950","17254848","18254848","1000000","2025-12"
"285490","노바텍","183145486120","19480","9401719","10575831","1174112","2025-12"
"145170","노브랜드","79701486060","4855","16416372","16908405","492033","2025-12"
"106520","노블엠앤비","15902299386","411","38691726","38695952","4226","2025-12"
"376930","노을","55804959424","1088","51291323","51291323","0","2025-12"
"486990","노타","629713785000","29500","21346230","21346230","0","2025-12"
"006280","녹십자","1532782956100","134300","11413127","11686538","273411","2025-12"
"142280","녹십자엠에스","88815767710","4085","21741926","21741926","0","2025-12"
"234690","녹십자웰빙","186205586600","10370","17956180","17963290","7110","2025-12"
"005250","녹십자홀딩스","695740586450","15470","44973535","47028210","2054675","2025-12"
"004370","농심","2304504260000","395000","5834188","6082642","248454","2025-12"
"072710","농심홀딩스","448010514000","96600","4637790","4637790","0","2025-12"
"069140","누리플랜","26882025600","1784","15068400","15095804","27404","2025-12"
"040160","누리플렉스","169130835450","14970","11297985","12055535","757550","2025-12"
"332290","누보","44471390976","1128","39424992","39904404","479412","2025-12"
"348340","뉴로메카","806012245200","65200","12362151","12362151","0","2025-12"
"380550","뉴로핏","211728030850","17510","12091835","12091835","0","2025-12"
"060260","뉴보텍","17137686603","1301","13172703","13342356","169653","2025-12"
"463020","뉴엔AI","102465968000","11540","8879200","8879200","0","2025-12"
"123840","뉴온","26767590640","4240","6313111","6365430","52319","2025-12"
"012340","뉴인텍","14425940811","1277","11296743","11300312","3569","2025-12"
"462310","뉴키즈온","29066451030","3690","7877087","8185121","308034","2025-12"
"270870","뉴트리","37778353200","4200","8994846","9200224","205378","2025-12"
"144960","뉴파워프라즈마","432983878100","10700","40465783","43692624","3226841","2025-12"
"085670","뉴프렉스","135486570520","5530","24500284","24500761","477","2025-12"
"064260","다날","497747107060","6580","75645457","75645457","0","2025-12"
"340360","다보링크","83769000148","1609","52062772","52062772","0","2025-12"
"039560","다산네트웍스","184668664450","4390","42065755","42888468","822713","2025-12"
"208860","다산디엠씨","40162818059","1183","33949973","33949973","0","2025-12"
"154040","다산솔루에타","20175905656","1124","17950094","17950094","0","2025-12"
"058730","다스코","55988333100","3075","18207588","19948221","1740633","2025-12"
"030210","다올투자증권","236966257455","3995","59315709","60911106","1595397","2025-12"
"023590","다우기술","1837462244800","44200","41571544","43287312","1715768","2025-12"
"032190","다우데이타","871325000000","22750","38300000","38300000","0","2025-12"
"323350","다원넥스뷰","194553114300","24300","8006301","8010772","4471","2025-12"
"068240","다원시스","96553495610","2530","38163437","38163437","0","2025-12"
"145210","다이나믹디자인","9456421856","224","42216169","42236668","20499","2025-12"
"290660","다이나믹솔루션","88438271782","1046","84549017","84549017","0","2025-12"
"483650","달바글로벌","2838321890000","228500","12421540","12421540","0","2025-12"
"464580","닷밀","34603447320","1880","18406089","18406089","0","2025-12"
"019680","대교","82228299450","1185","69390970","84702850","15311880","2025-12"
"006370","대구백화점","44654648320","5120","8721611","10821611","2100000","2025-12"
"008060","대덕","600939009000","20500","29314098","31287098","1973000","2025-12"
"353200","대덕전자","6938136270000","140400","49416925","49416925","0","2025-12"
"000490","대동","259533130200","9550","27176244","28826865","1650621","2025-12"
"020400","대동금속","25003061440","3920","6378332","6378332","0","2025-12"
"008830","대동기어","161325984000","17950","8987520","8987520","0","2025-12"
"048470","대동스틸","29088447465","3255","8936543","9650000","713457","2025-12"
"004780","대륙제관","62817636050","3950","15903199","15903199","0","2025-12"
"005750","대림바스","85366522800","5220","16353740","16592240","238500","2025-12"
"017650","대림제지","83545350000","9510","8785000","8785000","0","2025-12"
"006570","대림통상","28984044128","1924","15064472","15225000","160528","2025-12"
"389260","대명에너지","353847418750","19750","17916325","17916325","0","2025-12"
"317850","대모","65429941200","7860","8324420","8324420","0","2025-12"
"290670","대보마그네틱","66720244960","8930","7471472","7857660","386188","2025-12"
"078140","대봉엘에스","109810135070","10030","10948169","11086579","138410","2025-12"
"065150","대산F&B","23057900725","145","159020005","159382405","362400","2025-12"
"001680","대상","699890105000","20200","34648025","34648025","0","2025-12"
"084690","대상홀딩스","338587230300","9350","36212538","36212538","0","2025-12"
"036480","대성미생물","26106000000","6870","3800000","3800000","0","2025-12"
"128820","대성산업","255106781340","6810","37460614","45235478","7774864","2025-12"
"117580","대성에너지","221363604440","8140","27194546","27500000","305454","2025-12"
"027830","대성창투","75114000000","1391","54000000","54000000","0","2025-12"
"129920","대성하이텍","149488003200","9200","16248696","16248696","0","2025-12"
"016710","대성홀딩스","130256525280","8120","16041444","16089459","48015","2025-12"
"471050","대신밸런스제17호스팩","12726000000","2100","6060000","6060000","0","2025-12"
"482690","대신밸런스제19호스팩","12044175000","2145","5615000","5615000","0","2025-12"
"020180","대신정보통신","42079661925","1095","38428915","38428915","0","2025-12"
"003540","대신증권","1221321814000","33100","36897940","49219763","12321823","2025-12"
"045390","대아티아이","247009186385","3505","70473377","70473377","0","2025-12"
"009190","대양금속","59383447750","1375","43187962","43192625","4663","2025-12"
"108380","대양전기공업","228949808100","24700","9269223","9567333","298110","2025-12"
"014160","대영포장","107027400462","1038","103109249","108394549","5285300","2025-12"
"047040","대우건설","11900802096000","29300","406170720","410907638","4736918","2025-12"
"003090","대웅","843957845500","20350","41472130","58141980","16669850","2025-12"
"069620","대웅제약","1531484537000","133100","11506270","11586575","80305","2025-12"
"007680","대원","53635436340","4055","13226988","13446474","219486","2025-12"
"000430","대원강업","279620000000","4510","62000000","62000000","0","2025-12"
"048910","대원미디어","76977717180","6370","12084414","12578946","494532","2025-12"
"005710","대원산업","247664736000","12360","20037600","20037600","0","2025-12"
"006340","대원전선","1187978402400","15150","78414416","78414416","0","2025-12"
"003220","대원제약","205761014400","9600","21433439","22427583","994144","2025-12"
"024890","대원화성","36928190352","906","40759592","41249152","489560","2025-12"
"120240","대정화금","98631376250","13750","7173191","7190391","17200","2025-12"
"003310","대주산업","104053509000","2940","35392350","35392350","0","2025-12"
"078600","대주전자재료","2384745377000","157000","15189461","15533073","343612","2025-12"
"393970","대진첨단소재","50428566500","2825","17850820","17850820","0","2025-12"
"012800","대창","116235551898","1523","76320126","91140499","14820373","2025-12"
"015230","대창단조","157934591200","6640","23785330","27143620","3358290","2025-12"
"096350","대창솔루션","86590179350","2410","35929535","36854762","925227","2025-12"
"140520","대창스틸","43271063800","2050","21107836","21109243","1407","2025-12"
"131220","대한과학","32865070770","4410","7452397","7454490","2093","2025-12"
"010170","대한광통신","3591718746000","23100","155485660","155485660","0","2025-12"
"054670","대한뉴팜","88983732260","6340","14035289","14354920","319631","2025-12"
"001070","대한방직","22902077100","6340","3612315","5300000","1687685","2025-12"
"023910","대한약품","163758000000","27850","5880000","6000000","120000","2025-12"
"006650","대한유화","852301800000","138000","6176100","6500000","323900","2025-12"
"001440","대한전선","11350163265000","58100","195355650","195992596","636946","2025-12"
"084010","대한제강","306434132700","10650","28773158","34371596","5598438","2025-12"
"001790","대한제당","235871637525","2735","86241915","89696580","3454665","2025-12"
"001130","대한제분","241095912200","14300","16859854","16900000","40146","2025-12"
"439260","대한조선","2642905003200","68600","38526312","38526312","0","2025-12"
"003490","대한항공","9408036585500","25550","368220610","368220661","51","2025-12"
"005880","대한해운","806868350000","2500","322747340","322747340","0","2025-12"
"003830","대한화섬","128362773500","118700","1081405","1328000","246595","2025-12"
"016090","대현","75899879340","1714","44282310","44282310","0","2025-12"
"069460","대호에이엘","46266609452","532","86967311","87071952","104641","2025-12"
"021040","대호특수강","20954334544","1144","18316726","21704774","3388048","2025-12"
"067080","대화제약","242567357500","13550","17901650","18616650","715000","2025-12"
"298540","더네이쳐홀딩스","108503031140","7490","14486386","14486386","0","2025-12"
"032860","더라미","41014471770","1018","40289265","40395863","106598","2025-12"
"475560","더본코리아","280248633000","18900","14827970","14827970","0","2025-12"
"192080","더블유게임즈","1145043630400","60400","18957676","21173468","2215792","2025-12"
"393890","더블유씨피","545213049840","16110","33843144","33843144","0","2025-12"
"299170","더블유에스아이","84060327825","2025","41511273","41511288","15","2025-12"
"012510","더존비즈온","3364885200000","120000","28040710","30394820","2354110","2025-12"
"462860","더즌","212043604880","2960","71636353","71895526","259173","2025-12"
"224060","더코디","28952629800","5640","5133445","5160722","27277","2025-12"
"043090","더테크놀로지","4417790700","1140","3875255","4139425","264170","2025-12"
"403850","더핑크퐁컴퍼니","194043065700","13530","14341690","14351010","9320","2025-12"
"213420","덕산네오룩스","1107787466500","45100","24562915","24831179","268264","2025-12"
"317330","덕산테코피아","480030011500","23500","20426809","20476584","49775","2025-12"
"077360","덕산하이메탈","781062064380","17190","45437002","45437002","0","2025-12"
"004830","덕성","56231324800","4045","13901440","15680000","1778560","2025-12"
"090410","덕신이피씨","53872236915","1169","46084035","46084095","60","2025-12"
"0001A0","덕양에너젠","361670834850","14650","24687429","24791195","103766","2025-12"
"263600","덕우전자","88572523600","5560","15930310","15930310","0","2025-12"
"194480","데브시스터즈","194076499800","17700","10964774","12129150","1164376","2025-12"
"373160","데이원컴퍼니","64342805540","4660","13807469","13807469","0","2025-12"
"263800","데이타솔루션","75934778400","4680","16225380","16225380","0","2025-12"
"206560","덱스터","51064919990","2030","25155133","25411736","256603","2025-12"
"261200","덴티스","56835871500","3595","15809700","15809700","0","2025-12"
"145720","덴티움","305858124000","49500","6178952","8623891","2444939","2025-12"
"484120","도우인시스","237776057400","21700","10957422","10957422","0","2025-12"
"067990","도이치모터스","141038148270","5010","28151327","29181550","1030223","2025-12"
"002150","도화엔지니어링","202771574250","6090","33295825","33720000","424175","2025-12"
"006620","동구바이오제약","125204960040","4630","27042108","28464992","1422884","2025-12"
"100130","동국S&C","113696794920","2040","55733723","57143000","1409277","2025-12"
"005160","동국산업","153285122725","2975","51524411","54244482","2720071","2025-12"
"303810","동국생명과학","97231785600","3040","31984140","31984140","0","2025-12"
"460850","동국씨엠","181478369280","6080","29848416","29898656","50240","2025-12"
"075970","동국알앤에스","38732000000","2105","18400000","18400000","0","2025-12"
"460860","동국제강","644150546000","13000","49550042","49608017","57975","2025-12"
"086450","동국제약","965369557800","21400","45110727","45230420","119693","2025-12"
"001230","동국홀딩스","354557590200","11400","31101543","31800483","698940","2025-12"
"023450","동남합성","102831300000","30550","3366000","3500000","134000","2025-12"
"004140","동방","113512664250","2375","47794806","47971766","176960","2025-12"
"240550","동방메디컬","163703410800","7820","20933940","20933940","0","2025-12"
"099410","동방선기","65476728225","4695","13946055","14000000","53945","2025-12"
"007590","동방아그로","75831637770","6010","12617577","13617577","1000000","2025-12"
"005960","동부건설","172297213720","7510","22942372","22946663","4291","2025-12"
"026960","동서","2452096612000","24850","98675920","99700000","1024080","2025-12"
"002210","동성제약","91859333307","973","94408359","96619507","2211148","2025-12"
"102260","동성케미컬","208299264255","4185","49772823","50669591","896768","2025-12"
"033500","동성화인텍","637575647700","21300","29933129","29989494","56365","2025-12"
"025950","동신건설","120792000000","14380","8400000","8400000","0","2025-12"
"000640","동아쏘시오홀딩스","614105513400","92600","6631809","6732527","100718","2025-12"
"170900","동아에스티","385164671600","40400","9533779","9727819","194040","2025-12"
"088130","동아엘텍","157192972860","8990","17485314","17485314","0","2025-12"
"028100","동아지질","195635741420","15890","12311878","13389502","1077624","2025-12"
"001520","동양","125650289706","662","189804063","238684063","48880000","2025-12"
"084670","동양고속","132276300000","50700","2609000","2895569","286569","2025-12"
"082640","동양생명","1182954363980","7580","156062581","161358585","5296004","2025-12"
"060380","동양에스텍","25881300000","1341","19300000","19700000","400000","2025-12"
"079960","동양이엔피","192189696100","25450","7551658","7860000","308342","2025-12"
"228340","동양파일","41200000000","2060","20000000","20000000","0","2025-12"
"088910","동우팜투테이블","62761104160","2440","25721764","25831764","110000","2025-12"
"094170","동운아나텍","928853747750","45950","20214445","20909936","695491","2025-12"
"013120","동원개발","228485376000","2560","89252100","90808100","1556000","2025-12"
"018500","동원금속","82364346410","1762","46744805","46754933","10128","2025-12"
"006040","동원산업","1619969158300","36700","44140849","44147986","7137","2025-12"
"030720","동원수산","28946667100","6220","4653805","4653805","0","2025-12"
"014820","동원시스템즈","687093383400","23700","28991282","28991282","0","2025-12"
"111380","동인기연","81531054720","13760","5925222","6128000","202778","2025-12"
"163560","동일고무벨트","100914000000","7260","13900000","13900000","0","2025-12"
"109860","동일금속","63021226250","7450","8459225","9100000","640775","2025-12"
"032960","동일기연","42089284340","12340","3410801","3518595","107794","2025-12"
"004890","동일산업","78058622700","36450","2141526","2425215","283689","2025-12"
"023790","동일스틸럭스","32626791419","1249","26122331","26139617","17286","2025-12"
"002690","동일제강","32399374560","1596","20300360","20300360","0","2025-12"
"005290","동진쎄미켐","2857937530800","56100","50943628","50970126","26498","2025-12"
"025900","동화기업","430880954760","9420","45741078","50557285","4816207","2025-12"
"000020","동화약품","169910910900","6130","27717930","27931470","213540","2025-12"
"000150","두산","21605087988000","1593000","13562516","16193835","2631319","2025-12"
"454910","두산로보틱스","7642275642000","117900","64819980","64819980","0","2025-12"
"241560","두산밥캣","6479824395400","67700","95713802","95856065","142263","2025-12"
"034020","두산에너빌리티","71796145332800","112100","640465168","640561146","95978","2025-12"
"131970","두산테스나","3335961622200","173400","19238533","19327238","88705","2025-12"
"336260","두산퓨얼셀","5409124354200","82600","65485767","65493726","7959","2025-12"
"016740","두올","141521260260","4990","28360974","28674024","313050","2025-12"
"073190","듀오백","11616609900","1050","11063438","11968040","904602","2025-12"
"176750","듀켐바이오","224755439040","7920","28378212","28488720","110508","2025-12"
"030350","드래곤플라이","15165394006","973","15586222","15592079","5857","2025-12"
"203650","드림시큐리티","320478504400","3170","101097320","101097320","0","2025-12"
"223250","드림씨아이에스","158672863800","6450","24600444","24600444","0","2025-12"
"060570","드림어스컴퍼니","66137649081","893","74062317","74101573","39256","2025-12"
"362990","드림인사이트","26382148708","1609","16396612","16800574","403962","2025-12"
"192650","드림텍","369520411260","5610","65868166","68974199","3106033","2025-12"
"016670","디모아","39171898750","3845","10187750","10194234","6484","2025-12"
"187870","디바이스","179783141700","26700","6733451","7036609","303158","2025-12"
"489730","디비금융제13호스팩","12917280000","2040","6332000","6332000","0","2025-12"
"0004Y0","디비금융제14호스팩","10656575000","2005","5315000","5315000","0","2025-12"
"024090","디씨엠","104291443360","12220","8534488","11400000","2865512","2025-12"
"003160","디아이","758388816350","29150","26016769","28300000","2283231","2025-12"
"092200","디아이씨","268260787500","6900","38878375","38888569","10194","2025-12"
"110990","디아이티","487767953000","26300","18546310","18900000","353690","2025-12"
"263690","디알젬","59053696720","5420","10895516","11325610","430094","2025-12"
"214680","디알텍","134815245180","1615","83476932","83477056","124","2025-12"
"347850","디앤디파마텍","2720237528700","62100","43804147","43804147","0","2025-12"
"263720","디앤씨미디어","132566471880","10680","12412591","12412591","0","2025-12"
"376300","디어유","624320077800","26300","23738406","23738406","0","2025-12"
"104040","디에스엠","76988255025","2955","26053555","26813565","760010","2025-12"
"109740","디에스케이","118752281760","4740","25053224","25710390","657166","2025-12"
"031860","디에이치엑스컴퍼니","18711435897","693","27000629","27005423","4794","2025-12"
"196490","디에이테크놀로지","35166979050","6090","5774545","5951645","177100","2025-12"
"066900","디에이피","29447801697","1829","16100493","22744503","6644010","2025-12"
"092070","디엔에프","241995897400","21550","11229508","11571858","342350","2025-12"
"039840","디오","195644564060","15740","12429769","13415828","986059","2025-12"
"013570","디와이","112614856915","4565","24669191","26319633","1650442","2025-12"
"024900","디와이덕양","65503711600","2020","32427580","32564980","137400","2025-12"
"219550","디와이디","64203715972","1661","38653652","38672257","18605","2025-12"
"310870","디와이씨","35104629039","1697","20686287","20687271","984","2025-12"
"002880","디와이에이","40215429220","860","46762127","46773995","11868","2025-12"
"210540","디와이파워","155715857610","14110","11035851","11041708","5857","2025-12"
"104460","디와이피엔에프","111467761460","11770","9470498","10518101","1047603","2025-12"
"113810","디젠스","21273489252","652","32628051","32628051","0","2025-12"
"043360","디지아이","24881133510","2790","8917969","9000000","82031","2025-12"
"197140","디지캡","24041959900","1850","12995654","13013154","17500","2025-12"
"068930","디지털대성","219849436260","8460","25986931","27675342","1688411","2025-12"
"033130","디지틀조선","73933611864","1992","37115267","37115267","0","2025-12"
"105740","디케이락","90296395440","8880","10168513","10168513","0","2025-12"
"263020","디케이앤디","50286048010","3685","13646146","13836146","190000","2025-12"
"290550","디케이티","530032595000","26500","20001230","20001230","0","2025-12"
"066670","디티씨","44188839710","2815","15697634","18691918","2994284","2025-12"
"187220","디티앤씨","32636554375","2875","11351845","11524933","173088","2025-12"
"383930","디티앤씨알오","31193272320","2440","12784128","12784128","0","2025-12"
"131180","딜리","19983835040","4640","4306861","5870000","1563139","2025-12"
"315640","딥노이드","85032611640","2895","29372232","29372232","0","2025-12"
"317120","라닉스","35800581500","2350","15234290","15260000","25710","2025-12"
"462510","라메디텍","38380927400","4360","8802965","8802965","0","2025-12"
"232680","라온로보틱스","197553277600","15800","12503372","13115949","612577","2025-12"
"042510","라온시큐어","121997798120","11290","10805828","11205174","399346","2025-12"
"418420","라온텍","312674143840","10210","30624304","30700933","76629","2025-12"
"300120","라온피플","43613038096","881","49504016","49504016","0","2025-12"
"171120","라이온켐텍","85062637000","2410","35295700","35901760","606060","2025-12"
"388790","라이콤","134724841995","4415","30515253","30614160","98907","2025-12"
"214260","라파스","66763196220","7940","8408463","8922463","514000","2025-12"
"171010","램테크놀러지","53620320000","3750","14298752","14298752","0","2025-12"
"084650","랩지노믹스","94359027290","1271","74239990","74239990","0","2025-12"
"217500","러셀","80061732240","2760","29007874","31812000","2804126","2025-12"
"038390","레드캡투어","174732589900","10450","16720822","16720822","0","2025-12"
"294140","레몬","63859570950","2850","22406867","22414818","7951","2025-12"
"443250","레뷰코퍼레이션","79707815060","7180","11101367","11137760","36393","2025-12"
"228670","레이","116830956870","7470","15640021","15640021","0","2025-12"
"228850","레이언스","104489961600","6640","15736440","16591014","854574","2025-12"
"412350","레이저쎌","203248770560","14080","14435282","14435282","0","2025-12"
"199550","레이저옵텍","64720742520","4360","14844207","14845791","1584","2025-12"
"281740","레이크머티리얼즈","1248879690000","19000","65730510","65730548","38","2025-12"
"277810","레인보우로보틱스","14472294068000","746000","19399858","19399858","0","2025-12"
"215100","로보로보","138552832080","6840","20256262","20348454","92192","2025-12"
"090360","로보스타","834600000000","85600","9750000","9750000","0","2025-12"
"108490","로보티즈","4437116892000","306000","14500382","14657028","156646","2025-12"
"033290","로젠","99363236832","1893","52489824","56156301","3666477","2025-12"
"067730","로지시스","27570677700","2850","9673922","9673922","0","2025-12"
"071280","로체시스템즈","136139766700","8900","15296603","15296603","0","2025-12"
"376900","로킷헬스케어","948144461100","59900","15828789","15873789","45000","2025-12"
"214610","롤링스톤","19181768220","2290","8376318","8383322","7004","2025-12"
"032350","롯데관광개발","1529940330280","19220","79601474","79601474","0","2025-12"
"089860","롯데렌탈","1158269477200","31900","36309388","36309388","0","2025-12"
"000400","롯데손해보험","667677664800","2160","309110030","310336320","1226290","2025-12"
"023530","롯데쇼핑","4483723504000","158600","28270640","28288755","18115","2025-12"
"020150","롯데에너지머티리얼즈","3131454687400","59800","52365463","52365463","0","2025-12"
"280360","롯데웰푸드","1034966012800","118400","8741267","9204574","463307","2025-12"
"286940","롯데이노베이트","322255517100","21300","15129367","15129367","0","2025-12"
"004000","롯데정밀화학","1390662000000","54600","25470000","25800000","330000","2025-12"
"004990","롯데지주","1897582040000","26800","70805300","99663776","28858476","2025-12"
"005300","롯데칠성","1077278432400","116100","9278884","9278884","0","2025-12"
"011170","롯데케미칼","3546257062700","84100","42167147","42775419","608272","2025-12"
"071840","롯데하이마트","165883055040","7170","23135712","23607712","472000","2025-12"
"328130","루닛","669443724000","18000","37191318","37191318","0","2025-12"
"038060","루멘스","66045513737","1373","48103069","48103069","0","2025-12"
"474170","루미르","252654929280","14180","17817696","17817696","0","2025-12"
"141080","리가켐바이오","5969477736000","162000","36848628","37019418","170790","2025-12"
"058470","리노공업","7665455600000","101000","75895600","76211850","316250","2025-12"
"016100","리더스코스메틱","28218837753","1539","18335827","19100894","765067","2025-12"
"012700","리드코프","85281109685","3365","25343569","26194852","851283","2025-12"
"302550","리메드","82770247560","2730","30318772","30907150","588378","2025-12"
"491000","리브스메드","1420249408800","56800","25004391","25004391","0","2025-12"
"394420","리센스메디컬","280176824200","25900","10817638","10934938","117300","2025-12"
"073570","리튬포어스","49409644491","821","60182271","60186641","4370","2025-12"
"377450","리파인","187164000000","10800","17330000","17330000","0","2025-12"
"277070","린드먼아시아","49523262360","3965","12490104","13692000","1201896","2025-12"
"042500","링네트","102063780120","5010","20372012","22291144","1919132","2025-12"
"193250","링크드","26470488132","396","66844667","66844667","0","2025-12"
"474650","링크솔루션","297125431900","51700","5747107","5747107","0","2025-12"
"219420","링크제니시스","54022833600","4800","11254757","11469507","214750","2025-12"
"439090","마녀공장","259833171000","15850","16393260","16393260","0","2025-12"
"027740","마니커","49396159824","1556","31745604","31755614","10010","2025-12"
"195500","마니커에프앤지","41462910000","2595","15978000","15978000","0","2025-12"
"377480","마음AI","101321418750","14250","7110275","7110275","0","2025-12"
"305090","마이크로디지탈","74380220000","4000","18595055","18595055","0","2025-12"
"098120","마이크로컨텍솔","263514682200","31700","8312766","8312766","0","2025-12"
"424980","마이크로투나노","70908302200","11980","5918890","5918890","0","2025-12"
"038290","마크로젠","152213256000","14040","10841400","10841400","0","2025-12"
"001080","만호제강","203050415150","5050","40208003","41500000","1291997","2025-12"
"267980","매일유업","259423489950","35450","7318011","7663638","345627","2025-12"
"005990","매일홀딩스","128628271020","10410","12356222","13298304","942082","2025-12"
"093520","매커스","155901625250","24250","6428933","11901837","5472904","2025-12"
"100590","머큐리","122032659400","7130","17115380","17139545","24165","2025-12"
"067280","멀티캠퍼스","154985270850","26150","5926779","5926779","0","2025-12"
"072870","메가스터디","147492535860","12930","11407002","11920959","513957","2025-12"
"215200","메가스터디교육","450884298800","43550","10353256","10365216","11960","2025-12"
"133750","메가엠디","37924824230","1718","22074985","23407077","1332092","2025-12"
"446540","메가터치","204075067140","7860","25963749","25963749","0","2025-12"
"235980","메드팩토","144298259410","4210","34275121","34275121","0","2025-12"
"041920","메디아나","297801561000","16140","18451150","18598223","147073","2025-12"
"014100","메디앙스","18363658625","1625","11300713","11800000","499287","2025-12"
"054180","메디콕스","12664395225","2295","5518255","5527981","9726","2025-12"
"086900","메디톡스","659451208600","100600","6555181","7298497","743316","2025-12"
"078160","메디포스트","629669064330","16110","39085603","39204603","119000","2025-12"
"138040","메리츠금융지주","17067546496200","106300","160560174","167347273","6787099","2025-12"
"0088D0","메리츠제1호스팩","12633100000","2180","5795000","5795000","0","2025-12"
"408920","메쎄이상","156944555820","3705","42360204","43232455","872251","2025-12"
"021880","메이슨캐피탈","46044016536","217","212184408","212184408","0","2025-12"
"0088M0","메쥬","256925500000","26000","9881750","9881750","0","2025-12"
"140410","메지온","2163922290400","71200","30392167","30392167","0","2025-12"
"241770","메카로","393006372500","39550","9936950","10192640","255690","2025-12"
"090370","메타랩스","33243674715","1335","24901629","24904689","3060","2025-12"
"059210","메타바이오메드","105083612040","4020","26140202","27171445","1031243","2025-12"
"118000","메타케어","32788186038","1909","17175582","17177736","2154","2025-12"
"058110","멕아이씨에스","39751164450","2565","15497530","16050530","553000","2025-12"
"072770","멤레이비티","58698106572","707","83024196","83024196","0","2025-12"
"017180","명문제약","54655321185","1635","33428331","33953454","525123","2025-12"
"009900","명신산업","576646761670","10990","52470133","52470133","0","2025-12"
"317450","명인제약","741680000000","50800","14600000","14600000","0","2025-12"
"012690","모나리자","75863608125","2075","36560775","36571255","10480","2025-12"
"005360","모나미","28761701254","1522","18897307","18897307","0","2025-12"
"070960","모나용평","135527343795","2865","47304483","48133333","828850","2025-12"
"434480","모니터랩","42911319000","3630","11821300","12310300","489000","2025-12"
"080420","모다이노칩","136530411424","1738","78556048","79721622","1165574","2025-12"
"417970","모델솔루션","122624739000","19170","6396700","6396700","0","2025-12"
"080160","모두투어","185583224910","10190","18212289","18900000","687711","2025-12"
"087260","모바일어플라이언스","44890395319","1379","32552861","32552861","0","2025-12"
"101330","모베이스","101036014025","4715","21428635","23147029","1718394","2025-12"
"012860","모베이스전자","329604453040","4535","72680144","73233457","553313","2025-12"
"363260","모비데이즈","41376557699","1307","31657657","32163769","506112","2025-12"
"348030","모비릭스","22280816000","2320","9603800","9603800","0","2025-12"
"250060","모비스","136127955330","4245","32067834","32171314","103480","2025-12"
"288980","모아데이타","36344997621","999","36381379","36381379","0","2025-12"
"142760","모아라이프플러스","30318058620","719","42166980","42166980","0","2025-12"
"033200","모아텍","15434749305","3785","4077873","9204529","5126656","2025-12"
"009680","모토닉","162504754680","10610","15316188","21733094","6416906","2025-12"
"118990","모트렉스","197250778600","8200","24054973","24537371","482398","2025-12"
"463480","모티브링크","86980313160","7020","12390358","12390358","0","2025-12"
"006920","모헨즈","38956500000","3935","9900000","10920000","1020000","2025-12"
"009580","무림P&P","148737610530","2385","62363778","62368324","4546","2025-12"
"001810","무림SP","31147462500","1407","22137500","22137500","0","2025-12"
"009200","무림페이퍼","74979976620","1802","41609310","41609310","0","2025-12"
"033920","무학","221433806510","8210","26971231","28500000","1528769","2025-12"
"008420","문배철강","49823517150","2430","20503505","20503505","0","2025-12"
"279600","미디어젠","20917547165","4465","4684781","4684781","0","2025-12"
"095500","미래나노텍","253932827850","8950","28372383","31009999","2637616","2025-12"
"254490","미래반도체","456240800000","31600","14438000","14438000","0","2025-12"
"025560","미래산업","126610122300","24950","5074554","5090828","16274","2025-12"
"218150","미래생명자원","51858213540","2660","19495569","20415802","920233","2025-12"
"007120","미래아이앤지","40984671000","1500","27323114","28878608","1555494","2025-12"
"100790","미래에셋벤처투자","3580326957200","67400","53120578","53124634","4056","2025-12"
"0097F0","미래에셋비전스팩10호","12954500000","1993","6500000","6500000","0","2025-12"
"0099W0","미래에셋비전스팩11호","13958000000","1994","7000000","7000000","0","2025-12"
"477380","미래에셋비전스팩4호","16686000000","2060","8100000","8100000","0","2025-12"
"477470","미래에셋비전스팩5호","11316200000","2065","5480000","5480000","0","2025-12"
"478440","미래에셋비전스팩6호","14206500000","2050","6930000","6930000","0","2025-12"
"482680","미래에셋비전스팩7호","16881825000","2055","8215000","8215000","0","2025-12"
"0093G0","미래에셋비전스팩8호","12780800000","1997","6400000","6400000","0","2025-12"
"0096D0","미래에셋비전스팩9호","10994500000","1999","5500000","5500000","0","2025-12"
"085620","미래에셋생명","1329657165000","15000","88643811","135180000","46536189","2025-12"
"006800","미래에셋증권","30211435923000","70500","428531006","559566880","131035874","2025-12"
"049950","미래컴퍼니","119454299030","15070","7926629","8817884","891255","2025-12"
"207760","미스터블루","71673832050","870","82383715","83079783","696068","2025-12"
"081660","미스토홀딩스","2171456256000","40900","53091840","53091840","0","2025-12"
"002840","미원상사","601096000000","132400","4540000","4750000","210000","2025-12"
"268280","미원에스씨","539546800000","111800","4826000","5000000","174000","2025-12"
"107590","미원홀딩스","135453825000","58500","2315450","2320000","4550","2025-12"
"134380","미원화학","265272456800","12200","21743644","21992680","249036","2025-12"
"003650","미창석유","184432140100","121900","1512979","1739672","226693","2025-12"
"059090","미코","662992841850","21050","31496097","33416778","1920681","2025-12"
"201490","미투온","91099698950","2795","32593810","32593810","0","2025-12"
"475460","미트박스","43949985750","7830","5613025","5613025","0","2025-12"
"452200","민테크","83845488000","3460","24232800","24232800","0","2025-12"
"206640","바디텍메드","223433018520","11170","20002956","21907921","1904965","2025-12"
"035620","바른손이앤에이","19027473168","1032","18437474","18609918","172444","2025-12"
"053030","바이넥스","301597491720","9470","31847676","32684188","836512","2025-12"
"301300","바이브컴퍼니","26461334640","2015","13132176","13154712","22536","2025-12"
"377740","바이오노트","504329705650","5030","100264355","101886048","1621693","2025-12"
"064550","바이오니아","235906059740","9140","25810291","25810291","0","2025-12"
"314930","바이오다인","303315860400","10290","29476760","29764103","287343","2025-12"
"489460","바이오비쥬","100496792400","6680","15044430","15044430","0","2025-12"
"086820","바이오솔루션","226561552060","8780","25804277","25924085","119808","2025-12"
"038460","바이오스마트","87175109450","3575","24384646","25274542","889896","2025-12"
"251120","바이오에프디엔씨","99788703300","11700","8528949","8695700","166751","2025-12"
"199730","바이오인프라","17779261385","3655","4864367","4864367","0","2025-12"
"086040","바이오톡스텍","48451857420","3145","15405996","15958247","552251","2025-12"
"188040","바이오포트","24576661980","5330","4611006","4679308","68302","2025-12"
"099430","바이오플러스","341549564100","5550","61540462","61640722","100260","2025-12"
"032980","바이온","18349685496","604","30380274","30388995","8721","2025-12"
"308080","바이젠셀","211142378000","10300","20499260","20499260","0","2025-12"
"043150","바텍","305997673600","20600","14854256","14854256","0","2025-12"
"323990","박셀바이오","145068532620","6260","23173887","23257345","83458","2025-12"
"003610","방림","143926002990","5270","27310437","36202158","8891721","2025-12"
"267790","배럴","27258600405","3545","7689309","7689309","0","2025-12"
"046310","백금T&A","42939054810","2670","16082043","16418641","336598","2025-12"
"035150","백산","230450603940","11580","19900743","20028841","128098","2025-12"
"331520","밸로프","22256092320","2660","8366952","10172878","1805926","2025-12"
"199480","뱅크웨어글로벌","43590413700","4275","10196588","10196588","0","2025-12"
"438700","버넥트","31874385400","2860","11144890","11144890","0","2025-12"
"066410","버킷스튜디오","159635801680","1153","138452560","138453818","1258","2025-12"
"002410","범양건영","53169523650","1935","27477790","27479820","2030","2025-12"
"382900","범한퓨얼셀","238593500000","27800","8582500","8761000","178500","2025-12"
"206400","베노티앤알","37884227360","1010","37509136","37510158","1022","2025-12"
"019010","베뉴지","221904000000","5520","40200000","48200000","8000000","2025-12"
"177350","베셀","20771464275","1059","19614225","19653767","39542","2025-12"
"457600","벡트","24783160000","1808","13707500","13707500","0","2025-12"
"424760","벨로크","37319031057","1887","19776911","19778317","1406","2025-12"
"007210","벽산","98394284310","1806","54481885","65360000","10878115","2025-12"
"250000","보라티알","45975426120","7020","6549206","6750733","201527","2025-12"
"002760","보락","60918300000","1017","59900000","59900000","0","2025-12"
"003850","보령","799185425940","9460","84480489","85787207","1306718","2025-12"
"310210","보로노이","4562773166000","249500","18287668","18402171","114503","2025-12"
"006910","보성파워텍","549481923520","11230","48929824","49129824","200000","2025-12"
"0010F0","보원케미칼","45187302055","4055","11143601","11143601",,"자료 없음"
"000890","보해양조","58152957152","422","137803216","138120129","316913","2025-12"
"226340","본느","27143189860","647","41952380","41952420","40","2025-12"
"003000","부광약품","546602277340","5540","98664671","98664671","0","2025-12"
"001270","부국증권","396733349600","66800","5939122","10369886","4430764","2025-12"
"026940","부국철강","45969600000","2400","19154000","20000000","846000","2025-12"
"014470","부방","69176094009","1289","53666481","60052260","6385779","2025-12"
"011390","부산산업","62409600000","59100","1056000","1056000","0","2025-12"
"005030","부산주공","45092532168","486","92782988","92782988","0","2025-12"
"008470","부스타","29296564875","3625","8081811","8404800","322989","2025-12"
"338220","뷰노","149959524330","10710","14001823","14001823","0","2025-12"
"100120","뷰웍스","273792021800","31900","8582822","8971411","388589","2025-12"
"406820","뷰티스킨","42549829560","3010","14136156","14136157","1","2025-12"
"099390","브레인즈컴퍼니","31874742030","4190","7607337","8208283","600946","2025-12"
"064480","브리지텍","43696011580","3770","11590454","11952500","362046","2025-12"
"365900","브이씨","20505391500","2805","7310300","7310300","0","2025-12"
"089970","브이엠","1387231720000","56000","24771995","24771995","0","2025-12"
"251630","브이원텍","102592470500","6500","15783457","15942886","159429","2025-12"
"018290","브이티","517120824940","14930","34636358","34941838","305480","2025-12"
"478560","블랙야크아이앤씨","81503159240","3160","25792139","25830298","38159","2025-12"
"006740","블루산업개발","32195320165","589","54660985","56975588","2314603","2025-12"
"439580","블루엠텍","89862582285","2655","33846547","33846547","0","2025-12"
"033560","블루콤","50894157600","3300","15422472","17100000","1677528","2025-12"
"369370","블리츠웨이엔터테인먼트","47306860599","993","47640343","49871911","2231568","2025-12"
"126340","비나텍","995758488000","143100","6958480","7143528","185048","2025-12"
"121800","비덴트","256296018720","3320","77197596","77201611","4015","2025-12"
"082800","비보존 제약","163346574060","2715","60164484","60719666","555182","2025-12"
"318410","비비씨","39664435020","7140","5555243","5555243","0","2025-12"
"002070","비비안","22841268000","9500","2404344","2404344","0","2025-12"
"100220","비상교육","79144786900","6460","12251515","12996741","745226","2025-12"
"419540","비스토스","19640714934","877","22395342","22992511","597169","2025-12"
"146320","비씨엔씨","198127862400","15600","12700504","12797923","97419","2025-12"
"200780","비씨월드제약","42428076950","4150","10223633","10665661","442028","2025-12"
"413640","비아이매트릭스","53487534250","7510","7122175","7206940","84765","2025-12"
"141000","비아트론","108368733600","10800","10034142","12114710","2080568","2025-12"
"090460","비에이치","1050130754300","32350","32461538","33711538","1250000","2025-12"
"083650","비에이치아이","2472276506600","79900","30942134","30944375","2241","2025-12"
"0068Y0","비엔케이제3호스팩","8598450000","1995","4310000","4310000","0","2025-12"
"065170","비엘팜텍","56656737690","2030","27909723","27913793","4070","2025-12"
"086670","비엠티","155340100250","15650","9925885","9925885","0","2025-12"
"230980","비유테크놀러지","21370405721","229","93320549","93320557","8","2025-12"
"488900","비츠로넥스텍","508826339080","17560","28976443","28976443","0","2025-12"
"082920","비츠로셀","2390516889600","53200","44934528","45339477","404949","2025-12"
"054220","비츠로시스","30280431480","2405","12590616","12590616","0","2025-12"
"042370","비츠로테크","380424363000","14520","26200025","26200025","0","2025-12"
"050090","비케이홀딩스","13456298665","683","19701755","19784735","82980","2025-12"
"148780","비큐AI","32357651025","1029","31445725","31445725","0","2025-12"
"307870","비투엔","84701184900","1140","74299285","74299285","0","2025-12"
"377030","비트맥스","28019223200","2620","10694360","10694360","0","2025-12"
"032850","비트컴퓨터","74449600425","4825","15429969","16623293","1193324","2025-12"
"049470","비트플래닛","47959964550","2070","23169065","23544899","375834","2025-12"
"238200","비피도","22576800000","2760","8180000","8180000","0","2025-12"
"093190","빅솔론","116518905000","8100","14385050","19238905","4853855","2025-12"
"065450","빅텍","131846239410","4470","29495803","29495803","0","2025-12"
"044480","빌리언스","43425696296","1306","33250916","33250916","0","2025-12"
"005180","빙그레","638212623400","74600","8555129","9269031","713902","2025-12"
"069540","빛과전자","494402771950","5050","97901539","97901539","0","2025-12"
"072950","빛샘전자","115913729280","14470","8010624","8052610","41986","2025-12"
"451250","삐아","78005553380","7940","9824377","10225877","401500","2025-12"
"143240","사람인","153116959920","16080","9522199","10732731","1210532","2025-12"
"466410","사이냅소프트","50736751740","10510","4827474","5037023","209549","2025-12"
"003960","사조대림","270895968300","30300","8940461","9164467","224006","2025-12"
"008040","사조동아원","143906064074","1021","140946194","141144600","198406","2025-12"
"007160","사조산업","244500000000","48900","5000000","5000000","0","2025-12"
"014710","사조씨푸드","129311257930","7510","17218543","17218543","0","2025-12"
"006090","사조오양","77831799360","8260","9422736","9422739","3","2025-12"
"223310","사토시홀딩스","55425337500","10660","5199375","5204642","5267","2025-12"
"452430","사피엔반도체","389072866600","47350","8216956","8218046","1090","2025-12"
"419120","산돌","50990968605","3565","14303217","14718362","415145","2025-12"
"062040","산일전기","7898492574500","258500","30555097","30615850","60753","2025-12"
"122350","삼기","48400999200","1275","37961568","38339428","377860","2025-12"
"419050","삼기에너지솔루션즈","95689309520","1673","57196240","57196240","0","2025-12"
"014970","삼륭물산","93541000000","6440","14525000","14825000","300000","2025-12"
"005610","삼립","370408691100","45700","8105223","8629009","523786","2025-12"
"018310","삼목에스폼","304950085600","21200","14384438","14700000","315562","2025-12"
"012210","삼미금속","257629731300","11610","22190330","22192012","1682","2025-12"
"053700","삼보모터스","137650784880","5410","25443768","25443768","0","2025-12"
"009620","삼보산업","13850718804","793","17466228","17473048","6820","2025-12"
"023600","삼보판지","150157854000","9380","16008300","16008300","0","2025-12"
"001470","삼부토건","79699592928","347","229681824","229681824","0","2025-12"
"028050","삼성E&A","9702000000000","49500","196000000","196000000","0","2025-12"
"006400","삼성SDI","47356787207000","613000","77254139","80585530","3331391","2025-12"
"006660","삼성공조","98328399400","12100","8126314","8126314","0","2025-12"
"028260","삼성물산","61666267891000","399500","154358618","162167581","7808963","2025-12"
"207940","삼성바이오로직스","64087971948000","1386000","46239518","46290951","51433","2025-12"
"032830","삼성생명","56296693216500","313500","179574779","200000000","20425221","2025-12"
"0044K0","삼성스팩10호","15115200000","2010","7520000","7520000","0","2025-12"
"0071M0","삼성스팩11호","11548800000","2005","5760000","5760000","0","2025-12"
"0096B0","삼성스팩12호","13160000000","2000","6580000","6580000","0","2025-12"
"0115H0","삼성스팩13호","14677950000","1997","7350000","7350000","0","2025-12"
"018260","삼성에스디에스","13969443591600","180600","77350186","77377800","27614","2025-12"
"0126Z0","삼성에피스홀딩스","12331538227500","496500","24836935","24883049","46114","2025-12"
"009150","삼성전기","74947200576000","1031000","72693696","74693696","2000000","2025-12"
"005930","삼성전자","1617000343501000","281000","5754449621","5846278608","91828987","2025-12"
"001360","삼성제약","159063300240","1690","94120296","94162079","41783","2025-12"
"010140","삼성중공업","25236751123050","29550","854035571","880000000","25964429","2025-12"
"016360","삼성증권","10707070000000","119900","89300000","89300000","0","2025-12"
"068290","삼성출판사","75500000000","7550","10000000","10000000","0","2025-12"
"029780","삼성카드","5207481916000","48800","106710695","115858891","9148196","2025-12"
"000810","삼성화재","21309396156000","554000","38464614","44647473","6182859","2025-12"
"006110","삼아알미늄","1273394911000","84200","15123455","15123455","0","2025-12"
"009300","삼아제약","98935173820","16210","6103342","6370000","266658","2025-12"
"0120G0","삼양바이오팜","461404242000","62100","7430020","7435870","5850","2025-12"
"145990","삼양사","434502432500","44950","9666350","10313449","647099","2025-12"
"003230","삼양식품","10290098490000","1366000","7533015","7533015","0","2025-12"
"482630","삼양엔씨켐","420254976000","19200","21888280","21888280","0","2025-12"
"484590","삼양컴텍","412516604500","10010","41210450","41210450","0","2025-12"
"036670","삼양케이씨아이","61978752000","5760","10760200","11270000","509800","2025-12"
"272550","삼양패키징","155355265860","10310","15068406","15068406","0","2025-12"
"000070","삼양홀딩스","424335429300","60700","6990699","7763191","772492","2025-12"
"003720","삼영","349981535350","10630","32923945","34000000","1076055","2025-12"
"002810","삼영무역","367302952800","20700","17744104","18466948","722844","2025-12"
"361670","삼영에스앤씨","17292289800","3100","5578158","5667658","89500","2025-12"
"054540","삼영엠텍","140140000000","10780","13000000","13000000","0","2025-12"
"065570","삼영이엔씨","12295692232","764","16093838","16093838","0","2025-12"
"005680","삼영전자","250842266400","13200","19003202","20000000","996798","2025-12"
"023000","삼원강재","91395996280","2315","39479912","39739956","260044","2025-12"
"004380","삼익THK","277587000000","13410","20700000","20700000","0","2025-12"
"002450","삼익악기","102261580675","1345","76030915","90530915","14500000","2025-12"
"014950","삼익제약","75543857950","7550","10005809","10007588","1779","2025-12"
"032280","삼일","20194957440","1302","15510720","16213590","702870","2025-12"
"002290","삼일기업공사","46500000000","3750","12400000","12400000","0","2025-12"
"004440","삼일씨엔에스","78174154580","6140","12731947","12731947","0","2025-12"
"000520","삼일제약","172172485830","8110","21229653","21691811","462158","2025-12"
"009770","삼정펄프","71999164800","28800","2499971","2499971","0","2025-12"
"037460","삼지전자","838917626400","56400","14874426","16318522","1444096","2025-12"
"032750","삼진","29602190240","3280","9025058","9031122","6064","2025-12"
"0013V0","삼진식품","65264756480","6580","9918656","9918656","0","2025-12"
"054090","삼진엘앤디","25654517055","1035","24786973","24959232","172259","2025-12"
"005500","삼진제약","252396033500","19940","12657775","13320000","662225","2025-12"
"000250","삼천당제약","8686817433000","373500","23257878","23457472","199594","2025-12"
"004690","삼천리","395442564000","132000","2995777","3626777","631000","2025-12"
"024950","삼천리자전거","52109099640","4680","11134423","12400000","1265577","2025-12"
"038500","삼표시멘트","1438537596800","13400","107353552","107916306","562754","2025-12"
"437730","삼현","1777863352000","56500","31466608","31707567","240959","2025-12"
"017480","삼현철강","75361303200","4880","15442890","15702890","260000","2025-12"
"010960","삼호개발","79567106500","3500","22733459","24120000","1386541","2025-12"
"046390","삼화네트웍스","39233081526","991","39589386","43172933","3583547","2025-12"
"004450","삼화왕관","52021653450","27150","1916083","2154379","238296","2025-12"
"009470","삼화전기","225200571000","34050","6613820","6613820","0","2025-12"
"011230","삼화전자","41206437750","2150","19165785","19165785","0","2025-12"
"001820","삼화콘덴서","649687500000","62500","10395000","10395000","0","2025-12"
"027580","상보","33686681314","598","56332243","59181279","2849036","2025-12"
"038540","상상인","120940649960","2210","54724276","55328313","604037","2025-12"
"001290","상상인증권","124647485493","1173","106263841","108337120","2073279","2025-12"
"041650","상신브레이크","50724012200","2620","19360310","21471450","2111140","2025-12"
"091580","상신이디피","311213913650","23350","13328219","13328219","0","2025-12"
"263810","상신전자","45455008870","2855","15921194","15924825","3631","2025-12"
"089980","상아프론테크","361700597600","23200","15590543","15989037","398494","2025-12"
"042940","상지건설","58669595600","8600","6822046","6828712","6666","2025-12"
"042600","새로닉스","221636030280","18120","12231569","12423574","192005","2025-12"
"075180","새론오토모티브","57216000000","2980","19200000","19200000","0","2025-12"
"107600","새빗켐","138767468400","24600","5640954","5640954","0","2025-12"
"411080","샌즈랩","99850352520","6540","15267638","15267638","0","2025-12"
"252990","샘씨엔에스","704009837970","11730","60017889","60217889","200000","2025-12"
"007540","샘표","96944010800","48100","2015468","2875800","860332","2025-12"
"248170","샘표식품","117818176800","25800","4566596","4568286","1690","2025-12"
"378800","샤페론","65387645834","1414","46243031","46243031","0","2025-12"
"294630","서남","103224138885","3915","26366319","26366319","0","2025-12"
"038070","서린바이오","51725241380","5860","8826833","9300676","473843","2025-12"
"006730","서부T&D","779967937000","12250","63670852","64926923","1256071","2025-12"
"079650","서산","24280000000","1214","20000000","20000000","0","2025-12"
"100660","서암기계공업","51723000000","4105","12600000","12600000","0","2025-12"
"007860","서연","195582646860","9010","21707286","23479844","1772558","2025-12"
"200880","서연이화","372643736290","13790","27022751","27028437","5686","2025-12"
"019770","서연탑메탈","45551500000","3910","11650000","11650000","0","2025-12"
"017390","서울가스","237238591200","61100","3882792","4950000","1067208","2025-12"
"092190","서울바이오시스","794655134210","17570","45227953","45868383","640430","2025-12"
"046890","서울반도체","868272636000","15400","56381340","58305400","1924060","2025-12"
"031210","서울보증보험","3187355948700","45650","69821598","69821598","0","2025-12"
"004410","서울식품","62338897788","158","394549986","394550136","150","2025-12"
"063170","서울옥션","105736473040","6280","16837018","17774267","937249","2025-12"
"027040","서울전자통신","33402320640","480","69588168","69588847","679","2025-12"
"018680","서울제약","30780602160","2640","11659319","11659319","0","2025-12"
"036120","서울평가정보","62898773724","1884","33385761","35145000","1759239","2025-12"
"021050","서원","69977545660","1474","47474590","47474590","0","2025-12"
"093920","서원인텍","94674000000","5090","18600000","18600000","0","2025-12"
"189860","서전기전","72061935400","7430","9698780","9698780","0","2025-12"
"178320","서진시스템","4335305592800","72800","59550901","59550901","0","2025-12"
"122690","서진오토모티브","48120061110","2085","23079166","23079166","0","2025-12"
"140070","서플러스글로벌","79800068680","2315","34470872","36988000","2517128","2025-12"
"011370","서한","92268909045","933","98894865","100894865","2000000","2025-12"
"065710","서호전기","185280394000","41000","4519034","5150000","630966","2025-12"
"008490","서흥","253346570750","22750","11136113","11569113","433000","2025-12"
"035890","서희건설","418006226825","2255","185368615","229808457","44439842","2025-12"
"357550","석경에이티","269769799500","49650","5433430","5455000","21570","2025-12"
"003100","선광","151274500000","24050","6290000","6600000","310000","2025-12"
"007610","선도전기","159508778600","9400","16969019","18000000","1030981","2025-12"
"067370","선바이오","86857593060","7140","12164929","12193555","28626","2025-12"
"171090","선익시스템","787480610200","84100","9363622","10102626","739004","2025-12"
"136490","선진","262998040480","11060","23779208","23779604","396","2025-12"
"086710","선진뷰티사이언스","112536136200","9370","12010260","12203280","193020","2025-12"
"014620","성광벤드","936147081000","35250","26557364","26557364","0","2025-12"
"037350","성도이엔지","145425490000","10430","13943000","15210000","1267000","2025-12"
"014910","성문전자","46050813765","2285","20153529","21857257","1703728","2025-12"
"004980","성신양회","233916440900","9700","24115097","24516073","400976","2025-12"
"458650","성우","205523852200","13660","15045670","15045670","0","2025-12"
"081580","성우전자","43409415645","2855","15204699","15508143","303444","2025-12"
"045300","성우테크론","34873418500","3425","10182020","10547012","364992","2025-12"
"015750","성우하이텍","648731819230","8110","79991593","80000000","8407","2025-12"
"365340","성일하이텍","816134616500","66500","12272701","12272701","0","2025-12"
"000180","성창기업지주","86491984000","6200","13950320","13950320","0","2025-12"
"080470","성창오토텍","28068500000","3845","7300000","7300000","0","2025-12"
"043260","성호전자","2801451508500","39500","70922823","70922823","0","2025-12"
"148150","세경하이테크","143086200410","4210","33987221","35542818","1555597","2025-12"
"002420","세기상사","33551107760","5620","5969948","5969948","0","2025-12"
"061090","세나테크놀로지","236332215000","42300","5587050","5587050","0","2025-12"
"188260","세니젠","13302216074","1874","7098301","7228470","130169","2025-12"
"053060","세동","25108086204","1422","17656882","17657419","537","2025-12"
"340440","세림B&G","46767535632","1648","28378359","28378364","5","2025-12"
"017510","세명전기","178530660000","11710","15246000","15246000","0","2025-12"
"490470","세미파이브","1290020280000","38100","33858800","33858800","0","2025-12"
"004360","세방","263781219300","14390","18330870","19115603","784733","2025-12"
"004490","세방전지","778095917300","58900","13210457","13860000","649543","2025-12"
"011560","세보엠이씨","226701686400","23700","9565472","10350000","784528","2025-12"
"396300","세아메카닉스","177479650000","6700","26489500","26489500","0","2025-12"
"001430","세아베스틸지주","2707589984500","75500","35862119","35862119","0","2025-12"
"306200","세아제강","430655380000","153800","2800100","2836300","36200","2025-12"
"003030","세아제강지주","697383568600","172600","4040461","4141657","101196","2025-12"
"058650","세아홀딩스","597091033500","144300","4137845","4242236","104391","2025-12"
"013000","세우글로벌","43513719196","1516","28702981","28705031","2050","2025-12"
"100700","세운메디칼","106286040000","2520","42177000","43800000","1623000","2025-12"
"024830","세원물산","86088500000","10310","8350000","8350000","0","2025-12"
"021820","세원정공","137600000000","13760","10000000","10000000","0","2025-12"
"067830","세이브존I&C","110409139000","2930","37682300","41040895","3358595","2025-12"
"258830","세종메디칼","31214088612","412","75762351","75786351","24000","2025-12"
"036630","세종텔레콤","106628585690","10670","9993307","10000000","6693","2025-12"
"039310","세중","26820067160","1480","18121667","18121667","0","2025-12"
"075580","세진중공업","906748823200","15950","56849456","56849456","0","2025-12"
"067770","세진티에스","18333472690","2210","8295689","8396593","100904","2025-12"
"053450","세코닉스","72556353120","4960","14628297","14792803","164506","2025-12"
"252500","세화피앤씨","31861547520","768","41486390","41486390","0","2025-12"
"321370","센서뷰","190385178610","3685","51664906","51664906","0","2025-12"
"347000","센코","79231656210","2135","37110846","37810846","700000","2025-12"
"331920","셀레믹스","130136519120","15940","8164148","8164148","0","2025-12"
"352770","셀레스트라","13406226750","5250","2553567","2592407","38840","2025-12"
"471820","셀로맥스사이언스","52854258510","4855","10886562","11302879","416317","2025-12"
"049180","셀루메드","83939725054","1009","83191006","83200014","9008","2025-12"
"299660","셀리드","89098990540","3020","29502977","29502977","0","2025-12"
"108860","셀바스AI","298210178080","11080","26914276","26914790","514","2025-12"
"208370","셀바스헬스케어","94254927035","3665","25717579","25740564","22985","2025-12"
"318160","셀바이오휴먼텍","51259577760","6120","8375748","9341201","965453","2025-12"
"308430","셀비온","331694533500","25850","12831510","12831510","0","2025-12"
"068270","셀트리온","38396964211200","183200","209590416","221938261","12347845","2025-12"
"068760","셀트리온제약","2183048034850","49450","44146573","44402332","255759","2025-12"
"068940","셀피글로벌","35287844806","778","45357127","45912716","555589","2025-12"
"007720","소노스퀘어","36691363800","364","100800450","100800450","0","2025-12"
"290690","소룩스","282675293760","5730","49332512","49337244","4732","2025-12"
"032680","소프트센","27595437936","268","102968052","104279408","1311356","2025-12"
"258790","소프트캠프","41195324136","1718","23978652","24991284","1012632","2025-12"
"066910","손오공","45446551520","680","66833164","66933164","100000","2025-12"
"215090","솔디펜스","50911031600","2200","23141378","23155661","14283","2025-12"
"336370","솔루스첨단소재","781462876740","11130","70212298","70217344","5046","2025-12"
"248070","솔루엠","989796085200","20700","47816236","47816236","0","2025-12"
"035610","솔본","96257909440","3520","27345997","27345997","0","2025-12"
"357780","솔브레인","3124731648000","408000","7658656","7778566","119910","2025-12"
"036830","솔브레인홀딩스","1081217271800","55100","19622818","20503981","881163","2025-12"
"304100","솔트룩스","235882904150","18730","12593855","12593855","0","2025-12"
"328380","솔트웨어","20477402025","3205","6389205","6852555","463350","2025-12"
"004430","송원산업","291120000000","12130","24000000","24000000","0","2025-12"
"086980","쇼박스","172641070000","2765","62438000","62638000","200000","2025-12"
"017550","수산세보틱스","165357694500","2650","62399130","62399130","0","2025-12"
"050960","수산아이앤티","58801210000","8710","6751000","6751000","0","2025-12"
"126720","수산인더스트리","415188162500","29500","14074175","14286000","211825","2025-12"
"084180","수성웹툰","19174147970","1061","18071770","18074283","2513","2025-12"
"253840","수젠텍","98771255280","6460","15289668","16743200","1453532","2025-12"
"298830","슈어소프트테크","369108524640","6960","53032834","53458499","425665","2025-12"
"236200","슈프리마","303770574450","45450","6683621","6974311","290690","2025-12"
"094840","슈프리마에이치큐","100726965560","11020","9140378","9806109","665731","2025-12"
"192440","슈피겐코리아","173471477200","30100","5763172","6216363","453191","2025-12"
"424960","스마트레이더시스템","105999257300","6430","16485110","16485110","0","2025-12"
"099440","스맥","260296463090","3830","67962523","68243394","280871","2025-12"
"066590","스모트로닉","95534504390","2470","38677937","38677937","0","2025-12"
"053210","스카이라이프","211889175680","4480","47296691","47522955","226264","2025-12"
"276040","스코넥","7073119545","327","21630335","21630335","0","2025-12"
"060240","스타코링크","11494656784","1976","5817134","5821060","3926","2025-12"
"115570","스타플렉스","22131500490","2805","7890018","7984508","94490","2025-12"
"330730","스톤브릿지벤처스","116038896480","6630","17502096","18217830","715734","2025-12"
"352090","스톰테크","102386122380","3810","26872998","26872998","0","2025-12"
"253450","스튜디오드래곤","886725691000","29500","30058498","30058498","0","2025-12"
"408900","스튜디오미르","69763657600","2140","32599840","32752929","153089","2025-12"
"415380","스튜디오삼익","24831255750","2170","11442975","11442975","0","2025-12"
"026890","스틱인베스트먼트","284320685220","8580","33137609","38770837","5633228","2025-12"
"013810","스페코","34220522450","2335","14655470","14655470","0","2025-12"
"347700","스피어","2263962249900","48150","47018946","50814305","3795359","2025-12"
"049830","승일","42238810900","7150","5907526","6132112","224586","2025-12"
"020710","시공테크","81206355825","4305","18863265","20047970","1184705","2025-12"
"033170","시그네틱스","65753620673","767","85728319","85728319","0","2025-12"
"048870","시너지이노베이션","164760020810","1870","88106963","88106963","0","2025-12"
"025320","시노펙스","453790046675","4925","92140111","92154503","14392","2025-12"
"134790","시디즈","32353520660","19270","1678958","2000000","321042","2025-12"
"340810","시선AI","38888181600","2850","13644976","13644976","0","2025-12"
"269620","시스웍","131663951937","889","148103433","148582691","479258","2025-12"
"056090","시지메드텍","166660084104","1614","103259036","103259036","0","2025-12"
"429270","시지트로닉스","49207632530","7630","6449231","6449231","0","2025-12"
"418250","시큐레터","47629012750","6550","7271605","7271605","0","2025-12"
"131090","시큐브","27335035420","3740","7308833","7658221","349388","2025-12"
"462870","시프트업","1696273719000","29400","57696385","58654340","957955","2025-12"
"016590","신대양제지","334794566040","11330","29549388","40297820","10748432","2025-12"
"290520","신도기연","42172919520","2680","15736164","15929362","193198","2025-12"
"029530","신도리코","369300402900","45100","8188479","9715729","1527250","2025-12"
"004970","신라교역","145853400000","9240","15785000","16000000","215000","2025-12"
"001000","신라섬유","35299543160","1454","24277540","24277540","0","2025-12"
"025870","신라에스지","15180000000","3795","4000000","4000000","0","2025-12"
"215600","신라젠","417046227640","3010","138553564","138553564","0","2025-12"
"065350","신성델타테크","1275255187200","46400","27483948","27483948","0","2025-12"
"416180","신성에스티","277186603200","31200","8884186","9039778","155592","2025-12"
"011930","신성이엔지","600327346400","32800","18302663","20584815","2282152","2025-12"
"004170","신세계","4309543543000","503000","8567681","9445181","877500","2025-12"
"035510","신세계 I&C","247272686100","18810","13145810","13980900","835090","2025-12"
"031430","신세계인터내셔날","530530560000","15480","34272000","34986000","714000","2025-12"
"031440","신세계푸드","184388001000","51000","3615451","3872480","257029","2025-12"
"006880","신송홀딩스","67435631250","6250","10789701","11828858","1039157","2025-12"
"162300","신스틸","66932487996","1643","40737972","41471382","733410","2025-12"
"002800","신신제약","81465585000","5370","15170500","15170500","0","2025-12"
"472220","신영스팩10호","10529050000","2245","4690000","4690000","0","2025-12"
"0091W0","신영스팩11호","12530420000","2065","6068000","6068000","0","2025-12"
"005800","신영와코루","132210000000","14690","9000000","9000000","0","2025-12"
"001720","신영증권","1496018103600","186600","8017246","16440000","8422754","2025-12"
"009270","신원","105929063740","1180","89770393","114770393","25000000","2025-12"
"017000","신원종합개발","31067551350","2775","11195514","11668027","472513","2025-12"
"002700","신일전자","94026359547","1401","67113747","70047521","2933774","2025-12"
"012790","신일제약","66698666970","5770","11559561","11986415","426854","2025-12"
"138070","신진에스엠","28537999064","1702","16767332","17503204","735872","2025-12"
"226330","신테카바이오","56279662000","2320","24258475","24258475","0","2025-12"
"002870","신풍","31696098720","1144","27706380","34958700","7252320","2025-12"
"019170","신풍제약","537698353440","11040","48704561","52418522","3713961","2025-12"
"474660","신한제12호스팩","11288400000","2045","5520000","5520000","0","2025-12"
"474930","신한제13호스팩","7674400000","2120","3620000","3620000","0","2025-12"
"487360","신한제14호스팩","11421000000","2025","5640000","5640000","0","2025-12"
"487830","신한제15호스팩","8895750000","2045","4350000","4350000","0","2025-12"
"496070","신한제16호스팩","11324300000","2015","5620000","5620000","0","2025-12"
"0130D0","신한제17호스팩","10631940000","1991","5340000","5340000",,"자료 없음"
"0129K0","신한제18호스팩","11183800000","1990","5620000","5620000",,"자료 없음"
"055550","신한지주","43414096500600","93100","466316826","474654361","8337535","2025-12"
"056700","신화인터텍","49754021065","1715","29011091","29135091","124000","2025-12"
"187270","신화콘텍","32884969975","3575","9198593","10143845","945252","2025-12"
"095190","신화프리텍","176203247400","2700","65260462","65260462","0","2025-12"
"004080","신흥","128356580620","13820","9287741","9400000","112259","2025-12"
"243840","신흥에스이씨","324660338700","8420","38558235","38558235","0","2025-12"
"257720","실리콘투","2560752640600","39050","65576252","65576252","0","2025-12"
"222800","심텍","3760548766000","100400","37455665","37463931","8266","2025-12"
"036710","심텍홀딩스","224253815730","4245","52827754","52827754","0","2025-12"
"444530","심플랫폼","64186440000","10000","6418644","6418644","0","2025-12"
"234030","싸이닉솔루션","134784550000","5710","23605000","23605000","0","2025-12"
"160980","싸이맥스","383440929300","35100","10924243","10924243","0","2025-12"
"356890","싸이버원","39741796500","3325","11952420","11953825","1405","2025-12"
"217330","싸이토젠","114015414870","4930","23126859","23129547","2688","2025-12"
"004770","써니전자","62493090880","1760","35507438","35507438","0","2025-12"
"208640","썸에이지","24227804196","174","139240254","139240254","0","2025-12"
"222420","쎄노텍","67253324280","1389","48418520","48418523","3","2025-12"
"037760","쎄니트","76919390130","2530","30402921","33832921","3430000","2025-12"
"081180","쎄크","81998802550","9310","8807605","8825535","17930","2025-12"
"099320","쎄트렉아이","1828863426000","167000","10951278","10951278","0","2025-12"
"049960","쎌바이오텍","118946982000","17380","6843900","9400000","2556100","2025-12"
"088280","쏘닉스","85407528150","4935","17306490","17306490","0","2025-12"
"403550","쏘카","464056075260","14130","32841902","32841902","0","2025-12"
"050890","쏠리드","922816433000","15400","59923145","60756534","833389","2025-12"
"394800","쓰리빌리언","322378981400","10150","31761476","31761476","0","2025-12"
"177900","쓰리에이로직스","64119816000","6660","9627600","9627600","0","2025-12"
"475400","씨메스로보틱스","361498906500","30750","11756062","11756062","0","2025-12"
"109670","씨싸이트","25354374155","4345","5835299","5836602","1303","2025-12"
"066790","씨씨에스","90304345373","1493","60485161","65152039","4666878","2025-12"
"222080","씨아이에스","1032807153440","13280","77771623","77780144","8521","2025-12"
"004920","씨아이테크","55101944832","1056","52179872","52179872","0","2025-12"
"352480","씨앤씨인터내셔널","303571327200","22300","13613064","13629901","16837","2025-12"
"264660","씨앤지하이테크","174542556740","18530","9419458","9721172","301714","2025-12"
"352700","씨앤투스","45559834486","1847","24666938","26276899","1609961","2025-12"
"458870","씨어스","1303546095000","34250","38059740","38059740","0","2025-12"
"297090","씨에스베어링","167983200000","6160","27270000","27270000","0","2025-12"
"112610","씨에스윈드","2183818436000","52700","41438680","42171403","732723","2025-12"
"359090","씨엔알리서치","35286731044","614","57470246","57470717","471","2025-12"
"115530","씨엔플러스","26491522848","336","78843818","78843818","0","2025-12"
"388210","씨엠티엑스","1147461565800","119100","9634438","9634438","0","2025-12"
"115480","씨유메디칼","33167457784","548","60524558","60624558","100000","2025-12"
"376290","씨유테크","48381550000","2740","17657500","17657500","0","2025-12"
"189330","씨이랩","73275638040","7810","9382284","9382284","0","2025-12"
"096530","씨젠","1381132599450","29950","46114611","52225994","6111383","2025-12"
"480370","씨케이솔루션","69276155520","2145","32296576","32481408","184832","2025-12"
"101240","씨큐브","43828605460","3860","11354561","11357052","2491","2025-12"
"060590","씨티씨바이오","90972888875","3805","23908775","24181020","272245","2025-12"
"308170","씨티알모빌리티","40165650000","4665","8610000","8610000","0","2025-12"
"260930","씨티케이","62184503700","3300","18843789","19341591","497802","2025-12"
"413630","씨피시스템","119147698350","3270","36436605","36436626","21","2025-12"
"013990","아가방컴퍼니","137702269180","4970","27706694","32887536","5180842","2025-12"
"123860","아나패스","218221470000","18000","12123415","12123415","0","2025-12"
"025980","아난티","528920494500","5550","95300990","97300990","2000000","2025-12"
"008700","아남전자","99486515700","1290","77121330","77124820","3490","2025-12"
"0015N0","아로마티카","94578453440","7520","12576922","12715050","138128","2025-12"
"125210","아모그린텍","204725163900","12410","16496790","16496790","0","2025-12"
"090430","아모레퍼시픽","7035693798000","120400","58435995","58492759","56764","2025-12"
"002790","아모레퍼시픽홀딩스","1791695951100","24450","73279998","76458180","3178182","2025-12"
"357580","아모센스","166623802740","14220","11717567","11717567","0","2025-12"
"052710","아모텍","250459038440","17140","14612546","14615109","2563","2025-12"
"074430","아미노로직스","106358308084","1211","87826844","87826844","0","2025-12"
"092040","아미코젠","120263711406","1707","70453258","70655387","202129","2025-12"
"083930","아바코","199963162000","14000","14283083","14677249","394166","2025-12"
"149950","아바텍","165379206300","12100","13667703","13667703","0","2025-12"
"036010","아비코전자","119636406000","9000","13292934","13292934","0","2025-12"
"002030","아세아","371028612500","227500","1630895","2058852","427957","2025-12"
"183190","아세아시멘트","380668440100","10660","35709985","36506428","796443","2025-12"
"002310","아세아제지","310290727500","8300","37384425","39449510","2065085","2025-12"
"050860","아세아텍","34922411520","1920","18188756","22500000","4311244","2025-12"
"012170","아센디오","22139803256","1142","19386868","19393296","6428","2025-12"
"136410","아셈스","65382428580","6180","10579681","11019106","439425","2025-12"
"246720","아스타","99434491000","6070","16381300","16381300","0","2025-12"
"450950","아스테라시스","369879229360","9830","37627592","37627592","0","2025-12"
"067390","아스트","273637177758","669","409024182","409157579","133397","2025-12"
"159010","아스플로","206150400500","15950","12924790","13334739","409949","2025-12"
"127710","아시아경제","50867596962","1183","42998814","44049210","1050396","2025-12"
"267850","아시아나IDT","112443000000","10130","11100000","11100000","0","2025-12"
"020560","아시아나항공","1515431286400","7360","205900990","205990711","89721","2025-12"
"154030","아시아종묘","22700433694","1882","12061867","12061867","0","2025-12"
"227610","아우딘퓨쳐스","30102196284","794","37912086","38047246","135160","2025-12"
"331740","아우토크립트","112073523480","11790","9505812","9749691","243879","2025-12"
"143160","아이디스","166975687500","17250","9679750","10716390","1036640","2025-12"
"054800","아이디스홀딩스","145252928110","16670","8713433","10347756","1634323","2025-12"
"332370","아이디피","63779725400","5350","11921444","13273726","1352282","2025-12"
"066430","아이로보틱스","156580488000","4000","39145122","39153476","8354","2025-12"
"122900","아이마켓코리아","231262899000","7350","31464340","33428840","1964500","2025-12"
"339950","아이비김영","122502650250","2825","43363770","44946655","1582885","2025-12"
"469750","아이비젼웍스","41268584400","1200","34390487","34456481","65994","2025-12"
"460470","아이빔테크놀로지","65088887850","4305","15119370","15119370","0","2025-12"
"099190","아이센스","511863368200","17800","28756369","28757309","940","2025-12"
"461300","아이스크림미디어","229049352000","18000","12724964","13323933","598969","2025-12"
"289010","아이스크림에듀","22772603048","1633","13945256","13945256","0","2025-12"
"214430","아이쓰리시스템","609421731000","83400","7307215","7307215","0","2025-12"
"040910","아이씨디","89651540790","5490","16329971","18574275","2244304","2025-12"
"368600","아이씨에이치","24935192370","990","25187063","25538346","351283","2025-12"
"456010","아이씨티케이","272337319860","19590","13901854","13901854","0","2025-12"
"052860","아이앤씨","105206895420","6380","16490109","17862854","1372745","2025-12"
"464500","아이언디바이스","44848407915","3205","13993263","13993263","0","2025-12"
"010780","아이에스동서","897684973600","30200","29724668","30186976","462308","2025-12"
"212710","아이에스티이","111626544800","11600","9622978","9622978","0","2025-12"
"038880","아이에이","24432487608","908","26908026","37572117","10664091","2025-12"
"307180","아이엘","265555490400","7650","34713136","34713473","337","2025-12"
"101390","아이엠","6684439608","396","16879898","16914354","34456","2025-12"
"493280","아이엠바이오로직스","568475443200","38400","14804048","14804048","0","2025-12"
"461030","아이엠비디엑스","80703330710","5630","14334517","14334517","0","2025-12"
"451220","아이엠티","104968564630","13330","7874611","7874611","0","2025-12"
"078860","아이오케이이엔엠","24664318425","4185","5893505","5936225","42720","2025-12"
"090150","아이윈","28635117756","721","39715836","41875293","2159457","2025-12"
"031310","아이즈비전","47862361459","1609","29746651","29746651","0","2025-12"
"462980","아이지넷","33770177324","1852","18234437","18234437","0","2025-12"
"185490","아이진","67470909436","1561","43222876","43229784","6908","2025-12"
"059100","아이컴포넌트","36430113600","5640","6459240","7070860","611620","2025-12"
"262840","아이퀘스트","34181297635","3515","9724409","10566952","842543","2025-12"
"175250","아이큐어","81092216450","2170","37369685","37558368","188683","2025-12"
"052460","아이크래프트","38662236480","3180","12157936","14607936","2450000","2025-12"
"119830","아이텍","175580387600","6700","26206028","26349023","142995","2025-12"
"052770","아이톡시","4544733336","312","14566453","14568774","2321","2025-12"
"124500","아이티센글로벌","1150944539200","49600","23204527","23204527","0","2025-12"
"031820","아이티센씨티에스","93451727120","7720","12105146","12105146","0","2025-12"
"010280","아이티센엔텍","95080638500","7300","13024745","13024757","12","2025-12"
"232830","아이티센피엔에스","81759275070","4945","16533726","16533726","0","2025-12"
"372800","아이티아이즈","25985100915","3735","6957189","7037189","80000","2025-12"
"084850","아이티엠반도체","305699107840","14140","21619456","22682934","1063478","2025-12"
"309710","아이티켐","262394706000","21000","12494986","12783001","288015","2025-12"
"114840","아이패밀리에스씨","156500691450","9190","17029455","17319900","290445","2025-12"
"027360","아주IB투자","2038297294530","17010","119829353","121145406","1316053","2025-12"
"139990","아주스틸","118367481250","3125","37877594","38755414","877820","2025-12"
"032080","아즈텍WB","25460905177","1213","20990029","21491029","501000","2025-12"
"013310","아진산업","139694191200","3600","38803942","38806582","2640","2025-12"
"059120","아진엑스텍","185480968580","10130","18310066","18310066","0","2025-12"
"009320","아진전자부품","50335065170","1021","49299770","49299770","0","2025-12"
"0007C0","아크릴","256970368000","32000","8030324","8030324","0","2025-12"
"203690","아크솔루션스","88454471175","4425","19989711","20157320","167609","2025-12"
"158430","아톤","161747550540","6660","24286419","24482092","195673","2025-12"
"200350","아티스트스튜디오","39584259000","3960","9996025","9996025","0","2025-12"
"321820","아티스트컴퍼니","52381029150","3450","15182907","15591376","408469","2025-12"
"001540","안국약품","118995371550","10470","11365365","13042420","1677055","2025-12"
"053800","안랩","546491497600","60800","8988347","11126506","2138159","2025-12"
"065660","안트로젠","323697335000","32350","10006100","10006100","0","2025-12"
"297570","알로이스","49300614432","1424","34621218","34621218","0","2025-12"
"001780","알루코","248853439240","2570","96830132","96830132","0","2025-12"
"260660","알리코제약","48643386840","3240","15013391","15327021","313630","2025-12"
"354320","알멕","598233261600","93600","6391381","6391381","0","2025-12"
"361570","알비더블유","51352769310","1839","27924290","28743291","819001","2025-12"
"131370","알서포트","115026784020","2215","51930828","53267083","1336255","2025-12"
"140670","알에스오토메이션","206702477120","16180","12775184","12839840","64656","2025-12"
"096610","알에프세미","51550708615","2965","17386411","17386411","0","2025-12"
"061040","알에프텍","84957215148","1937","43860204","45241115","1380911","2025-12"
"148250","알엔투테크놀로지","40627951440","2985","13610704","13610704","0","2025-12"
"123010","알엔티엑스","77788755560","2330","33385732","33622267","236535","2025-12"
"476830","알지노믹스","1932623885400","138700","13933842","13933842","0","2025-12"
"347860","알체라","83840934590","2030","41300953","41300953","0","2025-12"
"196170","알테오젠","19148642012500","357500","53562635","53586343","23708","2025-12"
"123750","알톤","26324721913","1907","13804259","13819259","15000","2025-12"
"459550","알트","53081950720","2120","25038656","25067769","29113","2025-12"
"085810","알티캐스트","22747857390","1845","12329462","13109206","779744","2025-12"
"043100","알파AI","10453173120","520","20102256","20110080","7824","2025-12"
"117670","알파칩스","111453028380","16740","6657887","6661742","3855","2025-12"
"314140","알피바이오","52850534620","6110","8649842","8666361","16519","2025-12"
"291650","압타머사이언스","74956189176","1228","61039242","61039242","0","2025-12"
"293780","압타바이오","189349549700","6740","28093405","28093405","0","2025-12"
"018250","애경산업","326747606960","12970","25192568","26409935","1217367","2025-12"
"161000","애경케미칼","642128960900","13300","48280373","48648709","368336","2025-12"
"310200","애니플러스","127659677940","2465","51788916","52162836","373920","2025-12"
"179530","애드바이오텍","50084658350","2545","19679630","19679630","0","2025-12"
"397810","애드포러스","22053023300","5390","4091470","5160770","1069300","2025-12"
"0011A0","액스비스","196008540000","21000","9333740","9333740","0","2025-12"
"052790","액토즈소프트","52434503160","4985","10518456","10924547","406091","2025-12"
"290740","액트로","146101517100","15930","9171470","10065011","893541","2025-12"
"238090","앤디포스","90168887905","3035","29709683","30490440","780757","2025-12"
"138360","앤로보틱스","276287907800","3590","76960420","76991722","31302","2025-12"
"092600","앤씨앤","19857420120","4490","4422588","5016703","594115","2025-12"
"129890","앱코","45363419592","996","45545602","45545602","0","2025-12"
"174900","앱클론","722267069800","36200","19952129","19952129","0","2025-12"
"109960","앱토크롬","33775364907","153","220754019","220789269","35250","2025-12"
"270520","앱튼","27148960234","1381","19658914","19658914","0","2025-12"
"255440","야스","120477658100","10100","11928481","13058000","1129519","2025-12"
"030960","양지사","85717148400","6120","14006070","15980000","1973930","2025-12"
"102120","어보브반도체","206234425000","12500","16498754","17780753","1281999","2025-12"
"238120","얼라인드","56795426960","4040","14058274","14378896","320622","2025-12"
"019990","에너토크","78756301910","8230","9569417","9756088","186671","2025-12"
"011090","에넥스","25381496108","428","59302561","59991641","689080","2025-12"
"435570","에르코스","65810549700","8700","7564431","7616983","52552","2025-12"
"270660","에브리봇","214470852700","16900","12690583","12690583","0","2025-12"
"038680","에스넷","77635219200","4200","18484576","19912642","1428066","2025-12"
"137310","에스디바이오센서","941836567100","7940","118619215","120749102","2129887","2025-12"
"217480","에스디생명공학","54756837359","499","109733141","109733141","0","2025-12"
"121890","에스디시스템","27247464300","2050","13291446","13291446","0","2025-12"
"304360","에스바이오메딕스","362884250400","29300","12385128","12385128","0","2025-12"
"389500","에스비비테크","554400870400","83200","6663472","6663472","0","2025-12"
"042110","에스씨디","71382766028","1477","48329564","48329564","0","2025-12"
"065420","에스아이리소스","16390614086","229","71574734","71577299","2565","2025-12"
"103230","에스앤더블류","26568000000","3690","7200000","7200000","0","2025-12"
"260970","에스앤디","207699737200","71800","2892754","2892754","0","2025-12"
"101490","에스앤에스텍","1624709112000","78000","20829604","21334879","505275","2025-12"
"095910","에스에너지","79431862120","2180","36436634","37296909","860275","2025-12"
"275630","에스에스알","18272781890","4070","4489627","5253808","764181","2025-12"
"031330","에스에이엠티","1813362795530","18590","97545067","99995067","2450000","2025-12"
"060540","에스에이티","38075684838","1457","26132934","26133306","372","2025-12"
"056190","에스에프에이","749085787200","26850","27898912","35908760","8009848","2025-12"
"0008Z0","에스엔시스","351040180800","37200","9436564","9436564","0","2025-12"
"005850","에스엘","2984393937600","64800","46055462","46448520","393058","2025-12"
"246250","에스엘에스바이오","29629620295","1969","15048055","15348206","300151","2025-12"
"041510","에스엠","2000995906000","87400","22894690","22894690","0","2025-12"
"010580","에스엠벡셀","227767849400","2050","111106268","111251760","145492","2025-12"
"460870","에스엠씨지","60139348865","3065","19621321","20073304","451983","2025-12"
"464080","에스오에스랩","248566573250","13850","17947045","17947045","0","2025-12"
"109610","에스와이","120111395150","2515","47758010","48907400","1149390","2025-12"
"365330","에스와이스틸텍","156507018720","3120","50162506","50171000","8494","2025-12"
"012750","에스원","2383621849500","70500","33810239","37999178","4188939","2025-12"
"306040","에스제이그룹","40174919960","4340","9256894","9865828","608934","2025-12"
"398120","에스지헬스케어","33259204605","2895","11488499","11818511","330012","2025-12"
"472230","에스케이증권제11호스팩","8559300000","2060","4155000","4155000","0","2025-12"
"473000","에스케이증권제12호스팩","6785500000","2050","3310000","3310000","0","2025-12"
"473950","에스케이증권제13호스팩","8972600000","2030","4420000","4420000","0","2025-12"
"475660","에스켐","37111627800","4680","7929835","7929835","0","2025-12"
"096630","에스코넥","43441126390","2930","14826323","15876323","1050000","2025-12"
"069510","에스텍","119506100000","14210","8410000","10910000","2500000","2025-12"
"488280","에스투더블유","274948718700","25450","10803486","10803486","0","2025-12"
"234300","에스트래픽","90428472960","3360","26913236","27207780","294544","2025-12"
"039440","에스티아이","439502601250","28750","15287047","15507047","220000","2025-12"
"098660","에스티오","20827517568","1716","12137248","12500976","363728","2025-12"
"052020","에스티큐브","1116143971130","16430","67933291","67983291","50000","2025-12"
"237690","에스티팜","2603906082300","124900","20847927","20847927","0","2025-12"
"458350","에스팀","62171712000","7160","8683200","8683200","0","2025-12"
"050760","에스폴리텍","20384455080","1320","15442769","16334678","891909","2025-12"
"288620","에스프리즘","66582674640","9540","6979316","6979316","0","2025-12"
"443670","에스피소프트","117578038725","4815","24419115","24741392","322277","2025-12"
"317830","에스피시스템스","102269125000","9800","10435625","10773818","338193","2025-12"
"058610","에스피지","2712291128000","122300","22177360","22177360","0","2025-12"
"043340","에쎈테크","52155000000","549","95000000","95000000","0","2025-12"
"023960","에쓰씨엔지니어링","42638325733","1121","38035973","38035975","2","2025-12"
"163280","에어레인","70736005600","5200","13603078","13603078","0","2025-12"
"298690","에어부산","221039441664","1896","116581984","116640000","58016","2025-12"
"200710","에이디테크놀로지","535252822500","41250","12975826","13462007","486181","2025-12"
"475580","에이럭스","128223874680","9570","13398524","13624900","226376","2025-12"
"096690","에이루트","32256828338","1337","24126274","24137053","10779","2025-12"
"078520","에이블씨엔씨","358923607900","14300","25099553","26014161","914608","2025-12"
"298380","에이비엘바이오","6281793348600","112200","55987463","55987463","0","2025-12"
"203400","에이비온","181086534030","2010","90092803","90101304","8501","2025-12"
"195990","에이비프로바이오","37297153285","1145","32573933","32575748","1815","2025-12"
"003800","에이스침대","348379185000","33000","10556945","11090000","533055","2025-12"
"088800","에이스테크","300138075150","3975","75506434","75506434","0","2025-12"
"241840","에이스토리","37940806280","4210","9012068","9539994","527926","2025-12"
"364950","에이아이코리아","49072851360","5920","8289333","8296445","7112","2025-12"
"453860","에이에스텍","77638586590","12130","6400543","6444423","43880","2025-12"
"312610","에이에프더블류","22870026552","1129","20256888","20256888","0","2025-12"
"015260","에이엔피","29445711250","625","47113138","47116894","3756","2025-12"
"172670","에이엘티","156448615500","17660","8858925","8960259","101334","2025-12"
"481070","에이유브랜즈","237571600000","16660","14260000","14260000","0","2025-12"
"060900","에이전트AI","21860032590","5490","3981791","3991073","9282","2025-12"
"445090","에이직랜드","304825858200","27900","10925658","10925658","0","2025-12"
"295310","에이치브이엠","1507019562300","125300","12027291","12027291","0","2025-12"
"072990","에이치시티","62124812710","4285","14498206","14498206","0","2025-12"
"044990","에이치엔에스하이텍","106703561250","14850","7185425","7685425","500000","2025-12"
"239610","에이치엘사이언스","38910145640","7640","5092951","5392115","299164","2025-12"
"036170","에이치엠넥스","363444429240","6030","60272708","61365626","1092918","2025-12"
"462020","에이치엠씨제6호스팩","9211400000","2120","4345000","4345000","0","2025-12"
"477340","에이치엠씨제7호스팩","15320400000","2040","7510000","7510000","0","2025-12"
"148930","에이치와이티씨","27659260700","2845","9722060","10175213","453153","2025-12"
"044780","에이치케이","26619655350","1450","18358383","18505787","147404","2025-12"
"357230","에이치피오","114989903990","2785","41289014","41293476","4462","2025-12"
"355690","에이텀","39500916000","4200","9404980","9404980","0","2025-12"
"071670","에이테크솔루션","81500000000","8150","10000000","10000000","0","2025-12"
"045660","에이텍","66317719650","9030","7344155","8260000","915845","2025-12"
"224110","에이텍모빌리티","40253446200","8350","4820772","5080386","259614","2025-12"
"021080","에이티넘인베스트","143963019750","3130","45994575","48000000","2005425","2025-12"
"200470","에이팩트","327450754170","7730","42361029","42362093","1064","2025-12"
"262260","에이프로","123080507550","8550","14395381","14468152","72771","2025-12"
"007460","에이프로젠","5227718125","4375","1194907","21953668","20758761","2025-12"
"003060","에이프로젠바이오로직스","45045465250","3635","12392150","13227189","835039","2025-12"
"397030","에이프릴바이오","1257322456200","53700","23413826","23413826","0","2025-12"
"244920","에이플러스에셋","255014777040","11280","22607693","22607693","0","2025-12"
"278470","에이피알","15050138310000","402000","37438155","37438155","0","2025-12"
"0009K0","에임드바이오","2315227563800","35800","64671161","64671161","0","2025-12"
"230240","에치에프알","376519664500","29050","12961090","13309000","347910","2025-12"
"159910","에코글로우","33773879700","3300","10234509","10467097","232588","2025-12"
"230360","에코마케팅","495980128000","16000","30998758","30998758","0","2025-12"
"097780","에코볼트","30821743896","664","46418289","50732723","4314434","2025-12"
"038870","에코심플렉스","36993694320","2640","14012763","14014949","2186","2025-12"
"448280","에코아이","340461672210","11490","29631129","29631129","0","2025-12"
"101360","에코앤드림","264092072300","15050","17547646","17786114","238468","2025-12"
"128540","에코캡","43873506832","1688","25991414","26690460","699046","2025-12"
"086520","에코프로","17113898146800","126800","134967651","135776152","808501","2025-12"
"450080","에코프로머티","4496876605200","63600","70705607","70705607","0","2025-12"
"247540","에코프로비엠","18625802126400","190400","97824591","97830434","5843","2025-12"
"383310","에코프로에이치엔","564987723300","26950","20964294","20974932","10638","2025-12"
"038110","에코플라스틱","123096416300","2990","41169370","41169370","0","2025-12"
"073540","에프알텍","40299000000","3535","11400000","11400000","0","2025-12"
"064850","에프앤가이드","314354646600","27550","11410332","11410332","0","2025-12"
"036810","에프에스티","695305205800","34700","20037614","21649789","1612175","2025-12"
"173940","에프엔씨엔터","56800625255","3805","14927891","15392808","464917","2025-12"
"083500","에프엔에스테크","148732757250","19250","7726377","8575722","849345","2025-12"
"317530","에피소드컴퍼니","62106831100","3550","17494882","17494882","0","2025-12"
"054940","엑사이엔씨","25079202288","756","33173548","33173548","0","2025-12"
"373110","엑셀세라퓨틱스","22845894474","1321","17294394","17294394","0","2025-12"
"205100","엑셈","127871739207","1809","70686423","70686423","0","2025-12"
"356680","엑스게이트","441126085720","15460","28533382","28543492","10110","2025-12"
"070300","엑스큐어","54534979980","2340","23305547","23307078","1531","2025-12"
"317770","엑스페릭스","117851540350","3230","36486545","36486545","0","2025-12"
"373200","엑스플러스","72324512686","643","112479802","112480583","781","2025-12"
"069920","엑시온그룹","13032433251","1431","9107221","9296521","189300","2025-12"
"092870","엑시콘","377515732550","29150","12950797","13050797","100000","2025-12"
"019490","엑시큐어하이트론","41342119606","541","76417966","76432270","14304","2025-12"
"317870","엔바이오니아","55703938500","6300","8841895","8841895","0","2025-12"
"067570","엔브이에이치코리아","85768228020","2055","41736364","42170000","433636","2025-12"
"0004V0","엔비알모션","174778665600","16800","10403492","10404468","976","2025-12"
"236810","엔비티","25046395750","1553","16127750","16975426","847676","2025-12"
"333620","엔시스","72938456750","6770","10773775","10997910","224135","2025-12"
"101400","엔시트론","22365883005","1905","11740621","11741788","1167","2025-12"
"475230","엔알비","166531876240","15280","10898683","10898683","0","2025-12"
"451700","엔에이치스팩29호","49364000000","3440","14350000","14350000","0","2025-12"
"466910","엔에이치스팩30호","51324000000","5640","9100000","9100000","0","2025-12"
"481890","엔에이치스팩31호","13387950000","2110","6345000","6345000","0","2025-12"
"0054V0","엔에이치스팩32호","12650577500","2035","6216500","6216500","0","2025-12"
"0130H0","엔에이치스팩33호","15438500000","2005","7700000","7700000",,"자료 없음"
"265740","엔에프씨","109682504000","6140","17863600","17863600","0","2025-12"
"354200","엔젠바이오","33699855750","1257","26809750","26809750","0","2025-12"
"455900","엔젤로보틱스","443753099000","29000","15301831","15301831","0","2025-12"
"419080","엔젯","50975878100","5110","9975710","10685137","709427","2025-12"
"183490","엔지켐생명과학","73699297650","990","74443735","84640235","10196500","2025-12"
"085310","엔케이","75729672865","1169","64781585","74180743","9399158","2025-12"
"182400","엔케이젠바이오텍코리아","265477186360","3670","72337108","72342431","5323","2025-12"
"348370","엔켐","794273496250","36250","21910993","21910993","0","2025-12"
"069410","엔텔스","48466814460","4890","9911414","10244824","333410","2025-12"
"227950","엔투텍","86788146641","503","172541047","172541047","0","2025-12"
"291230","엔피","29808735788","676","44095763","44095775","12","2025-12"
"048830","엔피케이","19069304940","1020","18695397","18723923","28526","2025-12"
"096870","엘디티","17989937845","2155","8347999","8347999","0","2025-12"
"290650","엘앤씨바이오","1612269079200","60300","26737464","26969704","232240","2025-12"
"066970","엘앤에프","6214058598000","160500","38716876","40455487","1738611","2025-12"
"156100","엘앤케이바이오","133212812280","5960","22351143","22351153","10","2025-12"
"0041J0","엘에스스팩1호","8207670000","1997","4110000","4110000","0","2025-12"
"073110","엘엠에스","44666215920","6140","7274628","8895755","1621127","2025-12"
"083310","엘오티베큠","210008743850","13450","15614033","17810033","2196000","2025-12"
"037950","엘컴텍","53325157515","3165","16848391","16889503","41112","2025-12"
"489500","엘케이켐","199406625600","31200","6391238","6391238","0","2025-12"
"170920","엘티씨","404124775200","39100","10335672","10564126","228454","2025-12"
"058630","엠게임","93900586860","4890","19202574","19202574","0","2025-12"
"226590","엠디바이스","220765750400","20600","10716784","10716784","0","2025-12"
"058970","엠로","294234497200","23800","12362794","12362794","0","2025-12"
"169330","엠브레인","37682781570","2115","17816918","18316918","500000","2025-12"
"097520","엠씨넥스","359663798400","22200","16201072","17401500","1200428","2025-12"
"373170","엠아이큐브솔루션","37557768150","2485","15113790","15113790","0","2025-12"
"179290","엠아이텍","174774661200","5400","32365678","32365678","0","2025-12"
"484870","엠앤씨솔루션","807373980000","88200","9153900","9153900","0","2025-12"
"009780","엠에스씨","123376000000","7010","17600000","17600000","0","2025-12"
"123040","엠에스오토텍","119668145475","2175","55019837","62628299","7608462","2025-12"
"432980","엠에프씨","26368375080","3265","8076072","8591742","515670","2025-12"
"007820","엠엑스로보틱스","99571203500","5050","19717070","20033946","316876","2025-12"
"347890","엠엑스온","86506193150","5330","16230055","16963204","733149","2025-12"
"413390","엠오티","92873043600","8020","11580180","11580180","0","2025-12"
"032790","엠젠솔루션","45556508044","887","51360212","51360212","0","2025-12"
"033160","엠케이전자","639521534000","27700","23087420","24185077","1097657","2025-12"
"033310","엠투엔","63602968582","1622","39212681","39972456","759775","2025-12"
"259630","엠플러스","177917426100","15100","11782611","12109784","327173","2025-12"
"105550","엣지파운드리","50880947260","710","71663306","78307051","6643745","2025-12"
"060850","영림원소프트랩","50945789430","6390","7972737","8131000","158263","2025-12"
"014440","영보화학","91552500000","4695","19500000","20000000","500000","2025-12"
"143540","영우디에스피","63214799600","1447","43686800","44599895","913095","2025-12"
"111770","영원무역","3741033844800","87900","42560112","44311468","1751356","2025-12"
"009970","영원무역홀딩스","2301251273400","198300","11604898","13499237","1894339","2025-12"
"003520","영진약품","280008347074","1531","182892454","182892731","277","2025-12"
"000670","영풍","1070582360400","58800","18207183","18410683","203500","2025-12"
"012280","영화금속","49128308960","992","49524505","51664505","2140000","2025-12"
"265560","영화테크","89233865400","8530","10461180","10690180","229000","2025-12"
"012160","영흥","29420719344","432","68103517","101310372","33206855","2025-12"
"036000","예림당","69563516540","3020","23034277","23034277","0","2025-12"
"250930","예선테크","14542763315","445","32680367","33000440","320073","2025-12"
"053280","예스24","79079588580","3165","24985652","25000000","14348","2025-12"
"122640","예스티","565666862400","27400","20644776","21418509","773733","2025-12"
"476040","오가노이드사이언스","107874748800","16380","6585760","6585760","0","2025-12"
"045060","오공","39135959940","2310","16941974","16941974","0","2025-12"
"192410","오늘이엔엠","149221350400","6400","23315836","23330786","14950","2025-12"
"080520","오디텍","40647477030","3590","11322417","11322417","0","2025-12"
"007310","오뚜기","1215802094500","353500","3439327","4007830","568503","2025-12"
"039830","오로라","153996333660","15860","9709731","10762890","1053159","2025-12"
"322310","오로스테크놀로지","257151359700","27850","9233442","9366542","133100","2025-12"
"046120","오르비텍","314478485580","9380","33526491","33855433","328942","2025-12"
"475830","오름테라퓨틱","1458603435000","67800","21513325","21513325","0","2025-12"
"014940","오리엔탈정공","297423797170","6530","45547289","45573661","26372","2025-12"
"002630","오리엔트바이오","57275591415","483","118583005","118583005","0","2025-12"
"065500","오리엔트정공","60369128192","1816","33242912","33242912","0","2025-12"
"271560","오리온","5383820925600","136200","39528788","39536132","7344","2025-12"
"001800","오리온홀딩스","1558057286800","25900","60156652","62645422","2488770","2025-12"
"010470","오리콤","66529202790","5710","11651349","11975050","323701","2025-12"
"417860","오브젠","36354052440","7740","4696906","4696906","0","2025-12"
"352910","오비고","69887045060","5530","12637802","12637802","0","2025-12"
"053980","오상자이엘","56064322590","2955","18972698","18982783","10085","2025-12"
"036220","오상헬스케어","108271427330","7990","13550867","14309416","758549","2025-12"
"052420","오성첨단소재","136126619008","1448","94010096","97420096","3410000","2025-12"
"052300","오션인더블유","27199839733","1741","15623113","16244128","621015","2025-12"
"039200","오스코텍","1559020672000","40750","38258176","38258176","0","2025-12"
"226400","오스테오닉","115151087100","5740","20061165","20661601","600436","2025-12"
"031510","오스템","27297920000","1088","25090000","28000000","2910000","2025-12"
"342870","오아","29076750000","6250","4652280","5450197","797917","2025-12"
"368970","오에스피","17180956100","1925","8925172","9135666","210494","2025-12"
"138080","오이솔루션","445410569100","37650","11830294","12377758","547464","2025-12"
"080580","오킨스전자","390643675900","18950","20614442","21090955","476513","2025-12"
"067170","오텍","75595519920","3270","23117896","24303812","1185916","2025-12"
"353590","오토앤","33862749100","2630","12875570","12875570","0","2025-12"
"173130","오파스넷","98736145880","7570","13043084","13046473","3389","2025-12"
"440320","오픈놀","43694350000","4445","9830000","9830000","0","2025-12"
"049480","오픈베이스","73335082800","2685","27312880","31422383","4109503","2025-12"
"394280","오픈엣지테크놀로지","421281014700","15990","26346530","26346530","0","2025-12"
"476060","온코닉테라퓨틱스","935401504000","20600","45407840","45407840","0","2025-12"
"382150","온코크로스","79883518350","6550","12195957","12195957","0","2025-12"
"005320","온타이드","39550542276","588","67262827","68375690","1112863","2025-12"
"244460","올리패스","13409159491","1651","8121841","8125511","3670","2025-12"
"226950","올릭스","3010576458900","148300","20300583","20300583","0","2025-12"
"057540","옴니시스템","48776806782","822","59339181","59394268","55087","2025-12"
"131030","옵투스제약","124294877000","7400","16796605","17646590","849985","2025-12"
"082210","옵트론텍","58509131246","1706","34296091","34963330","667239","2025-12"
"109080","옵티시스","61921899270","13110","4723257","5636000","912743","2025-12"
"380540","옵티코어","206658130575","4225","48913167","48913167","0","2025-12"
"153710","옵티팜","72029493780","4910","14669958","14669958","0","2025-12"
"432430","와이랩","48451919200","2935","16508320","16508320","0","2025-12"
"338840","와이바이오로직스","300418613550","19550","15366681","15366681","0","2025-12"
"122990","와이솔","224833843640","8440","26639081","26639081","0","2025-12"
"232140","와이씨","1470919032500","17950","81945350","82045350","100000","2025-12"
"112290","와이씨켐","291790328700","14430","20221090","20221090","0","2025-12"
"065530","와이어블","87975477801","1839","47838759","47838759","0","2025-12"
"067900","와이엔텍","127240602770","7030","18099659","18199659","100000","2025-12"
"007530","와이엠","43189254800","2120","20372290","22254231","1881941","2025-12"
"155650","와이엠씨","73586515500","4275","17213220","18974358","1761138","2025-12"
"273640","와이엠텍","102088200000","10000","10208820","10966000","757180","2025-12"
"251370","와이엠티","257449074420","14340","17953213","18285357","332144","2025-12"
"209640","와이제이링크","244611055600","8600","28443146","28443146","0","2025-12"
"096250","와이즈넛","120176004480","9170","13105344","13105344","0","2025-12"
"273060","와이즈버즈","62014817675","1229","50459575","50459582","7","2025-12"
"019210","와이지-원","717838950400","19300","37193728","37193728","0","2025-12"
"122870","와이지엔터테인먼트","891177487900","48050","18546878","18691049","144171","2025-12"
"011690","와이투솔루션","227532324400","6200","36698762","36704394","5632","2025-12"
"079000","와토스코리아","39119510400","6150","6360896","7200000","839104","2025-12"
"403490","우듬지팜","45379615580","988","45930785","45932464","1679","2025-12"
"316140","우리금융지주","22497785793750","30650","734022375","734076320","53945","2025-12"
"032820","우리기술","2958227259260","17290","171094694","171096282","1588","2025-12"
"041190","우리기술투자","484358590320","6220","77871156","84000000","6128844","2025-12"
"115440","우리넷","134495582730","13170","10212269","10794292","582023","2025-12"
"046970","우리로","337645441460","7780","43399157","43824999","425842","2025-12"
"082850","우리바이오","90732580516","1922","47207378","48456578","1249200","2025-12"
"215360","우리산업","79449818100","8700","9132163","9132163","0","2025-12"
"072470","우리산업홀딩스","68925610850","3650","18883729","18887341","3612","2025-12"
"073560","우리손에프앤지","119781122390","1730","69237643","69237643","0","2025-12"
"037400","우리엔터프라이즈","23305053396","961","24250836","26223346","1972510","2025-12"
"153490","우리이앤엘하루틴","39529698000","780","50679100","51480000","800900","2025-12"
"101170","우림피티에스","192570262140","14570","13216902","13500000","283098","2025-12"
"006980","우성","54928578400","21400","2566756","3090000","523244","2025-12"
"011300","우성머티리얼스","40559375360","2560","15843506","15856381","12875","2025-12"
"017370","우신시스템","82697688640","5440","15201781","18314054","3112273","2025-12"
"103840","우양","47789969760","2920","16366428","16366428","0","2025-12"
"101970","우양에이치씨","180484727940","12210","14781714","14790009","8295","2025-12"
"046940","우원개발","81876805500","4530","18074350","18074350","0","2025-12"
"215380","우정바이오","46677500800","2800","16670536","16829576","159040","2025-12"
"065680","우주일렉트로","336008087800","41800","8038471","9240471","1202000","2025-12"
"105840","우진","447275991050","22150","20193047","20197670","4623","2025-12"
"018620","우진비앤지","21549829566","746","28887171","28889293","2122","2025-12"
"010400","우진아이엔에스","24702389535","3665","6740079","7622000","881921","2025-12"
"457550","우진엔텍","215267929800","23100","9318958","9318958","0","2025-12"
"049800","우진플라임","45200000000","2260","20000000","20000000","0","2025-12"
"016880","웅진","185739915940","2390","77715446","79927080","2211634","2025-12"
"095720","웅진씽크빅","93008116296","1882","49419828","56827085","7407257","2025-12"
"396470","워트","128960000000","8000","16120000","16120000","0","2025-12"
"005820","원림","31551772200","15340","2056830","2297970","241140","2025-12"
"307280","원바이오젠","47424500240","6740","7036276","7094627","58351","2025-12"
"032940","원익","150639538680","8280","18193181","18193230","49","2025-12"
"240810","원익IPS","5648925609000","116100","48655690","49083901","428211","2025-12"
"074600","원익QnC","950311200000","36150","26288000","26288000","0","2025-12"
"104830","원익머트리얼즈","567360000000","45000","12608000","12608000","0","2025-12"
"014190","원익큐브","55393286115","1565","35395071","35399906","4835","2025-12"
"217820","원익피앤이","135563221900","3050","44446958","47454559","3007601","2025-12"
"030530","원익홀딩스","2058521984750","26950","76383005","77237981","854976","2025-12"
"012620","원일특강","35376000000","8040","4400000","4400000","0","2025-12"
"136150","원일티엔아이","115954204590","14070","8241237","8381030","139793","2025-12"
"382840","원준","119387748660","7860","15189281","15271581","82300","2025-12"
"336570","원텍","689741768100","7700","89576853","89580646","3793","2025-12"
"376980","원티드랩","29472826185","3285","8971941","9766394","794453","2025-12"
"008370","원풍","53924768000","5140","10491200","12000000","1508800","2025-12"
"008290","원풍물산","13392644431","683","19608557","20346839","738282","2025-12"
"101160","월덱스","447447910300","27100","16510993","16510993","0","2025-12"
"336060","웨이버스","43339680000","900","48155200","48155200","0","2025-12"
"095270","웨이브일렉트로","77841843800","6100","12760958","14372406","1611448","2025-12"
"289930","웨이비스","186715942000","14200","13149010","13149010","0","2025-12"
"065950","웰크론","35665695989","1309","27246521","28231302","984781","2025-12"
"076080","웰크론한텍","20660216616","936","22072881","22594156","521275","2025-12"
"043590","웰킵스하이텍","21229463760","795","26703728","27136762","433034","2025-12"
"196700","웹스","23629016880","1645","14364144","14364144","0","2025-12"
"069080","웹젠","276197015160","10860","25432506","30966575","5534069","2025-12"
"053580","웹케시","94355752240","7940","11883596","12954436","1070840","2025-12"
"479960","위너스일렉","70222750000","10250","6851000","6851000","0","2025-12"
"044340","위닉스","78407203840","4960","15807904","17873425","2065521","2025-12"
"330350","위더스제약","101637536000","7700","13199680","13202139","2459","2025-12"
"348350","위드텍","92049932000","9620","9568600","9978600","410000","2025-12"
"112040","위메이드","682842436200","20200","33804081","33948483","144402","2025-12"
"101730","위메이드맥스","370838209050","4450","83334429","83803286","468857","2025-12"
"123420","위메이드플레이","72703276590","6990","10401041","10552334","151293","2025-12"
"065370","위세아이텍","31014926440","4490","6907556","7383954","476398","2025-12"
"038620","위즈코프","23112797580","2020","11441979","15145893","3703914","2025-12"
"299900","위지윅스튜디오","60826046356","359","169431884","171048884","1617000","2025-12"
"036090","위지트","83741258850","710","117945435","118392284","446849","2025-12"
"459100","위츠","82412532000","6120","13466100","13466100","0","2025-12"
"136540","윈스테크넷","127434656320","11860","10744912","12279746","1534834","2025-12"
"097800","윈팩","58946497200","2160","27290045","27290045","0","2025-12"
"192390","윈하이텍","20608203772","1868","11032229","11032229","0","2025-12"
"008600","윌비스","13851819480","2620","5286954","6723603","1436649","2025-12"
"335870","윙스풋","29815841940","1780","16750473","16750473","0","2025-12"
"033270","유나이티드제약","299491923200","19400","15437728","15910775","473047","2025-12"
"014830","유니드","503230818200","75800","6638929","6767600","128671","2025-12"
"446070","유니드비티플러스","28119719750","2650","10611215","10611215","0","2025-12"
"036200","유니셈","323576583000","11000","29416053","30664223","1248170","2025-12"
"018000","유니슨","248512811221","997","249260593","249260593","0","2025-12"
"000910","유니온","61900069335","3965","15611619","15611619","0","2025-12"
"047400","유니온머티리얼","67620000000","1610","42000000","42000000","0","2025-12"
"203450","유니온바이오메트릭스","35672694940","2980","11970703","14079007","2108304","2025-12"
"011330","유니켐","49862835048","564","88409282","90187837","1778555","2025-12"
"077500","유니퀘스트","160056755820","7410","21600102","21600102","0","2025-12"
"011320","유니크","80760505100","4180","19320695","19320695","0","2025-12"
"086390","유니테스트","349317796060","17180","20332817","21134126","801309","2025-12"
"241690","유니테크노","86626299240","3540","24470706","24470706","0","2025-12"
"142210","유니트론텍","146523055250","7150","20492735","20751403","258668","2025-12"
"389680","유디엠텍","23286519200","2800","8316614","8318493","1879","2025-12"
"088340","유라클","41976330240","10680","3930368","4364368","434000","2025-12"
"048430","유라테크","81774077280","7140","11452952","11520000","67048","2025-12"
"206650","유바이오로직스","414973369100","11300","36723307","36723307","0","2025-12"
"089850","유비벨록스","70843549100","4870","14546930","14730199","183269","2025-12"
"084440","유비온","21849224782","1142","19132421","19132421","0","2025-12"
"264450","유비쿼스","203997007630","13910","14665493","14665493","0","2025-12"
"078070","유비쿼스홀딩스","240923415260","14590","16512914","17604772","1091858","2025-12"
"002920","유성기업","46421975000","1810","25647500","25947500","300000","2025-12"
"024800","유성티엔에스","159813870480","4785","33398928","37051812","3652884","2025-12"
"000700","유수홀딩스","150261255240","5770","26041812","26041812","0","2025-12"
"054930","유신","65850000000","21950","3000000","3000000","0","2025-12"
"069330","유아이디","15503912809","1099","14107291","14191091","83800","2025-12"
"049520","유아이엘","114168607650","3825","29848002","30842625","994623","2025-12"
"473050","유안타제15호스팩","14475650000","2065","7010000","7010000","0","2025-12"
"474490","유안타제16호스팩","11267950000","2045","5510000","5510000","0","2025-12"
"493790","유안타제17호스팩","10673100000","2010","5310000","5310000","0","2025-12"
"003470","유안타증권","1177275423220","6110","192680102","199596576","6916474","2025-12"
"263770","유에스티","46108324299","1961","23512659","23700172","187513","2025-12"
"072130","유엔젤","58254317870","4790","12161653","12695454","533801","2025-12"
"000220","유유제약","62596161450","3975","15747462","17032351","1284889","2025-12"
"388720","유일로보틱스","1184025172500","100500","11781345","11781345","0","2025-12"
"340930","유일에너테크","55433282710","806","68775785","68875785","100000","2025-12"
"023410","유진기업","254964399240","3720","68538817","77310863","8772046","2025-12"
"056080","유진로봇","962186698800","25650","37512152","37512152","0","2025-12"
"468760","유진스팩10호","8904000000","2100","4240000","4240000","0","2025-12"
"488060","유진스팩11호","9581600000","2030","4720000","4720000","0","2025-12"
"0105P0","유진스팩12호","11314340000","1999","5660000","5660000","0","2025-12"
"084370","유진테크","2621045700300","115900","22614717","22916042","301325","2025-12"
"240600","유진테크놀로지","19471877800","2840","6856295","6928151","71856","2025-12"
"001200","유진투자증권","496849774450","5410","91839145","96866418","5027273","2025-12"
"179900","유티아이","378879017850","19350","19580311","19790412","210101","2025-12"
"263050","유틸렉스","35320812002","959","36830878","36834856","3978","2025-12"
"000100","유한양행","6112798413000","83400","73294945","79647601","6352656","2025-12"
"003460","유화증권","148935796275","3255","45756005","56702415","10946410","2025-12"
"191410","육일씨엔에쓰","22352488725","1995","11204255","11204255","0","2025-12"
"372170","윤성에프앤씨","234185058800","29350","7979048","7979048","0","2025-12"
"146060","율촌","29272991641","1219","24013939","24015595","1656","2025-12"
"008730","율촌화학","555520000000","22400","24800000","24800000","0","2025-12"
"008250","이건산업","38334222500","3500","10952635","10952635","0","2025-12"
"039020","이건홀딩스","67754127000","3000","22584709","22584709","0","2025-12"
"025820","이구산업","194959799870","5830","33440789","33442000","1211","2025-12"
"067920","이글루","62375637000","6150","10142380","10996119","853739","2025-12"
"044960","이글벳","45294369930","3690","12274897","12641883","366986","2025-12"
"303530","이노뎁","30082871700","4230","7111790","7339299","227509","2025-12"
"302430","이노메트리","86777045750","8830","9827525","9833208","5683","2025-12"
"214320","이노션","848000000000","21200","40000000","40000000","0","2025-12"
"462350","이노스페이스","336018337200","16120","20844810","20868662","23852","2025-12"
"274400","이노시뮬레이션","29849129505","3285","9086493","9086493","0","2025-12"
"296640","이노에이엑스","32858488000","6500","5055152","5178252","123100","2025-12"
"215790","이노인스트루먼트","75529552500","1875","40282428","40283149","721","2025-12"
"344860","이노진","15242576538","1393","10942266","12030000","1087734","2025-12"
"333050","이노테나","32253555432","1393","23154024","24613326","1459302","2025-12"
"469610","이노테크","170567241000","19090","8934900","8934900","0","2025-12"
"088390","이녹스","105309057480","11220","9385834","9385844","10","2025-12"
"272290","이녹스첨단소재","601658181900","31950","18831242","19937509","1106267","2025-12"
"053350","이니텍","52728546450","2775","19001278","22021065","3019787","2025-12"
"452400","이닉스","72511283500","8150","8897090","9071428","174338","2025-12"
"264850","이랜시스","221150667600","7300","30294612","30294612","0","2025-12"
"054210","이랜텍","286199131500","11500","24886881","25291210","404329","2025-12"
"009730","이렘","18444178367","257","71767231","71779526","12295","2025-12"
"065440","이루온","89588590800","3440","26043195","27275020","1231825","2025-12"
"139480","이마트","2657404617600","99200","26788353","27595819","807466","2025-12"
"424870","이뮨온시아","429079293330","5770","74363829","74363829","0","2025-12"
"115610","이미지스","28246857910","2390","11818769","11818769","0","2025-12"
"478110","이베스트스팩6호","10215700000","2035","5020000","5020000","0","2025-12"
"131400","이브이첨단소재","93612235854","1571","59587674","59591882","4208","2025-12"
"351330","이삭엔지니어링","59843114400","7220","8288520","8288520","0","2025-12"
"080010","이상네트웍스","73306693140","7940","9232581","9835071","602490","2025-12"
"457190","이수스페셜티케미컬","3009799651200","99600","30218872","30218872","0","2025-12"
"086890","이수앱지스","159819301600","3920","40770230","40770230","0","2025-12"
"007660","이수페타시스","9653312298500","131500","73409219","73409219","0","2025-12"
"005950","이수화학","283714083510","10790","26294169","26294169","0","2025-12"
"015020","이스타코","18509404976","464","39890959","42851600","2960641","2025-12"
"047560","이스트소프트","127621571760","12240","10426599","11753082","1326483","2025-12"
"239340","이스트에이드","32132658342","1191","26979562","26979634","72","2025-12"
"067010","이씨에스","20435865000","2155","9483000","10888500","1405500","2025-12"
"456070","이엔셀","130910870790","11870","11028717","11028717","0","2025-12"
"102710","이엔에프테크놀로지","665098765800","46550","14287836","14287836","0","2025-12"
"074610","이엔플러스","44748351760","5110","8757016","8770137","13121","2025-12"
"041520","이엘씨","143769907090","12290","11698121","12188730","490609","2025-12"
"063760","이엘피","31449892700","3700","8499971","9325130","825159","2025-12"
"123570","이엠넷","40079823133","1877","21353129","22276078","922949","2025-12"
"083470","이엠앤아이","20954821404","982","21338922","21340329","1407","2025-12"
"091120","이엠텍","106057213240","6710","15805844","17132936","1327092","2025-12"
"102460","이연제약","210371166770","11470","18340991","18586811","245820","2025-12"
"039030","이오테크닉스","5974981750000","485000","12319550","12319550","0","2025-12"
"294090","이오플로우","62295566450","1490","41809105","41809105","0","2025-12"
"088290","이원컴포텍","25124360940","630","39879938","39880364","426","2025-12"
"084680","이월드","242763274336","1712","141800978","141806193","5215","2025-12"
"353810","이지바이오","234881632000","7100","33081920","33081920","0","2025-12"
"261520","이지스","64030694000","6230","10277800","10277800","0","2025-12"
"099750","이지케어텍","105368689680","7720","13648794","13659173","10379","2025-12"
"377330","이지트로닉스","25704640000","3250","7909120","8139954","230834","2025-12"
"035810","이지홀딩스","327097057950","5070","64516185","64516185","0","2025-12"
"092130","이크레더블","176197868000","14630","12043600","12043600","0","2025-12"
"134060","이퓨쳐","14952973035","3955","3780777","4769250","988473","2025-12"
"001840","이화공영","62584415225","2215","28254815","28256809","1994","2025-12"
"000760","이화산업","42252000000","15090","2800000","2800000","0","2025-12"
"014990","인디에프","44465114080","592","75109990","75112995","3005","2025-12"
"041830","인바디","590879159000","44300","13338130","13480882","142752","2025-12"
"352940","인바이오","24452392500","2250","10867730","10867730","0","2025-12"
"101140","인바이오젠","66698276960","6680","9984772","10044216","59444","2025-12"
"079950","인베니아","13377729230","995","13444954","13799100","354146","2025-12"
"0007J0","인벤테라","132143995200","16800","7865714","7865714",,"자료 없음"
"389470","인벤티지랩","677143065000","51000","13277315","13277315","0","2025-12"
"277410","인산가","38012133286","1007","37747898","38411505","663607","2025-12"
"060150","인선이엔티","177392929640","4040","43909141","46563612","2654471","2025-12"
"033230","인성정보","84280143882","1682","50107101","50515380","408279","2025-12"
"450520","인스웨이브","39334746150","2675","14704578","14704578","0","2025-12"
"006490","인스코비","55383212624","382","144982232","145886117","903885","2025-12"
"465480","인스피언","61232142880","6040","10137772","10137772","0","2025-12"
"037330","인지디스플레","61000461360","1390","43885224","43885224","0","2025-12"
"100030","인지소프트","49783351360","19160","2598296","3283714","685418","2025-12"
"023800","인지컨트롤스","118252793560","7480","15809197","15809197","0","2025-12"
"034590","인천도시가스","108408573700","26300","4121999","4374754","252755","2025-12"
"211050","인카금융서비스","493590781140","10020","49260557","49263657","3100","2025-12"
"083640","인콘","22715975295","1521","14934895","15544070","609175","2025-12"
"064090","인크레더블버즈","39694710510","798","49742745","49742745","0","2025-12"
"216050","인크로스","75921495100","6290","12070190","12843222","773032","2025-12"
"049070","인탑스","302109190200","19080","15833815","17200000","1366185","2025-12"
"119610","인터로조","210997852670","18710","11277277","11413747","136470","2025-12"
"017250","인터엠","21682895157","1071","20245467","21045467","800000","2025-12"
"129260","인터지스","63340726340","2245","28214132","29747874","1533742","2025-12"
"051370","인터플렉스","266399730240","11420","23327472","23327472","0","2025-12"
"064290","인텍플러스","308715381700","25300","12202189","12863962","661773","2025-12"
"189300","인텔리안테크","1704383129000","167000","10205887","10737497","531610","2025-12"
"287840","인투셀","461925270000","30750","15021960","15021960","0","2025-12"
"048530","인트론바이오","90434285405","3085","29314193","30891758","1577565","2025-12"
"070590","인티큐브","22597735304","1654","13662476","13879521","217045","2025-12"
"023810","인팩","68900000000","6890","10000000","10000000","0","2025-12"
"115310","인포바인","157147367520","11040","14234363","15964415","1730052","2025-12"
"039290","인포뱅크","34887370980","4180","8346261","8693978","347717","2025-12"
"071200","인피니트헬스케어","215487844520","8840","24376453","24396458","20005","2025-12"
"101930","인화정공","538738664700","11670","46164410","46164410","0","2025-12"
"249420","일동제약","674272847800","21400","31508077","31638252","130175","2025-12"
"000230","일동홀딩스","94054260000","8150","11540400","11540400","0","2025-12"
"013360","일성건설","85629434800","1585","54024880","54024880","0","2025-12"
"003120","일성아이에스","143957144700","20100","7162047","13300000","6137953","2025-12"
"333430","일승","150335327100","4900","30680679","30726747","46068","2025-12"
"068330","일신바이오","54013078368","1296","41676758","44216140","2539382","2025-12"
"003200","일신방직","249889020000","11500","21729480","22960000","1230520","2025-12"
"007110","일신석재","105535740630","1363","77429010","77456610","27600","2025-12"
"007570","일양약품","175126908050","9770","17924965","19085664","1160699","2025-12"
"178780","일월지엠엘","44169642600","2370","18636980","18639195","2215","2025-12"
"008500","일정실업","13080000000","2180","6000000","6000000","0","2025-12"
"019540","일지테크","89981388060","6810","13213126","13513500","300374","2025-12"
"081000","일진다이아","181736064000","12800","14198130","14202975","4845","2025-12"
"020760","일진디스플","50927756154","902","56460927","56523761","62834","2025-12"
"103590","일진전기","5397066850800","113200","47677269","47685390","8121","2025-12"
"094820","일진파워","247004381700","16650","14835098","15078709","243611","2025-12"
"271940","일진하이솔루스","567938291600","15640","36313190","36313190","0","2025-12"
"015860","일진홀딩스","548147601040","11920","45985537","49347483","3361946","2025-12"
"226320","잇츠한불","209638551500","11900","17616685","21929315","4312630","2025-12"
"049550","잉크테크","68425906730","3490","19606277","19606277","0","2025-12"
"389020","자람테크놀로지","293465942500","42500","6905081","6905082","1","2025-12"
"254120","자비스","42505643280","1384","30712170","30754270","42100","2025-12"
"043910","자연과환경","55901000822","493","113389454","113391457","2003","2025-12"
"234920","자이글","71289516510","5310","13425521","13530910","105389","2025-12"
"289220","자이언트스텝","53660891505","2405","22312221","22312221","0","2025-12"
"317400","자이에스앤디","158179449765","4155","38069663","38782520","712857","2025-12"
"033240","자화전자","1049229482000","51500","20373388","21605502","1232114","2025-12"
"049630","재영솔루텍","284061070800","12150","23379512","23379512","0","2025-12"
"417840","저스템","382844274120","17010","22507012","22663931","156919","2025-12"
"000950","전방","32930683000","28900","1139470","1680000","540530","2025-12"
"079900","전진건설로봇","820892342000","56500","14529068","14592545","63477","2025-12"
"110020","전진바이오팜","18054112666","1993","9058762","9058762","0","2025-12"
"208140","정다운","79095851120","2420","32684236","32684246","10","2025-12"
"040420","정상제이엘에스","86794091020","5810","14938742","15677552","738810","2025-12"
"045510","정원엔시스","34911272313","1109","31479957","32209292","729335","2025-12"
"217190","제너셈","84704875640","6440","13152931","13153761","830","2025-12"
"095700","제넥신","198518746455","4365","45479667","45540494","60827","2025-12"
"122310","제노레이","59011791030","4635","12731778","14553844","1822066","2025-12"
"361390","제노코","257527277450","26450","9736381","9736381","0","2025-12"
"225220","제놀루션","32429493150","1795","18066570","19190021","1123451","2025-12"
"123330","제닉","169404451900","21650","7824686","7968680","143994","2025-12"
"381620","제닉스로보틱스","140821466450","10850","12978937","13117920","138983","2025-12"
"159580","제로투세븐","69413083740","3465","20032636","20032636","0","2025-12"
"147830","제룡산업","191136750420","9980","19151979","20000000","848021","2025-12"
"033100","제룡전기","1068150198500","66500","16062409","16062409","0","2025-12"
"079370","제우스","413342543250","13650","30281505","31016990","735485","2025-12"
"054950","제이브이엠","272975841600","23700","11517968","12089892","571924","2025-12"
"090470","제이스로보틱스","110694282380","6380","17350201","17476594","126393","2025-12"
"023440","제이스코홀딩스","46964378481","521","90142761","90142761","0","2025-12"
"137950","제이씨케미칼","86551563310","4010","21583931","22267814","683883","2025-12"
"033320","제이씨현시스템","78212677140","4140","18891951","19114432","222481","2025-12"
"417500","제이아이테크","144076873600","4400","32744744","32784744","40000","2025-12"
"204270","제이앤티씨","1203388968100","21050","57168122","57848466","680344","2025-12"
"127120","제이에스링크","1172049480900","33900","34573731","34573731","0","2025-12"
"194370","제이에스코퍼레이션","363289810160","12520","29016758","29016758","0","2025-12"
"026040","제이에스티나","40738756110","2690","15144519","16503790","1359271","2025-12"
"452160","제이엔비","50006824400","5200","9616697","9617527","830","2025-12"
"126880","제이엔케이글로벌","76454805900","3300","23168123","23204903","36780","2025-12"
"322510","제이엘케이","134423292340","5260","25555759","25725892","170133","2025-12"
"033050","제이엠아이","29992646976","942","31839328","32579342","740014","2025-12"
"094970","제이엠티","61249971110","3665","16712134","16748240","36106","2025-12"
"418550","제이오","282997237770","9490","29820573","32017673","2197100","2025-12"
"060230","제이케이시냅스","25862427625","463","55858375","55861895","3520","2025-12"
"420570","제이투케이바이오","54907865370","9390","5847483","5847483","0","2025-12"
"089790","제이티","53979808000","5900","9149120","10315513","1166393","2025-12"
"0010V0","제이피아이헬스케어","51054000000","10000","5105400","5105400","0","2025-12"
"030000","제일기획","1948602669000","19240","101278725","115041225","13762500","2025-12"
"271980","제일약품","203564092490","13970","14571517","14704872","133355","2025-12"
"412540","제일엠앤에스","81063616775","3935","20600665","20600665","0","2025-12"
"001560","제일연마","47064000000","10600","4440000","7600000","3160000","2025-12"
"199820","제일일렉트릭","315524000000","14200","22220000","22220000","0","2025-12"
"038010","제일테크노스","56779113850","6550","8668567","9000000","331433","2025-12"
"002620","제일파마홀딩스","134936388750","8790","15351125","15973355","622230","2025-12"
"080220","제주반도체","3119055430400","92600","33683104","34442833","759729","2025-12"
"006220","제주은행","417296069280","11040","37798557","37798557","0","2025-12"
"089590","제주항공","398021288340","4940","80571111","80640985","69874","2025-12"
"216080","제테마","210672109350","5650","37287099","37287099","0","2025-12"
"337930","젝시믹스","110099722250","3710","29676475","29676475","0","2025-12"
"229000","젠큐릭스","63138904675","2695","23428165","23428165","0","2025-12"
"082270","젬백스","804815042950","18310","43954945","44269203","314258","2025-12"
"004910","조광페인트","41859342220","4090","10234558","12800000","2565442","2025-12"
"004700","조광피혁","220636518300","62100","3552923","6649138","3096215","2025-12"
"001550","조비","66299643560","12770","5191828","5192239","411","2025-12"
"462520","조선내화","171930934340","14510","11849134","11855168","6034","2025-12"
"120030","조선선재","87861761600","94400","930739","1257651","326912","2025-12"
"034940","조아제약","25713256410","830","30979827","30979827","0","2025-12"
"067000","조이시티","118765954754","1699","69903446","69903446","0","2025-12"
"309930","조이웍스앤코","52897158860","2210","23935366","24487048","551682","2025-12"
"018470","조일알미늄","182476309961","1441","126631721","126631721","0","2025-12"
"002600","조흥","86580000000","144300","600000","600000","0","2025-12"
"018700","졸스","19440410705","1765","11014397","11706586","692189","2025-12"
"185750","종근당","1050132619600","79700","13176068","13802780","626712","2025-12"
"063160","종근당바이오","99295857900","18100","5485959","5485962","3","2025-12"
"001630","종근당홀딩스","222318058600","46700","4760558","5009861","249303","2025-12"
"033340","좋은사람들","124581467030","1285","96950558","96950558","0","2025-12"
"036930","주성엔지니어링","8182004748400","182200","44906722","46481121","1574399","2025-12"
"109070","주성코퍼레이션","79832425176","1512","52799223","52810230","11007","2025-12"
"044380","주연테크","24227812847","1879","12893993","12896316","2323","2025-12"
"072020","중앙백신","92567810000","10000","9256781","9458687","201906","2025-12"
"000440","중앙에너비스","81538225650","18390","4433835","6227130","1793295","2025-12"
"051980","중앙첨단소재","178271653248","1608","110865456","111091709","226253","2025-12"
"221800","지구홀딩스","202905925000","12500","16232474","16232474","0","2025-12"
"228760","지노믹트리","343238037030","14010","24499503","24859202","359699","2025-12"
"314130","지놈앤컴퍼니","238648931400","6600","36158929","36158929","0","2025-12"
"013890","지누스","252685485000","11700","21597050","21925813","328763","2025-12"
"389030","지니너스","128067199900","3820","33525445","33525445","0","2025-12"
"263860","지니언스","129006216610","14870","8675603","9079600","403997","2025-12"
"303030","지니틱스","24242094000","2650","9147960","9157476","9516","2025-12"
"208350","지란지교시큐리티","24028898400","3120","7701570","8101570","400000","2025-12"
"446840","지슨","67969320958","1234","55080487","55083083","2596","2025-12"
"144510","지씨셀","315569961000","21000","15027141","15800344","773203","2025-12"
"340450","지씨지놈","166028566860","7020","23650793","23650793","0","2025-12"
"306620","지아이에스","117557289520","2570","45742136","47942184","2200048","2025-12"
"358570","지아이이노베이션","720643433400","11220","64228470","64237450","8980","2025-12"
"382480","지아이텍","99374537600","2600","38220976","39357140","1136164","2025-12"
"382800","지앤비에스 에코","276930056700","8700","31831041","31831041","0","2025-12"
"051160","지어소프트","101361380640","7520","13478907","15474430","1995523","2025-12"
"053050","지에스이","68521659145","2285","29987597","29987597","0","2025-12"
"388610","지에프씨생명과학","43917034700","8300","5291209","5303709","12500","2025-12"
"493330","지에프아이","105782091800","15400","6868967","7682146","813179","2025-12"
"119850","지엔씨에너지","468873218000","29000","16168042","16448909","280867","2025-12"
"065060","지엔코","13137528300","2770","4742790","4760160","17370","2025-12"
"204840","지엘팜텍","74291928588","958","77548986","77549006","20","2025-12"
"013870","지엠비코리아","84204116200","4415","19072280","19072280","0","2025-12"
"071320","지역난방공사","856827056000","74000","11578744","11578744","0","2025-12"
"311320","지오엘리먼트","116432388800","9230","12614560","12614560","0","2025-12"
"456160","지투지바이오","1039048545200","62800","16545359","16545359","0","2025-12"
"388050","지투파워","229938980730","12290","18709437","18709437","0","2025-12"
"088790","진도","35911741440","2885","12447744","12447744","0","2025-12"
"018120","진로발효","115678514720","17480","6617764","6621120","3356","2025-12"
"109820","진매트릭스","39628863555","1985","19964163","20393640","429477","2025-12"
"086060","진바이오텍","34958983220","4060","8610587","8610587","0","2025-12"
"036890","진성티이씨","347914452600","17300","20110662","22032623","1921961","2025-12"
"363250","진시스템","37494453175","4525","8286067","8508382","222315","2025-12"
"003780","진양산업","70980000000","5460","13000000","13000000","0","2025-12"
"007370","진양제약","65372464875","4625","14134587","14134587","0","2025-12"
"010640","진양폴리","36239000000","2170","16700000","16700000","0","2025-12"
"100250","진양홀딩스","192978000000","3020","63900000","63900000","0","2025-12"
"051630","진양화학","41976000000","1980","21200000","21200000","0","2025-12"
"272450","진에어","313324494720","6080","51533634","52200000","666366","2025-12"
"285800","진영","26932445332","1541","17477252","17477270","18","2025-12"
"011000","진원생명과학","95297788593","1051","90673443","90882907","209464","2025-12"
"002780","진흥기업","162427006838","1117","145413614","145471745","58131","2025-12"
"025620","차AI헬스케어","126626655600","6960","18193485","18203973","10488","2025-12"
"085660","차바이오텍","1330397093880","14310","92969748","92969748","0","2025-12"
"261780","차백신연구소","90293101580","3355","26912996","26912996","0","2025-12"
"351870","차이커뮤니케이션","38499560850","3450","11159293","11160642","1349","2025-12"
"009310","참엔지니어링","22814851800","5330","4280460","4377014","96554","2025-12"
"094850","참좋은여행","67921645680","5040","13476517","14000000","523483","2025-12"
"004650","창해에탄올","73900798740","9740","7587351","9190885","1603534","2025-12"
"0011T0","채비","703182758400","15030","46785280","46785280",,"자료 없음"
"278280","천보","612897256400","50600","12112594","12180680","68086","2025-12"
"000650","천일고속","370320513000","259500","1427054","1429220","2166","2025-12"
"362320","청담글로벌","93501233435","4595","20348473","21151290","802817","2025-12"
"066360","체리부로","44978990070","938","47952015","47952015","0","2025-12"
"033250","체시스","26688000000","4170","6400000","6400000","0","2025-12"
"047820","초록뱀미디어","148471204480","6080","24419606","24453930","34324","2025-12"
"094360","칩스앤미디어","343485382900","16700","20567987","21334174","766187","2025-12"
"0082N0","카나프테라퓨틱스","355531382000","26900","13216780","13216780","0","2025-12"
"016920","카스","23959961025","975","24574319","26493538","1919219","2025-12"
"284620","카이노스메드","35557257016","1087","32711368","33086953","375585","2025-12"
"035720","카카오","18706467564300","42450","440670614","443111337","2440723","2025-12"
"293490","카카오게임즈","942688761200","10600","88932902","89786911","854009","2025-12"
"323410","카카오뱅크","10627914696900","22300","476588103","477120437","532334","2025-12"
"377300","카카오페이","6641083102500","49100","135256275","135256275","0","2025-12"
"140430","카티스","38741520960","752","51517980","53447539","1929559","2025-12"
"042000","카페24","524666267300","21700","24178169","24253054","74885","2025-12"
"006380","카프로","618528628380","3660","168996893","168999996","3103","2025-12"
"313760","캐리","5197513932","468","11105799","11207186","101387","2025-12"
"071850","캐스텍코리아","36512711690","1505","24260938","24260938","0","2025-12"
"198080","캐프","64174851300","2980","21535185","21535185","0","2025-12"
"210120","캔버스엔","28380933303","1171","24236493","24237478","985","2025-12"
"050110","캠시스","49059645078","1713","28639606","29224823","585217","2025-12"
"452300","캡스톤파트너스","50514285325","3565","14169505","14169505","0","2025-12"
"451760","컨텍","312980900800","20200","15494104","15991804","497700","2025-12"
"078340","컴투스","303435854900","28100","10798429","12091313","1292884","2025-12"
"063080","컴투스홀딩스","102287674500","15510","6594950","6595192","242","2025-12"
"307930","컴퍼니케이","136587500000","8750","15610000","15610000","0","2025-12"
"079190","케스피온","18190783278","954","19067907","19177757","109850","2025-12"
"263700","케어랩스","44910951385","2315","19399979","19414200","14221","2025-12"
"214370","케어젠","4188226188800","85700","48870784","53715000","4844216","2025-12"
"221980","케이디켐","38459927870","10270","3744881","4034800","289919","2025-12"
"038530","케이바이오랩스","29802971900","1300","22925363","23142869","217506","2025-12"
"279570","케이뱅크","2227266378990","5490","405695151","405695151","0","2025-12"
"001620","케이비아이동국실업","63437027100","2850","22258606","22258606","0","2025-12"
"192250","케이사인","79353628000","11600","6840830","7067125","226295","2025-12"
"431190","케이쓰리아이","30020632420","4010","7486442","7486442","0","2025-12"
"029460","케이씨","318072358450","36050","8823089","11020535","2197446","2025-12"
"115500","케이씨에스","166920000000","13910","12000000","12000000","0","2025-12"
"281820","케이씨텍","1322357329800","70200","18836999","19798661","961662","2025-12"
"089150","케이씨티","50935500000","2970","17150000","17150000","0","2025-12"
"025880","케이씨피드","43409124000","2750","15785136","16715858","930722","2025-12"
"093320","케이아이엔엑스","561556775700","116100","4836837","4880000","43163","2025-12"
"093640","케이알엠","147529638690","4515","32675446","32675446","0","2025-12"
"073010","케이에스피","186923723010","4665","40069394","40191250","121856","2025-12"
"105330","케이엔더블유","143102250800","9040","15829895","16019520","189625","2025-12"
"053080","케이엔솔","167164598400","12900","12958496","12999807","41311","2025-12"
"199430","케이엔알시스템","236253711600","21200","11144043","11144043","0","2025-12"
"432470","케이엔에스","106311258720","12120","8771556","8771556","0","2025-12"
"272110","케이엔제이","266117740950","34050","7815499","8025395","209896","2025-12"
"039420","케이엘넷","56637353850","2950","19199103","22946994","3747891","2025-12"
"083550","케이엠","40992481575","3225","12710847","13556165","845318","2025-12"
"032500","케이엠더블유","1218275887500","28900","42154875","42154875","0","2025-12"
"225430","케이엠제약","14417584687","517","27887011","27887050","39","2025-12"
"102370","케이옥션","76758779850","2965","25888290","27229210","1340920","2025-12"
"068100","케이웨더","28718968600","2450","11722028","11927536","205508","2025-12"
"106080","케이이엠텍","9505173150","1650","5760711","5761817","1106","2025-12"
"455180","케이지에이","33933173825","2435","13935595","13958316","22721","2025-12"
"381970","케이카","489184896960","10020","48820848","48820848","0","2025-12"
"036030","케이티알파","243134939360","4960","49019141","49019283","142","2025-12"
"064820","케이프","384925587980","12490","30818702","30860215","41513","2025-12"
"024880","케이피에프","107870733900","5350","20162754","20162754","0","2025-12"
"042040","케이피엠테크","23805668628","964","24694677","24709362","14685","2025-12"
"054410","케이피티유","20300243980","3545","5726444","5726444","0","2025-12"
"258610","케일럼","41443014184","1144","36226411","36485063","258652","2025-12"
"274090","켄코아에어로스페이스","356282549100","25950","13729578","13729578","0","2025-12"
"089010","켐트로닉스","630553015200","37600","16770027","16770027","0","2025-12"
"220260","켐트로스","180244864800","5620","32072040","32072055","15","2025-12"
"052400","코나아이","892499958000","62100","14371980","14563291","191311","2025-12"
"402030","코난테크놀로지","220683313440","17630","12517488","12517488","0","2025-12"
"391710","코닉오토메이션","86940140640","2040","42617716","42620470","2754","2025-12"
"046070","코다코","158832301640","10280","15450613","15486089","35476","2025-12"
"047770","코데즈컴바인","120797628800","3200","37749259","37842602","93343","2025-12"
"080530","코디","35054924800","3200","10954664","11102175","147511","2025-12"
"104540","코렌텍","63864771300","4995","12785740","12785740","0","2025-12"
"027050","코리아나","56607600000","1758","32200000","40000000","7800000","2025-12"
"007810","코리아써키트","1978566150000","82500","23982620","23982620","0","2025-12"
"190650","코리아에셋투자증권","51487280000","8060","6388000","6388000","0","2025-12"
"123410","코리아에프티","179018009370","6430","27841059","27841064","5","2025-12"
"003690","코리안리","2287315267020","14420","158621031","176721031","18100000","2025-12"
"036690","코맥스","125692107675","2885","43567455","43567455","0","2025-12"
"049430","코메론","166210845000","18500","8984370","9048000","63630","2025-12"
"183300","코미코","1521276620400","150900","10081356","10460684","379328","2025-12"
"041960","코미팜","577005252120","8010","72035612","73886495","1850883","2025-12"
"089890","코세스","664391353600","41600","15970946","16584962","614016","2025-12"
"360350","코셈","64632022800","12260","5271780","5737970","466190","2025-12"
"082660","코스나인","47827116000","480","99639825","99640869","1044","2025-09"
"043710","코스리거글로벌","72796812825","4205","17311965","17312502","537","2025-12"
"192820","코스맥스","2046757424800","180400","11345662","11349509","3847","2025-12"
"044820","코스맥스비티아이","197307425350","20650","9554839","9603921","49082","2025-12"
"222040","코스맥스엔비티","159299979000","7750","20554836","20628000","73164","2025-12"
"241710","코스메카코리아","838380000000","78500","10680000","10680000","0","2025-12"
"439960","코스모로보틱스","1200873084400","37400","32108906","32108906",,"자료 없음"
"005070","코스모신소재","1699983923200","51200","33202811","33214571","11760","2025-12"
"005420","코스모화학","563188790120","14680","38364359","38408228","43869","2025-12"
"355150","코스텍시스","423623347200","57600","7354572","7797350","442778","2025-12"
"071950","코아스","19733237568","1584","12457852","12459195","1343","2025-12"
"166480","코아스템켐온","177952706200","3700","48095326","52870376","4775050","2025-12"
"045970","코아시아","122525680900","4900","25005241","26314876","1309635","2025-12"
"196450","코아시아씨엠","57088421460","1260","45308271","45319582","11311","2025-12"
"384470","코어라인소프트","64247872140","3580","17946333","17946692","359","2025-12"
"002020","코오롱","852639036900","66100","12899229","12907680","8451","2025-12"
"003070","코오롱글로벌","252718593020","10070","25096186","25423959","327773","2025-12"
"102940","코오롱생명과학","708201622300","54100","13090603","13090603","0","2025-12"
"120110","코오롱인더","2350217152000","78500","29939072","29946032","6960","2025-12"
"021240","코웨이","6440379007500","92500","69625719","70767426","1141707","2025-12"
"056360","코위버","81389912600","8900","9144934","9796800","651866","2025-12"
"282880","코윈테크","174197016000","15200","11460330","11694082","233752","2025-12"
"121850","코이즈","10961879300","2180","5028385","5056999","28614","2025-12"
"448710","코츠테크놀로지","81671152640","17920","4557542","5285292","727750","2025-12"
"126730","코칩","132538301810","16090","8237309","8770126","532817","2025-12"
"015710","코콤","59332882650","3450","17197937","17530500","332563","2025-12"
"052330","코텍","162771756960","12360","13169236","17761589","4592353","2025-12"
"322780","코퍼스코리아","20077021278","458","43836291","44874154","1037863","2025-12"
"036420","콘텐트리중앙","100107878680","5240","19104557","19262308","157751","2025-12"
"200130","콜마비앤에이치","325674552220","11510","28294922","29415558","1120636","2025-12"
"024720","콜마홀딩스","333359637480","9720","34296259","34296259","0","2025-12"
"294570","쿠콘","269787403800","26850","10047948","10091732","43784","2025-12"
"192400","쿠쿠홀딩스","840670314250","27050","31078385","35562185","4483800","2025-12"
"284740","쿠쿠홈시스","532531525000","23750","22422380","22437330","14950","2025-12"
"464490","쿼드메디슨","120791828760","10520","11482113","11482113","0","2025-12"
"317690","퀀타매트릭스","68157073165","3385","20135029","20135029","0","2025-12"
"432720","퀄리타스반도체","269989495160","19030","14187572","14187572","0","2025-12"
"365270","큐라클","282826901400","12900","21924566","21924566","0","2025-12"
"348080","큐라티스","72502462468","628","115449781","115449781","0","2025-12"
"060280","큐렉소","538852857400","13060","41259790","41259790","0","2025-12"
"372320","큐로셀","595333393800","39100","15225918","15225918","0","2025-12"
"051780","큐로홀딩스","16888993485","3315","5094719","5162249","67530","2025-12"
"115180","큐리언트","999629226400","26800","37299598","37304987","5389","2025-12"
"494120","큐리오시스","322177188600","42300","7616482","7616482","0","2025-12"
"445680","큐리옥스바이오시스템즈","1551733601000","90200","17203255","17203255","0","2025-12"
"182360","큐브엔터","125033067900","8410","14867190","15549849","682659","2025-12"
"405100","큐알티","218345326920","18690","11682468","12289301","606833","2025-12"
"066310","큐에스아이","113466268520","12520","9062801","9271621","208820","2025-12"
"377460","큐에이드","253187202960","4080","62055687","62055687","0","2025-12"
"016600","큐캐피탈","51134366446","293","174520022","178247112","3727090","2025-12"
"355390","크라우드웍스","46011976995","2955","15570889","15577079","6190","2025-12"
"264900","크라운제과","100455172840","8360","12016169","12523850","507681","2025-12"
"005740","크라운해태홀딩스","97083461250","6750","14382735","14847347","464612","2025-12"
"259960","크래프톤","12229232022000","282000","43366071","46132393","2766322","2025-12"
"096240","크레버스","83891737080","10440","8035607","10738180","2702573","2025-12"
"040350","크레오에스지","68778957920","3560","19319932","19520532","200600","2025-12"
"110790","크리스에프앤씨","76142343400","3650","20860916","23430960","2570044","2025-12"
"045520","크린앤사이언스","16882920000","2760","6117000","6500000","383000","2025-12"
"214150","클래시스","3120895820900","48100","64883489","65235659","352170","2025-12"
"466100","클로봇","1118933554050","43950","25459239","25459239","0","2025-12"
"237880","클리오","214851877980","12260","17524623","18071353","546730","2025-12"
"139670","키네마스터","25075006560","1776","14118810","14118810","0","2025-12"
"020120","키다리스튜디오","134539386960","3630","37063192","37063766","574","2025-12"
"475430","키스트론","86384852400","4840","17848110","17848110","0","2025-12"
"487720","키움제10호스팩","8544600000","2020","4230000","4230000","0","2025-12"
"489480","키움제11호스팩","13299000000","2015","6600000","6600000","0","2025-12"
"039490","키움증권","9877865010000","390000","25327859","26228316","900457","2025-12"
"466690","키움히어로제1호스팩","10215475000","2005","5095000","5095000","0","2025-12"
"0131D0","키움히어로제2호스팩","12512730000","1983","6310000","6310000",,"자료 없음"
"054780","키이스트","40280993250","2050","19649265","19657793","8528","2025-12"
"256940","킵스파마","126893889040","6320","20078147","20078147","0","2025-12"
"219130","타이거일렉","381383116000","60400","6314290","6314290","0","2025-12"
"336680","탑런토탈솔루션","140924008800","3600","39145558","39145558","0","2025-12"
"360070","탑머티리얼","125355355720","15610","8030452","8186243","155791","2025-12"
"065130","탑엔지니어링","58174332550","3925","14821486","16004000","1182514","2025-12"
"134580","탑코미디어","75587096339","1541","49050679","49294149","243470","2025-12"
"014580","태경비케이","124399781000","4510","27583100","27583100","0","2025-12"
"015890","태경산업","147897475000","5060","29228750","29228750","0","2025-12"
"006890","태경케미컬","91292000000","7870","11600000","11600000","0","2025-12"
"023160","태광","889515561000","35250","25234484","25867242","632758","2025-12"
"003240","태광산업","853413834000","1014000","841631","1113400","271769","2025-12"
"011280","태림포장","130794329900","1900","68839121","70805940","1966819","2025-12"
"323280","태성","1994130094000","65300","30537980","30537980","0","2025-12"
"053620","태양","58035915990","7290","7961031","8600000","638969","2025-12"
"004100","태양금속","99437137800","2730","36423860","36700000","276140","2025-12"
"009410","태영건설","531783908936","1787","297584728","297590078","5350","2025-12"
"044490","태웅","814300406700","40700","20007381","20007381","0","2025-12"
"124560","태웅로직스","85572992310","2210","38720811","38720811","0","2025-12"
"001420","태원물산","21412672440","2920","7333107","7600000","266893","2025-12"
"191420","테고사이언스","89193145240","11140","8006566","8108834","102268","2025-12"
"073640","테라사이언스","66635118894","654","101888561","106378770","4490209","2025-12"
"066700","테라젠이텍스","99778630400","2720","36683320","37152376","469056","2025-12"
"095610","테스","2058932028600","116100","17734126","19360000","1625874","2025-12"
"055490","테이팩스","104455335000","21900","4769650","4769650","0","2025-12"
"064520","테크엘","39171700066","1753","22345522","22351062","5540","2025-12"
"089030","테크윙","1765579415600","49400","35740474","37053645","1313171","2025-12"
"054450","텔레칩스","243561384000","16500","14761296","15144233","382937","2025-12"
"078000","텔코웨어","76788724610","14870","5164003","9240077","4076074","2025-12"
"200230","텔콘RF제약","35756992500","500","71513985","71523533","9548","2025-12"
"214420","토니모리","159430682170","6670","23902651","24054799","152148","2025-12"
"393210","토마토시스템","56523172125","3675","15380455","15614544","234089","2025-12"
"475960","토모큐브","619645586200","46300","13383274","13383274","0","2025-12"
"215480","토박스코리아","20784293440","2360","8806904","8950000","143096","2025-12"
"051360","토비스","266078025720","18820","14138046","14917843","779797","2025-12"
"045340","토탈소프트","59307217200","6930","8558040","8558040","0","2025-12"
"108230","톱텍","145377996120","3990","36435588","38023245","1587657","2025-12"
"079970","투비소프트","7627616344","596","12798014","12829234","31220","2025-12"
"199800","툴젠","719306320000","80000","8991329","8993829","2500","2025-12"
"417790","트루엔","71185058800","6800","10468391","10468391","0","2025-12"
"091810","트리니티항공","354564355887","859","412764093","412969485","205392","2025-12"
"290090","트윔","42267049830","6030","7009461","7440268","430807","2025-12"
"026150","특수건설","95802967260","5460","17546331","17546331","0","2025-12"
"464280","티디에스팜","44158975000","8350","5288500","5530000","241500","2025-12"
"117730","티로보틱스","439656258070","19490","22558043","22558043","0","2025-12"
"033830","티비씨","51616464900","546","94535650","100000000","5464350","2025-12"
"057680","티사이언티픽","33486795000","2350","14249700","14249700","0","2025-12"
"204610","티쓰리","150696936000","3120","48300300","55001720","6701420","2025-12"
"125020","티씨머티리얼즈","240003696600","6850","35037036","35038550","1514","2025-12"
"064760","티씨케이","3275568888000","293000","11179416","11179416","0","2025-12"
"246710","티앤알바이오팹","114622915680","2405","47660256","47664504","4248","2025-12"
"340570","티앤엘","460183319400","57400","8017131","8128000","110869","2025-12"
"043220","티에스넥스젠","27218348730","1710","15917163","15922416","5253","2025-12"
"277880","티에스아이","96232069440","4940","19480176","19843212","363036","2025-12"
"131290","티에스이","2466698667000","223000","11061429","11061429","0","2025-12"
"019180","티에이치엔","143100000000","7950","18000000","18000000","0","2025-12"
"425420","티에프이","688183696200","57400","11989263","12347181","357918","2025-12"
"484810","티엑스알로보틱스","253549515150","16410","15450915","15450915","0","2025-12"
"131100","티엔엔터테인먼트","36788104885","1141","32241985","32246724","4739","2025-12"
"356860","티엘비","962540370000","99000","9722630","9832630","110000","2025-12"
"217590","티엠씨","551709411000","23150","23831940","24094225","262285","2025-12"
"363280","티와이홀딩스","91519824000","2580","35472800","45497333","10024533","2025-12"
"321550","티움바이오","270346275000","9000","30038475","30038475","0","2025-12"
"004870","티웨이홀딩스","26819627445","237","113162985","113163494","509","2025-12"
"425040","티이엠씨","501645048000","24000","20901877","21329082","427205","2025-12"
"241790","티이엠씨씨엔에스","72694875690","7730","9404253","10002634","598381","2025-12"
"022220","티케이지애강","39726442093","767","51794579","51794579","0","2025-12"
"104480","티케이케미칼","199969954800","2200","90895434","90895434","0","2025-12"
"081150","티플랙스","88687345500","3900","22740345","24268402","1528057","2025-12"
"130740","티피씨글로벌","23342725530","2070","11276679","11276679","0","2025-12"
"084730","팅크웨어","79146336500","7700","10278745","11109424","830679","2025-12"
"440110","파두","4946664190300","98900","50016827","50096827","80000","2025-12"
"034230","파라다이스","1266365458020","14430","87759214","92629382","4870168","2025-12"
"290560","파라택시스이더리움","32318967350","1450","22288943","22362730","73787","2025-12"
"288330","파라택시스코리아","44128304064","416","106077654","106080948","3294","2025-12"
"033540","파라텍","44960346294","866","51917259","52246331","329072","2025-12"
"388870","파로스아이바이오","89326930800","6900","12945932","12945932","0","2025-12"
"043200","파루","36610433232","876","41792732","41804315","11583","2025-12"
"214450","파마리서치","3236375352000","311500","10389648","10389648","0","2025-12"
"005690","파미셀","997866752820","16630","60004014","60016964","12950","2025-12"
"177830","파버나인","31033220820","2740","11325993","13493951","2167958","2025-12"
"037070","파세코","166368301050","8330","19972185","20000000","27815","2025-12"
"150900","파수AI","53556186530","4730","11322661","11703922","381261","2025-12"
"037030","파워넷","179061660180","7020","25507359","25512992","5633","2025-12"
"047310","파워로직스","178660484400","4880","36610755","36610755","0","2025-12"
"368770","파이버프로","665032567500","20300","32760225","32854225","94000","2025-12"
"170790","파이오링크","58747698120","9420","6236486","6397335","160849","2025-12"
"049120","파인디앤씨","26398140870","2490","10601663","10601663","0","2025-12"
"038950","파인디지털","26899125840","3280","8200953","10210765","2009812","2025-12"
"387570","파인메딕스","36655200000","6750","5430400","5625900","195500","2025-12"
"441270","파인엠텍","407148784640","9760","41716064","41731212","15148","2025-12"
"106240","파인테크닉스","50197690400","2200","22817132","22868327","51195","2025-12"
"131760","파인텍","44995119988","1036","43431583","43431583","0","2025-12"
"065690","파커스","18769621376","1408","13330697","14049331","718634","2025-12"
"140860","파크시스템스","1887530445000","271500","6952230","6997557","45327","2025-12"
"091700","파트론","321136813260","7220","44478783","50000000","5521217","2025-12"
"032800","판타지오","16679519572","1868","8929079","9191411","262332","2025-12"
"318010","팜스빌","27280256540","3530","7728118","7929338","201220","2025-12"
"036580","팜스코","105231602180","3005","35018836","36727943","1709107","2025-12"
"027710","팜스토리","147211609391","1331","110602261","111416600","814339","2025-12"
"004720","팜젠사이언스","80419212640","3670","21912592","21954502","41910","2025-12"
"225590","패션플랫폼","23348198450","950","24577051","25606882","1029831","2025-12"
"054300","팬스타엔터프라이즈","60090561576","1058","56796372","57870945","1074573","2025-12"
"068050","팬엔터테인먼트","36804201469","1361","27042029","27694076","652047","2025-12"
"028670","팬오션","3180688596400","5950","534569512","534569512","0","2025-12"
"222110","팬젠","84465681250","6250","13514509","13514509","0","2025-12"
"271830","팸텍","37049647544","1294","28631876","29490202","858326","2025-12"
"010820","퍼스텍","575996587780","11810","48771938","48771938","0","2025-12"
"016800","퍼시스","262204293600","29300","8948952","11500000","2551048","2025-12"
"263750","펄어비스","2813008978000","45800","61419410","64247855","2828445","2025-12"
"251970","펌텍코리아","481057376800","38800","12398386","12400000","1614","2025-12"
"187660","페니트리움바이오","461820116760","8430","54782932","55466253","683321","2025-12"
"0015S0","페스카로","117611421600","11920","9866730","9866730","0","2025-12"
"001020","페이퍼코리아","119919078868","674","177921482","177983313","61831","2025-12"
"168360","펨트론","467554780600","21800","21447467","21707567","260100","2025-12"
"087010","펩트론","5555169971000","239000","23243389","23317350","73961","2025-12"
"090080","평화산업","52157146050","950","54902259","54902259","0","2025-12"
"010770","평화홀딩스","61656697885","4285","14388961","14625466","236505","2025-12"
"064800","포니링크","100713278840","799","126049160","127807298","1758138","2025-12"
"119500","포메탈","48040525760","4055","11847232","11847232","0","2025-12"
"389140","포바이포","105167946950","7370","14269735","14269735","0","2025-12"
"105760","포스뱅크","54384607200","5600","9711537","10177387","465850","2025-12"
"022100","포스코DX","5131601142200","33800","151822519","152034729","212210","2025-12"
"058430","포스코스틸리온","404336576600","6740","59990590","60000000","9410","2025-12"
"009520","포스코엠텍","740351359020","17780","41639559","41642703","3144","2025-12"
"047050","포스코인터내셔널","12152691923100","71300","170444487","175922788","5478301","2025-12"
"003670","포스코퓨처엠","20635514920000","232000","88946185","88946220","35","2025-12"
"189690","포시에스","49316566080","1880","26232216","27321969","1089753","2025-12"
"318020","포인트모바일","36488651580","3015","12102372","12301272","198900","2025-12"
"256630","포인트엔지니어링","48159304400","4600","10469414","11599414","1130000","2025-12"
"331380","포커스에이아이","60575823373","1931","31370183","32411489","1041306","2025-12"
"208710","포톤","29315925825","2225","13175697","13180132","4435","2025-12"
"472850","폰드그룹","278896107120","4845","57563696","57571652","7956","2025-12"
"039980","폴라리스AI","108383232000","8000","13547904","14381214","833310","2025-12"
"041910","폴라리스AI파마","89757188910","6870","13065093","13283350","218257","2025-12"
"234100","폴라리스세원","74468346660","1020","73008183","73008183","0","2025-12"
"041020","폴라리스오피스","200305825080","4035","49642088","49683793","41705","2025-12"
"114630","폴라리스우노","33261555650","2150","15470491","17235248","1764757","2025-12"
"487580","폴레드","246792037800","9800","25182861","25182861",,"자료 없음"
"290720","푸드나무","108000586650","3075","35122142","35122142","0","2025-12"
"005670","푸드웰","63923582460","6780","9428257","10000000","571743","2025-12"
"094940","푸른기술","92644994360","11720","7904863","8361386","456523","2025-12"
"007330","푸른저축은행","135578648400","11570","11718120","15082800","3364680","2025-12"
"017810","풀무원","410990949820","11140","36893263","38120542","1227279","2025-12"
"093380","풍강","27182609370","2835","9588222","9879313","291091","2025-11"
"023900","풍국주정","115290000000","9150","12600000","12600000","0","2025-12"
"103140","풍산","2349027908000","86000","27314278","28024278","710000","2025-12"
"005810","풍산홀딩스","562196939850","40950","13728863","14417292","688429","2025-12"
"371950","풍원정밀","202376553640","8930","22662548","22662548","0","2025-12"
"298060","풍전약품","40970190726","927","44196538","44203176","6638","2025-12"
"370090","퓨런티어","103452074700","12090","8556830","8556830","0","2025-12"
"445180","퓨릿","200425932080","11660","17189188","17189188","0","2025-12"
"220100","퓨쳐켐","352028430100","15700","22422193","22427420","5227","2025-12"
"035200","프럼파스트","28431147360","3630","7832272","9730590","1898318","2025-12"
"334970","프레스티지바이오로직스","157060326740","2020","77752637","77752637","0","2025-12"
"227100","프로브잇","14770119384","612","24134182","24134182","0","2025-03"
"321260","프로이천","94987442285","3485","27256081","28192084","936003","2025-12"
"053610","프로텍","644700000000","92100","7000000","9000000","2000000","2025-12"
"468530","프로티나","492722037200","44650","11035208","11035208","0","2025-12"
"303360","프로티아","59053493275","4585","12879715","12879715","0","2025-12"
"377220","프롬바이오","29725500000","1050","28310000","28310000","0","2025-12"
"335810","프리시젼바이오","44557497180","2030","21949506","21949506","0","2025-12"
"053160","프리엠스","43574230920","8130","5359684","6000000","640316","2025-12"
"405000","플라즈맵","25707953600","6700","3837008","3838444","1436","2025-12"
"041590","플래스크","116052491520","2370","48967296","48972158","4862","2025-12"
"367000","플래티어","31072786170","3830","8112999","8388207","275208","2025-12"
"075130","플랜티넷","33900926775","2175","15586633","16622320","1035687","2025-12"
"009810","플레이그램","35773032800","1178","30367600","30377500","9900","2025-12"
"237820","플레이디","52014052700","4055","12827140","12827140","0","2025-12"
"023770","플레이위드","25005453525","2795","8946495","8946495","0","2025-12"
"019570","플루토스","35834224646","407","88044778","88050042","5264","2025-12"
"300080","플리토","148549059000","9000","16505451","16505451","0","2025-12"
"033790","피노","1224955641200","14900","82211788","82331788","120000","2025-12"
"032580","피델릭스","141564047175","4275","33114397","33132064","17667","2025-12"
"051380","피씨디렉트","31454370705","2185","14395593","15340072","944479","2025-12"
"241820","피씨엘","16803871920","6040","2782098","2782098","0","2025-09"
"452450","피아이이","212568150000","5900","36028500","36028500","0","2025-12"
"237750","피앤씨테크","32807830000","5050","6496600","6496600","0","2025-12"
"460940","피앤에스로보틱스","107776792800","8010","13455280","13455280","0","2025-12"
"319660","피에스케이","3070471684000","106000","28966714","28966714","0","2025-12"
"031980","피에스케이홀딩스","2520643975500","116900","21562395","21562395","0","2025-12"
"002230","피에스텍","132704562580","8110","16363078","18705320","2342242","2025-12"
"043370","피에이치에이","257252415210","13170","19533213","21000000","1466787","2025-12"
"239890","피엔에이치테크","52957574150","5330","9935755","9935755","0","2025-12"
"347740","피엔케이피부임상연구센타","65994892435","2285","28881791","30010576","1128785","2025-12"
"137400","피엔티","1097646612900","47100","23304599","23690728","386129","2025-12"
"257370","피엔티엠에스","35763902460","2860","12504861","12504861","0","2025-12"
"147760","피엠티","72493102200","6700","10819866","10819866","0","2025-12"
"128660","피제이메탈","80610949250","3250","24803369","24803369","0","2025-12"
"006140","피제이전자","98838300000","6710","14730000","14865000","135000","2025-12"
"376180","피코그램","42102566640","2280","18466038","18561038","95000","2025-12"
"304840","피플바이오","29115376800","1200","24262814","24320660","57846","2025-12"
"087600","픽셀플러스","36603740910","5610","6524731","8166558","1641827","2025-12"
"291810","핀텔","17917090112","1576","11368712","11368712","0","2025-12"
"378340","필에너지","355521280080","16440","21625382","21625382","0","2025-12"
"161580","필옵틱스","1169768125300","49900","23442247","23442247","0","2025-12"
"347770","핌스","42514098120","1860","22857042","22857042","0","2025-12"
"163730","핑거","195159512600","21100","9249266","9406568","157302","2025-12"
"417180","핑거스토리","27707807247","1579","17547693","17548623","930","2025-12"
"469880","하나30호스팩","15282060000","2092","7305000","7305000","0","2025-12"
"469900","하나31호스팩","11574325000","2065","5605000","5605000","0","2025-12"
"475240","하나32호스팩","6688000000","2090","3200000","3200000","0","2025-12"
"475250","하나33호스팩","7696000000","2080","3700000","3700000","0","2025-12"
"484130","하나34호스팩","9266000000","2050","4520000","4520000","0","2025-12"
"0041L0","하나35호스팩","12090150000","2005","6030000","6030000","0","2025-12"
"0101C0","하나36호스팩","15456780000","1997","7740000","7740000","0","2025-12"
"086790","하나금융지주","30444732284200","114200","266591351","274367748","7776397","2025-12"
"299030","하나기술","185881657500","23250","7994910","7994910","0","2025-12"
"067310","하나마이크론","3253423862700","48950","66464226","66464226","0","2025-12"
"166090","하나머티리얼즈","1417774722000","73500","19289452","19777674","488222","2025-12"
"293480","하나제약","173354937100","9850","17599486","17772946","173460","2025-12"
"039130","하나투어","589009087800","39150","15044932","15489932","445000","2025-12"
"136480","하림","323870905100","3050","106187182","106209702","22520","2025-12"
"003380","하림지주","1219739856600","12300","99165842","112005621","12839779","2025-12"
"450330","하스","59600217040","7280","8186843","8186843","0","2025-12"
"101670","하이드로리튬","102314151940","1820","56216567","56777187","560620","2025-12"
"365590","하이딥","51641900980","1670","30923294","30956622","33328","2025-12"
"149980","하이로닉","97174609900","5650","17199046","21194363","3995317","2025-12"
"013030","하이록코리아","460722837600","39150","11768144","11768144","0","2025-12"
"352820","하이브","10102394320000","235000","42988912","43102249","113337","2025-12"
"126700","하이비젼시스템","204499388880","15920","12845439","14942112","2096673","2025-12"
"071090","하이스틸","79725026450","3950","20183551","20191471","7920","2025-12"
"160190","하이젠알앤엠","1074224700000","37000","29033100","30888000","1854900","2025-12"
"221840","하이즈항공","46657899695","2495","18700561","18700561","0","2025-12"
"106190","하이텍팜","168845656240","15880","10632598","10633173","575","2025-12"
"000080","하이트진로","1135461522580","16540","68649427","70133611","1484184","2025-12"
"000140","하이트진로홀딩스","186959535000","8750","21366804","23206765","1839961","2025-12"
"065650","하이퍼코퍼레이션","46135099360","2110","21864976","21891975","26999","2025-12"
"066130","하츠","47967217410","3990","12021859","12800000","778141","2025-12"
"004590","한국가구","116250000000","7750","15000000","15000000","0","2025-12"
"036460","한국가스공사","3285920090100","37650","87275434","92313000","5037566","2025-12"
"039340","한국경제TV","76970597440","4840","15903016","22000000","6096984","2025-12"
"005430","한국공항","215298054400","70400","3058211","3166355","108144","2025-12"
"071050","한국금융지주","12683612376500","240500","52738513","55725992","2987479","2025-12"
"034950","한국기업평가","467053193700","104700","4460871","4540514","79643","2025-12"
"010040","한국내화","74659918716","1818","41067062","41067062","0","2025-12"
"025540","한국단자","823361000000","81400","10115000","10115000","0","2025-12"
"222980","한국맥널티","23156640720","2160","10720667","11031483","310816","2025-12"
"010100","한국무브넥스","145096251300","4765","30450420","30450420","0","2025-12"
"256840","한국비엔씨","220231532920","3220","68394886","68394886","0","2025-12"
"219750","한국비티비","45390133100","694","65403650","65426885","23235","2025-12"
"004090","한국석유","178255668600","14100","12642246","12694120","51874","2025-12"
"025550","한국선재","86193901500","3570","24143950","25514004","1370054","2025-12"
"002200","한국수출포장","86774400000","2620","33120000","38000000","4880000","2025-12"
"002960","한국쉘석유","668200000000","514000","1300000","1300000","0","2025-12"
"017890","한국알콜","246827252410","12190","20248339","21273506","1025167","2025-12"
"000240","한국앤컴퍼니","2277971363200","24050","94718144","94935240","217096","2025-12"
"080720","한국유니온제약","19700373875","2725","7229495","7912828","683333","2025-12"
"123890","한국자산신탁","298575614200","2440","122367055","122373926","6871","2025-12"
"015760","한국전력","24169947499050","37650","641964077","641964077","0","2025-12"
"041460","한국전자인증","68822049295","3755","18328109","19000000","671891","2025-12"
"006200","한국전자홀딩스","35128565487","801","43855887","46803136","2947249","2025-12"
"101680","한국정밀기계","22729490145","2705","8402769","8404000","1231","2025-12"
"039740","한국정보공학","38488305600","4800","8018397","8018397","0","2025-12"
"053300","한국정보인증","224144610360","5610","39954476","42441361","2486885","2025-12"
"025770","한국정보통신","338534380080","9620","35190684","37444271","2253587","2025-12"
"464440","한국제13호스팩","9093600000","2105","4320000","4320000","0","2025-12"
"479880","한국제15호스팩","14152200000","2060","6870000","6870000","0","2025-12"
"027970","한국제지","136908518400","720","190150720","190178237","27517","2025-12"
"023350","한국종합기술","51499379250","4950","10403915","10950000","546085","2025-12"
"025890","한국주강","21685446675","1975","10979973","11144616","164643","2025-12"
"000970","한국주철관","147135034800","6840","21510970","22800500","1289530","2025-12"
"104700","한국철강","305066383650","9450","32282157","36450000","4167843","2025-12"
"062970","한국첨단소재","149286725610","2615","57088614","57088614","0","2025-12"
"017960","한국카본","1859543815100","36650","50737894","52278600","1540706","2025-12"
"023760","한국캐피탈","273466362550","874","312890575","315609576","2719001","2025-12"
"054040","한국컴퓨터","72983181460","5530","13197682","16071290","2873608","2025-12"
"161890","한국콜마","2176388099400","92200","23605077","23605077","0","2025-12"
"021650","한국큐빅","35071957635","2145","16350563","16350563","0","2025-12"
"161390","한국타이어앤테크놀로지","7538904935400","61800","121988753","123875069","1886316","2025-12"
"034830","한국토지신탁","314509140000","1440","218409125","252489230","34080105","2025-12"
"007280","한국특강","68834332160","2560","26888411","30406655","3518244","2025-12"
"032300","한국파마","113647824420","10420","10906701","10906701","0","2025-12"
"037230","한국팩키지","61984680160","2080","29800327","29800327","0","2025-12"
"448900","한국피아이엠","585577654800","96400","6074457","6074457","0","2025-12"
"047810","한국항공우주","15761724801900","161700","97475107","97475107","0","2025-12"
"123690","한국화장품","128697238710","8010","16067071","16068000","929","2025-12"
"003350","한국화장품제조","207958746920","9560","21753007","22660000","906993","2025-12"
"030520","한글과컴퓨터","466086613760","19520","23877388","24179744","302356","2025-12"
"052600","한네트","40530768500","3505","11563700","11563700","0","2025-12"
"011500","한농화성","308362468240","19720","15637042","15637042","0","2025-12"
"002390","한독","120036433440","9240","12990956","13763533","772577","2025-12"
"256150","한독크린텍","40442246640","5240","7717986","8395000","677014","2025-12"
"092460","한라IMS","345615536000","20200","17109680","17109680","0","2025-12"
"125490","한라캐스트","548265327040","15020","36502352","36502352","0","2025-12"
"053690","한미글로벌","241383187500","22750","10610250","10957550","347300","2025-12"
"042700","한미반도체","30068401634000","317000","94853002","95312200","459198","2025-12"
"008930","한미사이언스","2312423059900","34150","67713706","68391550","677844","2025-12"
"128940","한미약품","5484192555000","432500","12680214","12810991","130777","2025-12"
"452190","한빛레이저","166713262330","6970","23918689","23920557","1868","2025-12"
"047080","한빛소프트","34577550266","1393","24822362","24822362","0","2025-12"
"009240","한샘","564410948000","34000","16600322","23533928","6933606","2025-12"
"452280","한선엔지니어링","536012797000","27850","19246420","19246420","0","2025-12"
"020000","한섬","547783634700","26700","20516241","21476994","960753","2025-12"
"003680","한성기업","27873151425","4935","5648055","6209515","561460","2025-12"
"066980","한성크린텍","71770369500","1382","51932250","51935125","2875","2025-12"
"105630","한세실업","383982680250","9750","39382839","40000000","617161","2025-12"
"069640","한세엠케이","25496087688","1292","19733814","22403251","2669437","2025-12"
"016450","한세예스24홀딩스","171064953085","4355","39280127","40000000","719873","2025-12"
"009180","한솔로지스틱스","85714113030","3045","28149134","28155825","6691","2025-12"
"114810","한솔아이원스","407976244920","14760","27640667","28593174","952507","2025-12"
"213500","한솔제지","171668986960","7220","23776868","23800576","23708","2025-12"
"014680","한솔케미칼","3483476230500","319500","10902899","11370195","467296","2025-12"
"004710","한솔테크닉스","426772416840","13890","30725156","31417517","692361","2025-12"
"004150","한솔홀딩스","147695828400","3600","41026619","41026620","1","2025-12"
"025750","한솔홈데코","39396355905","2445","16113029","16113029","0","2025-12"
"042520","한스바이오메드","340846671300","23900","14261367","14261367","0","2025-12"
"004960","한신공영","157014426140","13570","11570702","11570702","0","2025-12"
"011700","한신기계","125503065880","3880","32346151","32446151","100000","2025-12"
"430690","한싹","45596847240","4185","10895304","10895327","23","2025-12"
"078350","한양디지텍","495817682000","34000","14582873","15244382","661509","2025-12"
"045100","한양이엔지","488830923300","30950","15794214","17500000","1705786","2025-12"
"001750","한양증권","316940496600","24900","12728534","12728534","0","2025-12"
"018880","한온시스템","5038894089220","4910","1026251342","1026262552","11210","2025-12"
"009420","한올바이오파마","2104866522650","41450","50780857","52240638","1459781","2025-12"
"320000","한울반도체","79892295880","11980","6668806","6668810","4","2025-12"
"091440","한울소재과학","91919116800","2880","31916360","32471041","554681","2025-12"
"276730","한울앤제주","29460195960","13390","2200164","2214984","14820","2025-12"
"014130","한익스프레스","30739000000","2605","11800000","12000000","200000","2025-12"
"024740","한일단조","96976833625","2975","32597255","32897049","299794","2025-12"
"005860","한일사료","135154639550","3430","39403685","39403685","0","2025-12"
"300720","한일시멘트","1178877009660","16030","73541922","73545209","3287","2025-12"
"002220","한일철강","109453049470","4610","23742527","26697460","2954933","2025-12"
"003300","한일홀딩스","540475213320","17530","30831444","30832884","1440","2025-12"
"007770","한일화학","26851500000","7650","3510000","3510000","0","2025-12"
"051600","한전KPS","2484000000000","55200","45000000","45000000","0","2025-12"
"052690","한전기술","5504895173500","144700","38043505","38220000","176495","2025-12"
"130660","한전산업","505300000000","15500","32600000","32600000","0","2025-12"
"198940","한주라이트메탈","33509214228","861","38918948","38922978","4030","2025-12"
"058450","한주에이알티","28750212750","5750","5000037","5013372","13335","2025-12"
"107640","한중엔시에스","475909665000","52500","9064946","9064946","0","2025-12"
"002320","한진","271475880750","18050","15040215","15518616","478401","2025-12"
"003480","한진중공업홀딩스","149492857920","5730","26089504","29529812","3440308","2025-12"
"180640","한진칼","7437317769200","111400","66762278","66762279","1","2025-12"
"005110","한창","25686214950","1254","20483425","21106407","622982","2025-12"
"079170","한창산업","31070780470","6010","5169847","5200000","30153","2025-12"
"009460","한창제지","27685713040","2320","11933497","11933497","0","2025-12"
"372910","한컴라이프케어","63651133800","2300","27674406","27674406","0","2025-12"
"054920","한컴위드","149743951040","5960","25124824","28217081","3092257","2025-12"
"457370","한켐","63657252000","8100","7858920","8062134","203214","2025-12"
"002680","한탑","19323465777","623","31016799","32316799","1300000","2025-12"
"098070","한텍","398136847800","35800","11121141","11121141","0","2025-12"
"408470","한패스","120943680000","11440","10572000","10572000","0","2025-12"
"000880","한화","8193492849200","126200","64924666","70507919","5583253","2025-12"
"452260","한화갤러리아","598771637610","3090","193777229","193859610","82381","2025-12"
"489790","한화비전","3591918744600","71300","50377542","50488390","110848","2025-12"
"088350","한화생명","4260382717500","5670","751390250","868530000","117139750","2025-12"
"000370","한화손해보험","823217433120","7120","115620426","116738915","1118489","2025-12"
"009830","한화솔루션","7341247894650","43350","169348279","171892536","2544257","2025-12"
"272210","한화시스템","19839984992100","106100","186993261","188919389","1926128","2025-12"
"012450","한화에어로스페이스","63127662876000","1227000","51448788","51563401","114613","2025-12"
"082740","한화엔진","5706306594000","68400","83425535","83447142","21607","2025-12"
"042660","한화오션","35480794254600","115800","306397187","306413394","16207","2025-12"
"003530","한화투자증권","1465012157800","6850","213870388","214547775","677387","2025-12"
"498390","한화플러스제5호스팩","10143200000","2045","4960000","4960000","0","2025-12"
"195870","해성디에스","1460300000000","85900","17000000","17000000","0","2025-12"
"034810","해성산업","212771043000","7180","29633850","32556857","2923007","2025-12"
"059270","해성에어로보틱스","119580352290","10710","11165299","11165299","0","2025-12"
"076610","해성옵틱스","126746958915","2385","53143379","53175440","32061","2025-12"
"101530","해태제과식품","167856800460","6330","26517662","29116822","2599160","2025-12"
"220180","핸디소프트","43075515600","1800","23930842","23930842","0","2025-12"
"143210","핸즈코퍼레이션","25770952295","1199","21493705","21875747","382042","2025-12"
"214180","헥토이노베이션","224742506620","17860","12583567","12993367","409800","2025-12"
"234340","헥토파이낸셜","398936949600","29400","13569284","13970656","401372","2025-12"
"084990","헬릭스미스","341207440080","7410","46046888","46092797","45909","2025-12"
"000720","현대건설","16135450348500","144900","111355765","111355765","0","2025-12"
"170030","현대공업","87426366300","5850","14944678","15340000","395322","2025-12"
"453340","현대그린푸드","595564599390","18510","32175289","32471587","296298","2025-12"
"086280","현대글로비스","17250000000000","230000","75000000","75000000","0","2025-12"
"064350","현대로템","21937600893000","201000","109142293","109142293","0","2025-12"
"079430","현대리바트","136079473020","6910","19693122","20114202","421080","2025-12"
"012330","현대모비스","50919943093000","571000","89176783","90732583","1555800","2025-12"
"319400","현대무벡스","4136006144250","37550","110146635","111376039","1229404","2025-12"
"048410","현대바이오","1059606409680","10980","96503316","96505572","2256","2025-12"
"052260","현대바이오랜드","123300000000","4110","30000000","30000000","0","2025-12"
"069960","현대백화점","2296113232000","112000","20501011","21564912","1063901","2025-12"
"004560","현대비앤지스틸","245483043080","16280","15078811","15078811","0","2025-12"
"016790","현대사료","187340898626","994","188471729","188471729","0","2025-12"
"004310","현대약품","198369947820","7590","26135698","32000000","5864302","2025-11"
"041440","현대에버다임","149691963680","8390","17841712","17915944","74232","2025-12"
"039010","현대에이치티","77612310000","9990","7769000","8625000","856000","2025-12"
"017800","현대엘리베이터","3137529887800","86900","36105062","39092385","2987323","2025-12"
"307950","현대오토에버","16344177136000","596000","27423116","27423982","866","2025-12"
"011210","현대위아","2367199305000","89000","26597745","27195083","597338","2025-12"
"090850","현대이지웰","123628466500","5500","22477903","23746361","1268458","2025-12"
"004020","현대제철","5715662359550","43450","131545739","133445785","1900046","2025-12"
"005440","현대지에프홀딩스","2210722988180","14180","155904301","155904301","0","2025-12"
"005380","현대차","134661404904000","663000","203109208","204757766","1648558","2025-12"
"001500","현대차증권","654193605520","10580","61833044","61833044","0","2025-12"
"011760","현대코퍼레이션","325497178600","27100","12010966","13228966","1218000","2025-12"
"227840","현대코퍼레이션홀딩스","114064593930","12930","8821701","9100836","279135","2025-12"
"126560","현대퓨처넷","335417318500","3100","108199135","109201040","1001905","2025-12"
"001450","현대해상","2847976462500","38350","74262750","85248250","10985500","2025-12"
"057050","현대홈쇼핑","950417200000","84800","11207750","12000000","792250","2025-12"
"460930","현대힘스","611138647910","17210","35510671","35510671","0","2025-12"
"092300","현우산업","82542213780","4420","18674709","19049936","375227","2025-12"
"011080","형지I&C","13081739750","3050","4289095","4296262","7167","2025-12"
"308100","형지글로벌","19003475126","797","23843758","24023008","179250","2025-12"
"093240","형지엘리트","52350630869","857","61085917","61390259","304342","2025-12"
"003010","혜인","59668334040","6090","9797756","12712747","2914991","2025-12"
"111110","호전실업","62978680800","7350","8568528","9376000","807472","2025-12"
"008770","호텔신라","2204519387400","59400","37113121","39248121","2135000","2025-12"
"064240","홈캐스트","65584745152","1928","34016984","34694251","677267","2025-12"
"039610","화성밸브","85469384000","8210","10410400","10410400","0","2025-12"
"378850","화승알앤에이","68366829600","3600","18990786","18993623","2837","2025-12"
"241590","화승엔터프라이즈","265986921640","4390","60589276","60589276","0","2025-12"
"006060","화승인더","151664017965","3165","47919121","55320000","7400879","2025-12"
"013520","화승코퍼레이션","148924143350","3175","46905242","50051252","3146010","2025-12"
"010690","화신","430880668400","12400","34748441","34920410","171969","2025-12"
"126640","화신정공","67307347200","1920","35055910","35055910","0","2025-12"
"133820","화인베스틸","47692135070","1285","37114502","37114502","0","2025-12"
"127980","화인써키트","67485913800","5700","11839634","11840684","1050","2025-12"
"061250","화일약품","49714637120","8180","6077584","8417584","2340000","2025-12"
"010660","화천기계","93830000000","4265","22000000","22000000","0","2025-12"
"000850","화천기공","78320000000","35600","2200000","2200000","0","2025-12"
"016580","환인제약","207205079500","11210","18483950","18600070","116120","2025-12"
"032560","황금에스티","101592916360","5980","16988782","17000000","11218","2025-12"
"004800","효성","3611002464000","216000","16717604","16740407","22803","2025-12"
"094280","효성ITX","138089946150","12510","11038365","11558200","519835","2025-12"
"097870","효성오앤비","47261100000","5990","7890000","8490000","600000","2025-12"
"298040","효성중공업","34732793930000","3730000","9311741","9324548","12807","2025-12"
"298020","효성티앤씨","1811167874000","422000","4291867","4327682","35815","2025-12"
"298000","효성화학","146566642000","38900","3767780","3791811","24031","2025-12"
"093370","후성","1295644386400","12080","107255330","107255330","0","2025-12"
"290270","휴네시온","33351697185","3615","9225919","9607672","381753","2025-12"
"005870","휴니드","96084196600","7340","13090490","14116015","1025525","2025-12"
"353190","휴럼","21143765505","2685","7874773","7875684","911","2025-12"
"090710","휴림로봇","1495018708800","12520","119410440","119457197","46757","2025-12"
"078590","휴림에이텍","52186596000","525","99403040","99918197","515157","2025-12"
"205470","휴마시스","40690901880","4215","9653832","25875001","16221169","2025-12"
"115160","휴맥스","26356786010","7610","3463441","4312142","848701","2025-12"
"028080","휴맥스홀딩스","5103363160","8120","628493","2287941","1659448","2025-12"
"175140","휴먼테크놀로지","93540948750","3750","24944253","24944253","0","2025-12"
"200670","휴메딕스","324074477200","29200","11098441","11229930","131489","2025-12"
"079980","휴비스","89186967200","2710","32910320","34500000","1589680","2025-12"
"065510","휴비츠","77133358290","7310","10551759","11485863","934104","2025-12"
"005010","휴스틸","326452715750","5810","56188075","56188075","0","2025-12"
"263920","휴엠앤씨","35798999250","3650","9807945","9809026","1081","2025-12"
"243070","휴온스","377517056400","32400","11651761","11979665","327904","2025-12"
"084110","휴온스글로벌","461884042050","37850","12203013","12659812","456799","2025-12"
"145020","휴젤","2825060858000","261500","10803292","12304033","1500741","2025-12"
"024060","흥구석유","213750009900","14700","14540817","15000000","459183","2025-12"
"010240","흥국","62619205440","5640","11102696","11706000","603304","2025-12"
"189980","흥국에프엔비","54944410740","1420","38693247","40137827","1444580","2025-12"
"000540","흥국화재","264358484175","4115","64242645","64242645","0","2025-12"
"003280","흥아해운","646312424980","2690","240264842","240424899","160057","2025-12"
"037440","희림","68677388800","5440","12624520","13922475","1297955","2025-12"
"238490","힘스","37795295700","3405","11099940","11312236","212296","2025-12"