종목코드,회사명,시장,업종,재무하이라이트,재무제표1년+,주가,손익흐름도,주주구성,경영인,재무제표3년,히스토리브리핑,밸류에이션,밸류상세JSON,핵심누락수
000010,(주)신한은행,KOSPI/KOSDAQ,64121,O,O,X,X,O,O,O,X,X,X,2
000020,동화약품,KOSPI/KOSDAQ,212,O,O,O,O,O,O,O,O,O,O,0
000030,(주)우리은행,KOSPI/KOSDAQ,64121,O,O,X,X,O,O,O,X,X,X,2
000040,KR모터스,KOSPI/KOSDAQ,319,O,O,O,O,O,O,O,O,O,O,0
000050,경방,KOSPI/KOSDAQ,47119,O,O,O,O,O,O,O,O,O,O,0
000060,메리츠화재해상보험(주),KOSPI/KOSDAQ,65121,O,O,X,O,O,O,O,X,X,X,1
000070,삼양홀딩스,KOSPI/KOSDAQ,64992,O,O,O,O,O,O,O,O,X,X,0
000080,하이트진로,KOSPI/KOSDAQ,11122,O,O,O,O,O,O,O,O,O,O,0
000100,유한양행,KOSPI/KOSDAQ,212,O,O,O,O,O,O,O,O,O,O,0
000110,(주)한국스탠다드차타드은행,KOSPI/KOSDAQ,64121,O,O,X,X,O,O,O,X,X,X,2
000120,CJ대한통운,KOSPI/KOSDAQ,493,O,O,O,O,O,O,O,O,O,O,0
000140,하이트진로홀딩스,KOSPI/KOSDAQ,64992,O,O,O,O,O,O,O,O,X,X,0
000150,두산,KOSPI/KOSDAQ,26221,O,O,O,O,O,O,O,O,O,O,0
000180,성창기업지주,KOSPI/KOSDAQ,71531,O,O,O,O,O,O,O,O,X,X,0
0001A0,덕양에너젠,기타,352,O,O,O,O,O,O,O,O,X,X,0
000210,DL,KOSPI/KOSDAQ,20111,O,O,O,O,O,O,O,O,O,O,0
000220,유유제약,KOSPI/KOSDAQ,212,O,O,O,O,O,O,O,O,O,O,0
000230,일동홀딩스,KOSPI/KOSDAQ,212,O,O,O,O,O,O,O,O,X,X,0
000240,한국앤컴퍼니,KOSPI/KOSDAQ,64992,O,O,O,O,O,O,O,O,O,O,0
000250,삼천당제약,KOSPI/KOSDAQ,212,O,O,O,O,O,O,O,O,O,O,0
000270,기아,KOSPI/KOSDAQ,30121,O,O,O,O,O,O,O,O,O,O,0
000300,DH오토넥스,KOSPI/KOSDAQ,303,O,O,O,O,O,O,O,O,O,O,0
000320,노루홀딩스,KOSPI/KOSDAQ,64992,O,O,O,O,O,O,O,O,X,X,0
000360,삼환기업(주),KOSPI/KOSDAQ,41221,X,X,X,X,X,X,X,X,X,X,6
000370,한화손해보험,KOSPI/KOSDAQ,65121,O,O,O,O,O,O,O,O,X,X,0
000380,대아건설(주),KOSPI/KOSDAQ,41221,X,X,X,X,X,X,X,X,X,X,6
000390,SP삼화,KOSPI/KOSDAQ,20411,O,O,O,O,O,O,O,O,O,O,0
000400,롯데손해보험,KOSPI/KOSDAQ,65121,O,O,O,O,O,O,O,O,X,X,0
000420,(주)로케트전기,KOSPI/KOSDAQ,28201,X,X,X,X,X,X,X,X,X,X,6
000430,대원강업,KOSPI/KOSDAQ,303,O,O,O,O,O,O,O,O,O,O,0
000440,중앙에너비스,KOSPI/KOSDAQ,46712,O,O,O,O,O,O,O,O,O,O,0
000470,그린손해보험(주),KOSPI/KOSDAQ,65121,X,X,X,X,X,X,X,X,X,X,6
000480,CR홀딩스,KOSPI/KOSDAQ,2321,O,O,O,O,O,O,O,O,X,X,0
000490,대동,KOSPI/KOSDAQ,29210,O,O,O,O,O,O,O,O,O,O,0
0004V0,엔비알모션,기타,259,O,O,O,O,O,O,O,X,X,X,0
0004Y0,디비금융제14호스팩,기타,649,O,O,O,X,O,O,X,X,X,X,1
000500,가온전선,KOSPI/KOSDAQ,28302,O,O,O,O,O,O,O,O,O,O,0
000520,삼일제약,KOSPI/KOSDAQ,212,O,O,O,O,O,O,O,O,O,O,0
000540,흥국화재,KOSPI/KOSDAQ,65121,O,O,O,O,O,O,O,O,X,X,0
000590,CS홀딩스,KOSPI/KOSDAQ,64992,O,O,O,O,O,O,O,O,X,X,0
000610,제일화재해상보험(주),KOSPI/KOSDAQ,65121,X,X,X,X,X,X,X,X,X,X,6
000640,동아쏘시오홀딩스,KOSPI/KOSDAQ,64992,O,O,O,O,O,O,O,O,X,X,0
000650,천일고속,KOSPI/KOSDAQ,49220,O,O,O,O,O,O,O,O,O,O,0
000660,SK하이닉스,KOSPI/KOSDAQ,2612,O,O,O,O,O,O,O,O,O,O,0
000670,영풍,KOSPI/KOSDAQ,24213,O,O,O,O,O,O,O,O,O,O,0
000680,LS네트웍스,KOSPI/KOSDAQ,46800,O,O,O,O,O,O,O,O,O,O,0
000700,유수홀딩스,KOSPI/KOSDAQ,715,O,O,O,O,O,O,O,O,X,X,0
000720,현대건설,KOSPI/KOSDAQ,41221,O,O,O,O,O,O,O,O,O,O,0
000760,이화산업,KOSPI/KOSDAQ,467,O,O,O,O,O,O,O,O,O,O,0
000790,(주)씨앤상선,KOSPI/KOSDAQ,50112,X,X,X,X,X,X,X,X,X,X,6
0007C0,아크릴,기타,58222,O,O,O,O,O,O,O,O,X,X,0
0007J0,인벤테라,기타,70113,O,O,O,X,O,O,O,O,X,X,1
000800,경남기업(주),KOSPI/KOSDAQ,41112,O,O,X,O,O,O,O,X,X,X,1
000810,삼성화재,KOSPI/KOSDAQ,65121,O,O,O,O,O,O,O,O,X,X,0
000830,삼성물산(주),KOSPI/KOSDAQ,467,X,X,X,X,X,X,X,X,X,X,6
000850,화천기공,KOSPI/KOSDAQ,29223,O,O,O,O,O,O,O,O,O,O,0
000860,강남제비스코,KOSPI/KOSDAQ,20411,O,O,O,O,O,O,O,O,O,O,0
000880,한화,KOSPI/KOSDAQ,20494,O,O,O,O,O,O,O,O,O,O,0
000890,보해양조,KOSPI/KOSDAQ,11122,O,O,O,O,O,O,O,O,O,O,0
0008Z0,에스엔시스,기타,28123,O,O,O,O,O,O,O,X,X,X,0
000910,유니온,KOSPI/KOSDAQ,23311,O,O,O,O,O,O,O,O,O,O,0
000950,전방,KOSPI/KOSDAQ,13101,O,O,O,O,O,O,O,O,O,O,0
000970,한국주철관,KOSPI/KOSDAQ,24131,O,O,O,O,O,O,O,O,O,O,0
000990,DB하이텍,KOSPI/KOSDAQ,2611,O,O,O,O,O,O,O,O,O,O,0
0009K0,에임드바이오,기타,70113,O,O,O,O,O,O,O,O,X,X,0
001000,신라섬유,KOSPI/KOSDAQ,681,O,O,O,O,O,O,O,O,O,O,0
001020,페이퍼코리아,KOSPI/KOSDAQ,171,O,O,O,O,O,O,O,O,O,O,0
001040,CJ,KOSPI/KOSDAQ,64992,O,O,O,O,O,O,O,O,O,O,0
001060,JW중외제약,KOSPI/KOSDAQ,212,O,O,O,O,O,O,O,O,O,O,0
001070,대한방직,KOSPI/KOSDAQ,132,O,O,O,O,O,O,O,O,O,O,0
001080,만호제강,KOSPI/KOSDAQ,24123,O,O,O,O,O,O,O,X,X,X,0
0010F0,보원케미칼,기타,2221,O,O,O,O,O,O,O,O,X,X,0
0010V0,제이피아이헬스케어,기타,27199,O,O,O,O,O,O,O,X,X,X,0
001120,LX인터내셔널,KOSPI/KOSDAQ,4610,O,O,O,O,O,O,O,O,O,O,0
001130,대한제분,KOSPI/KOSDAQ,105,O,O,O,O,O,O,O,O,O,O,0
001140,(주)국보,KOSPI/KOSDAQ,49301,O,O,X,O,O,O,O,X,X,X,1
001150,(주)서통,KOSPI/KOSDAQ,20202,X,X,X,X,X,X,X,X,X,X,6
001190,마이크로닉스(주),KOSPI/KOSDAQ,13109,X,X,X,X,X,X,X,X,X,X,6
0011A0,액스비스,기타,289,O,O,O,O,O,O,O,O,X,X,0
0011T0,채비,기타,28119,O,X,O,X,O,X,X,X,X,X,3
001200,유진투자증권,KOSPI/KOSDAQ,66121,O,O,O,O,O,O,O,O,X,X,0
001210,금호전기,KOSPI/KOSDAQ,28410,O,O,O,O,O,O,O,O,O,O,0
001230,동국홀딩스,KOSPI/KOSDAQ,649,O,O,O,O,O,O,O,O,X,X,0
001250,GS글로벌,KOSPI/KOSDAQ,468,O,O,O,O,O,O,O,O,O,O,0
001260,남광토건,KOSPI/KOSDAQ,41221,O,O,O,O,O,O,O,O,O,O,0
001270,부국증권,KOSPI/KOSDAQ,66121,O,O,O,O,O,O,O,O,X,X,0
001280,우리증권(주),KOSPI/KOSDAQ,66121,X,X,X,X,X,X,X,X,X,X,6
001290,상상인증권,KOSPI/KOSDAQ,66121,O,O,O,O,O,O,O,O,X,X,0
001300,제일모직(주),KOSPI/KOSDAQ,20202,X,X,X,X,X,X,X,X,X,X,6
001310,풍림산업(주),KOSPI/KOSDAQ,41112,X,X,X,X,X,X,X,X,X,X,6
001340,PKC,KOSPI/KOSDAQ,20131,O,O,O,O,O,O,O,O,O,O,0
001360,삼성제약,KOSPI/KOSDAQ,212,O,O,O,O,O,O,O,O,O,O,0
001370,FnC코오롱(주),KOSPI/KOSDAQ,1419,X,X,X,X,X,X,X,X,X,X,6
001380,SG글로벌,KOSPI/KOSDAQ,303,O,O,O,O,O,O,O,O,O,O,0
001390,KG케미칼,KOSPI/KOSDAQ,201,O,O,O,O,O,O,O,O,O,O,0
0013V0,삼진식품,기타,10211,O,O,O,O,O,O,O,O,X,X,0
001420,태원물산,KOSPI/KOSDAQ,303,O,O,O,O,O,O,O,O,O,O,0
001430,세아베스틸지주,KOSPI/KOSDAQ,2411,O,O,O,O,O,O,O,O,X,X,0
001440,대한전선,KOSPI/KOSDAQ,28302,O,O,O,O,O,O,O,O,O,O,0
001450,현대해상,KOSPI/KOSDAQ,65121,O,O,O,O,O,O,O,O,X,X,0
001460,BYC,KOSPI/KOSDAQ,14120,O,O,O,O,O,O,O,O,O,O,0
001470,삼부토건,KOSPI/KOSDAQ,41221,O,O,O,O,O,O,O,O,O,O,0
001490,천지산업(주),KOSPI/KOSDAQ,46417,X,X,X,X,O,O,X,X,X,X,4
001500,현대차증권,KOSPI/KOSDAQ,66121,O,O,O,O,O,O,O,O,X,X,0
001510,SK증권,KOSPI/KOSDAQ,66121,O,O,O,X,O,O,O,O,X,X,1
001520,동양,KOSPI/KOSDAQ,23322,O,O,O,O,O,O,O,O,O,O,0
001530,DI동일,KOSPI/KOSDAQ,46103,O,O,O,O,O,O,O,O,O,O,0
001540,안국약품,KOSPI/KOSDAQ,212,O,O,O,O,O,O,O,O,O,O,0
001550,조비,KOSPI/KOSDAQ,20312,O,O,O,O,O,O,O,O,O,O,0
001560,제일연마,KOSPI/KOSDAQ,23992,O,O,O,O,O,O,O,O,O,O,0
001570,금양,KOSPI/KOSDAQ,201,O,O,O,O,O,O,O,O,O,O,0
001580,신광기업(주),KOSPI/KOSDAQ,28410,X,X,X,X,X,X,X,X,X,X,6
001590,일화모직공업(주),KOSPI/KOSDAQ,13212,X,X,X,X,O,O,X,X,X,X,4
0015G0,그린광학,기타,273,O,O,O,O,O,O,O,O,X,X,0
0015N0,아로마티카,기타,20423,O,O,O,O,O,O,O,O,X,X,0
0015S0,페스카로,기타,739,O,O,O,O,O,O,O,O,X,X,0
001600,(주)서광건설산업,KOSPI/KOSDAQ,41221,X,X,X,X,X,X,X,X,X,X,6
001620,케이비아이동국실업,KOSPI/KOSDAQ,303,O,O,O,O,O,O,O,O,O,O,0
001630,종근당홀딩스,KOSPI/KOSDAQ,212,O,O,O,O,O,O,O,O,X,X,0
001670,경남모직(주),KOSPI/KOSDAQ,13212,X,X,X,X,X,X,X,X,X,X,6
001680,대상,KOSPI/KOSDAQ,108,O,O,O,O,O,O,O,O,O,O,0
001720,신영증권,KOSPI/KOSDAQ,66121,O,O,O,O,O,O,O,X,X,X,0
001740,SK네트웍스,KOSPI/KOSDAQ,467,O,O,O,O,O,O,O,O,O,O,0
001750,한양증권,KOSPI/KOSDAQ,66121,O,O,O,O,O,O,O,O,X,X,0
001770,SHD,KOSPI/KOSDAQ,24199,O,O,O,O,O,O,O,O,O,O,0
001780,알루코,KOSPI/KOSDAQ,24222,O,O,O,O,O,O,O,O,O,O,0
001790,대한제당,KOSPI/KOSDAQ,105,O,O,O,O,O,O,O,O,O,O,0
001800,오리온홀딩스,KOSPI/KOSDAQ,649,O,O,O,O,O,O,O,O,X,X,0
001810,무림SP,KOSPI/KOSDAQ,171,O,O,O,O,O,O,O,O,O,O,0
001820,삼화콘덴서,KOSPI/KOSDAQ,26291,O,O,O,O,O,O,O,O,O,O,0
001830,동부일렉트로닉스(주),KOSPI/KOSDAQ,2612,X,X,X,X,X,X,X,X,X,X,6
001840,이화공영,KOSPI/KOSDAQ,411,O,O,O,O,O,O,O,O,O,O,0
001880,디엘건설(주),KOSPI/KOSDAQ,411,O,X,X,O,X,X,X,X,X,X,4
001890,아이파크영창 주식회사,KOSPI/KOSDAQ,33201,O,O,X,O,O,O,O,X,X,X,1
001940,KISCO홀딩스,KOSPI/KOSDAQ,241,O,O,O,O,O,O,O,O,X,X,0
001950,남한제지(주),KOSPI/KOSDAQ,1710,X,X,X,X,X,X,X,X,X,X,6
001970,에스지신성건설주식회사,KOSPI/KOSDAQ,41221,O,O,X,O,O,O,O,X,X,X,1
001980,(주)대호,KOSPI/KOSDAQ,41221,X,X,X,X,X,X,X,X,X,X,6
002000,생고뱅코리아홀딩스 주식회사,KOSPI/KOSDAQ,64992,X,X,X,X,X,X,X,X,X,X,6
002020,코오롱,KOSPI/KOSDAQ,64992,O,O,O,O,O,O,O,O,O,O,0
002030,아세아,KOSPI/KOSDAQ,715,O,O,O,O,O,O,O,O,O,O,0
002070,비비안,KOSPI/KOSDAQ,14120,O,O,O,O,O,O,O,O,O,O,0
002100,경농,KOSPI/KOSDAQ,2032,O,O,O,O,O,O,O,O,O,O,0
002140,고려산업,KOSPI/KOSDAQ,10520,O,O,O,O,O,O,O,O,O,O,0
002150,도화엔지니어링,KOSPI/KOSDAQ,72121,O,O,O,O,O,O,O,O,O,O,0
002170,SYTS,KOSPI/KOSDAQ,15110,O,O,O,O,O,O,O,O,O,O,0
002200,한국수출포장,KOSPI/KOSDAQ,1721,O,O,O,O,O,O,O,O,O,O,0
002210,동성제약,KOSPI/KOSDAQ,212,O,O,O,O,O,O,O,O,O,O,0
002220,한일철강,KOSPI/KOSDAQ,2419,O,O,O,O,O,O,O,O,O,O,0
002230,피에스텍,KOSPI/KOSDAQ,27214,O,O,O,O,O,O,O,O,O,O,0
002240,고려제강,KOSPI/KOSDAQ,2411,O,O,O,O,O,O,O,O,O,O,0
002250,알보젠코리아(주),KOSPI/KOSDAQ,21212,X,X,X,X,X,X,X,X,X,X,6
002270,롯데푸드(주),KOSPI/KOSDAQ,10422,X,X,X,X,X,X,X,X,X,X,6
002290,삼일기업공사,KOSPI/KOSDAQ,411,O,O,O,O,O,O,O,O,O,O,0
002300,한국제지(주),KOSPI/KOSDAQ,1710,X,X,X,X,X,X,X,X,X,X,6
002310,아세아제지,KOSPI/KOSDAQ,172,O,O,O,O,O,O,O,O,O,O,0
002320,한진,KOSPI/KOSDAQ,49309,O,O,O,O,O,O,O,O,O,O,0
002350,넥센타이어,KOSPI/KOSDAQ,221,O,O,O,O,O,O,O,O,O,O,0
002360,SH에너지화학,KOSPI/KOSDAQ,201,O,O,O,O,O,O,O,O,O,O,0
002380,KCC,KOSPI/KOSDAQ,20411,O,O,O,O,O,O,O,O,O,O,0
002390,한독,KOSPI/KOSDAQ,212,O,O,O,O,O,O,O,O,O,O,0
002410,범양건영,KOSPI/KOSDAQ,411,O,O,O,O,O,O,O,O,O,O,0
002420,세기상사,KOSPI/KOSDAQ,477,O,O,O,O,O,O,O,O,O,O,0
002450,삼익악기,KOSPI/KOSDAQ,33201,O,O,O,O,O,O,O,O,O,O,0
002460,HS화성,KOSPI/KOSDAQ,41112,O,O,O,O,O,O,O,O,O,O,0
002480,(주)범양사,KOSPI/KOSDAQ,13213,X,X,X,X,O,O,X,X,X,X,4
002530,벽산건설(주),KOSPI/KOSDAQ,41112,X,X,X,X,X,X,X,X,X,X,6
002540,(주)고제,KOSPI/KOSDAQ,10895,X,X,X,X,X,X,X,X,X,X,6
002550,(주)KB손해보험,KOSPI/KOSDAQ,65121,O,O,X,O,O,O,O,X,X,X,1
002600,조흥,KOSPI/KOSDAQ,108,O,O,O,O,O,O,O,O,O,O,0
002620,제일파마홀딩스,KOSPI/KOSDAQ,715,O,O,O,O,O,O,O,O,X,X,0
002630,오리엔트바이오,KOSPI/KOSDAQ,212,O,O,O,O,O,O,O,X,X,X,0
002670,미주제강(주),KOSPI/KOSDAQ,24121,X,X,X,X,O,O,X,X,X,X,4
002680,한탑,KOSPI/KOSDAQ,105,O,O,O,O,O,O,O,O,O,O,0
002690,동일제강,KOSPI/KOSDAQ,24122,O,O,O,O,O,O,O,O,O,O,0
002700,신일전자,KOSPI/KOSDAQ,46521,O,O,O,O,O,O,O,O,O,O,0
002710,TCC스틸,KOSPI/KOSDAQ,24191,O,O,O,O,O,O,O,O,O,O,0
002720,국제약품,KOSPI/KOSDAQ,212,O,O,O,O,O,O,O,O,O,O,0
002760,보락,KOSPI/KOSDAQ,2049,O,O,O,O,O,O,O,O,O,O,0
002780,진흥기업,KOSPI/KOSDAQ,41221,O,O,O,O,O,O,O,O,O,O,0
002790,아모레퍼시픽홀딩스,KOSPI/KOSDAQ,20423,O,O,O,O,O,O,O,O,X,X,0
002800,신신제약,KOSPI/KOSDAQ,212,O,O,O,O,O,O,O,O,O,O,0
002810,삼영무역,KOSPI/KOSDAQ,46739,O,O,O,O,O,O,O,O,O,O,0
002820,SUN&L,KOSPI/KOSDAQ,22232,O,O,O,O,O,O,O,O,O,O,0
002840,미원상사,KOSPI/KOSDAQ,204,O,O,O,O,O,O,O,O,O,O,0
002850,영풍산업주식회사,KOSPI/KOSDAQ,06200,X,X,X,X,X,X,X,X,X,X,6
002860,(주)하나은행,KOSPI/KOSDAQ,64121,X,X,X,X,X,X,X,X,X,X,6
002870,신풍,KOSPI/KOSDAQ,467,O,O,O,O,O,O,O,O,O,O,0
002880,디와이에이,KOSPI/KOSDAQ,303,O,O,O,O,O,O,O,O,O,O,0
002900,TYM,KOSPI/KOSDAQ,29210,O,O,O,O,O,O,O,O,O,O,0
002920,유성기업,KOSPI/KOSDAQ,303,O,O,O,O,O,O,O,O,O,O,0
002930,삼도물산(주),KOSPI/KOSDAQ,46413,X,X,X,X,X,X,X,X,X,X,6
002950,두산건설(주),KOSPI/KOSDAQ,41221,X,X,X,X,X,X,X,X,X,X,6
002960,한국쉘석유,KOSPI/KOSDAQ,19221,O,O,O,O,O,O,O,O,O,O,0
002990,금호건설,KOSPI/KOSDAQ,41112,O,O,O,O,O,O,O,O,O,O,0
003000,부광약품,KOSPI/KOSDAQ,212,O,O,O,O,O,O,O,O,O,O,0
003010,혜인,KOSPI/KOSDAQ,465,O,O,O,O,O,O,O,O,O,O,0
003020,(주)남양,KOSPI/KOSDAQ,13922,X,X,X,X,X,X,X,X,X,X,6
003030,세아제강지주,KOSPI/KOSDAQ,64992,O,O,O,O,O,O,O,O,X,X,0
003040,한일약품공업(주),KOSPI/KOSDAQ,21212,X,X,X,X,X,X,X,X,X,X,6
003050,링세오코리아 주식회사,KOSPI/KOSDAQ,28302,X,X,X,X,O,O,X,X,X,X,4
003060,에이프로젠바이오로직스,KOSPI/KOSDAQ,212,O,O,O,O,O,O,O,O,O,O,0
003070,코오롱글로벌,KOSPI/KOSDAQ,41221,O,O,O,O,O,O,O,O,O,O,0
003080,SB성보,KOSPI/KOSDAQ,2032,O,O,O,O,O,O,O,O,O,O,0
003090,대웅,KOSPI/KOSDAQ,212,O,O,O,O,O,O,O,O,O,O,0
0030R0,대신밸류리츠,기타,642,O,O,O,O,O,O,O,O,X,X,0
003100,선광,KOSPI/KOSDAQ,52942,O,O,O,O,O,O,O,O,O,O,0
003120,일성아이에스,KOSPI/KOSDAQ,212,O,O,O,O,O,O,O,O,O,O,0
003160,디아이,KOSPI/KOSDAQ,27212,O,O,O,O,O,O,O,O,O,O,0
003190,주식회사 알앤엘재생의학연구소,KOSPI/KOSDAQ,21100,X,X,X,X,O,O,X,X,X,X,4
003200,일신방직,KOSPI/KOSDAQ,13101,O,O,O,O,O,O,O,O,O,O,0
003220,대원제약,KOSPI/KOSDAQ,212,O,O,O,O,O,O,O,O,O,O,0
003230,삼양식품,KOSPI/KOSDAQ,108,O,O,O,O,O,O,O,O,O,O,0
003240,태광산업,KOSPI/KOSDAQ,20501,O,O,O,O,O,O,O,O,O,O,0
003280,흥아해운,KOSPI/KOSDAQ,50112,O,O,O,O,O,O,O,O,O,O,0
003300,한일홀딩스,KOSPI/KOSDAQ,23311,O,O,O,O,O,O,O,O,X,X,0
003310,대주산업,KOSPI/KOSDAQ,109,O,O,O,O,O,O,O,O,O,O,0
003330,하나IB증권 주식회사,KOSPI/KOSDAQ,66121,X,X,X,X,X,X,X,X,X,X,6
003350,한국화장품제조,KOSPI/KOSDAQ,20423,O,O,O,O,O,O,O,O,O,O,0
003380,하림지주,KOSPI/KOSDAQ,64992,O,O,O,O,O,O,O,O,X,X,0
003410,쌍용씨앤이주식회사,KOSPI/KOSDAQ,23311,O,O,X,O,O,O,O,X,X,X,1
003450,케이비증권 주식회사,KOSPI/KOSDAQ,66121,O,O,X,O,O,O,O,X,X,X,1
003460,유화증권,KOSPI/KOSDAQ,66121,O,O,O,O,O,O,O,O,X,X,0
003470,유안타증권,KOSPI/KOSDAQ,66121,O,O,O,O,O,O,O,O,X,X,0
003480,한진중공업홀딩스,KOSPI/KOSDAQ,352,O,O,O,O,O,O,O,O,X,X,0
003490,대한항공,KOSPI/KOSDAQ,511,O,O,O,O,O,O,O,O,O,O,0
003520,영진약품,KOSPI/KOSDAQ,212,O,O,O,O,O,O,O,O,O,O,0
003530,한화투자증권,KOSPI/KOSDAQ,66121,O,O,O,O,O,O,O,O,X,X,0
003540,대신증권,KOSPI/KOSDAQ,66121,O,O,O,O,O,O,O,O,X,X,0
003550,LG,KOSPI/KOSDAQ,64992,O,O,O,O,O,O,O,O,O,O,0
003560,(주)아이에이치큐,KOSPI/KOSDAQ,591,O,O,X,O,O,O,O,X,X,X,1
003570,SNT다이내믹스,KOSPI/KOSDAQ,30331,O,O,O,O,O,O,O,O,O,O,0
003580,HLB글로벌,KOSPI/KOSDAQ,471,O,O,O,O,O,O,O,O,O,O,0
003590,광덕물산(주),KOSPI/KOSDAQ,14111,X,X,X,X,X,X,X,X,X,X,6
003600,SK(주),KOSPI/KOSDAQ,64992,X,X,X,X,X,X,X,X,X,X,6
003610,방림,KOSPI/KOSDAQ,132,O,O,O,O,O,O,O,X,X,X,0
003620,KG모빌리티,KOSPI/KOSDAQ,301,O,O,O,O,O,O,O,O,O,O,0
003640,유니온스틸(주),KOSPI/KOSDAQ,24122,X,X,X,X,X,X,X,X,X,X,6
003650,미창석유,KOSPI/KOSDAQ,19221,O,O,O,O,O,O,O,O,O,O,0
003660,고려시멘트(주),KOSPI/KOSDAQ,23311,X,X,X,X,X,X,X,X,X,X,6
003670,포스코퓨처엠,KOSPI/KOSDAQ,282,O,O,O,O,O,O,O,O,O,O,0
003680,한성기업,KOSPI/KOSDAQ,10211,O,O,O,O,O,O,O,O,O,O,0
003690,코리안리,KOSPI/KOSDAQ,65200,O,O,O,O,O,O,O,O,X,X,0
003720,삼영,KOSPI/KOSDAQ,2221,O,O,O,O,O,O,O,O,O,O,0
003780,진양산업,KOSPI/KOSDAQ,2225,O,O,O,O,O,O,O,O,O,O,0
0037T0,KB제32호스팩,기타,66199,O,O,O,X,O,O,X,X,X,X,1
003800,에이스침대,KOSPI/KOSDAQ,32029,O,O,O,O,O,O,O,O,O,O,0
003830,대한화섬,KOSPI/KOSDAQ,20501,O,O,O,O,O,O,O,O,O,O,0
003850,보령,KOSPI/KOSDAQ,212,O,O,O,O,O,O,O,O,O,O,0
003900,주식회사 동원데어리푸드,KOSPI/KOSDAQ,10421,X,X,X,X,X,X,X,X,X,X,6
003920,남양유업,KOSPI/KOSDAQ,104,O,O,O,O,O,O,O,O,O,O,0
003930,(주)부흥,KOSPI/KOSDAQ,14111,X,X,X,X,X,X,X,X,X,X,6
003940,(주)삼양제넥스,KOSPI/KOSDAQ,108,X,X,X,X,X,X,X,X,X,X,6
003960,사조대림,KOSPI/KOSDAQ,10211,O,O,O,O,O,O,O,O,O,O,0
003990,(주)BHK,KOSPI/KOSDAQ,46800,X,X,X,X,X,X,X,X,X,X,6
004000,롯데정밀화학,KOSPI/KOSDAQ,20119,O,O,O,O,O,O,O,O,O,O,0
004010,(주)롯데미도파,KOSPI/KOSDAQ,47111,X,X,X,X,X,X,X,X,X,X,6
004020,현대제철,KOSPI/KOSDAQ,2411,O,O,O,O,O,O,O,O,O,O,0
004060,SG세계물산,KOSPI/KOSDAQ,46800,O,O,O,O,O,O,O,O,O,O,0
004080,신흥,KOSPI/KOSDAQ,4659,O,O,O,O,O,O,O,O,O,O,0
004090,한국석유,KOSPI/KOSDAQ,23999,O,O,O,O,O,O,O,O,O,O,0
004100,태양금속,KOSPI/KOSDAQ,303,O,O,O,O,O,O,O,O,O,O,0
004130,대덕GDS(주),KOSPI/KOSDAQ,2622,X,X,X,X,X,X,X,X,X,X,6
004140,동방,KOSPI/KOSDAQ,529,O,O,O,O,O,O,O,O,O,O,0
004150,한솔홀딩스,KOSPI/KOSDAQ,64992,O,O,O,O,O,O,O,O,X,X,0
004170,신세계,KOSPI/KOSDAQ,47111,O,O,O,O,O,O,O,O,O,O,0
004190,(주)스마텔,KOSPI/KOSDAQ,2629,X,X,X,X,X,X,X,X,X,X,6
0041B0,교보18호스팩,기타,66199,O,O,O,X,O,O,X,X,X,X,1
0041J0,엘에스스팩1호,기타,661,O,O,O,X,O,O,X,X,X,X,1
0041L0,하나35호스팩,기타,66199,O,O,O,O,O,O,X,X,X,X,0
004200,고려개발(주),KOSPI/KOSDAQ,41221,X,X,X,X,X,X,X,X,X,X,6
004230,세신(주),KOSPI/KOSDAQ,25931,X,X,X,X,X,X,X,X,X,X,6
004250,NPC,KOSPI/KOSDAQ,22232,O,O,O,O,O,O,O,O,O,O,0
004270,남성,KOSPI/KOSDAQ,46799,O,O,O,O,O,O,O,O,O,O,0
004310,현대약품,KOSPI/KOSDAQ,212,O,O,O,O,O,O,O,O,X,X,0
004320,주식회사 호반산업,KOSPI/KOSDAQ,41221,X,X,X,X,X,X,X,X,X,X,6
004360,세방,KOSPI/KOSDAQ,49301,O,O,O,O,O,O,O,O,O,O,0
004370,농심,KOSPI/KOSDAQ,108,O,O,O,O,O,O,O,O,O,O,0
004380,삼익THK,KOSPI/KOSDAQ,29141,O,O,O,O,O,O,O,O,O,O,0
004410,서울식품,KOSPI/KOSDAQ,108,O,O,O,O,O,O,O,O,X,X,0
004430,송원산업,KOSPI/KOSDAQ,20499,O,O,O,O,O,O,O,O,O,O,0
004440,삼일씨엔에스,KOSPI/KOSDAQ,23325,O,O,O,O,O,O,O,O,O,O,0
004450,삼화왕관,KOSPI/KOSDAQ,25991,O,O,O,O,O,O,O,O,O,O,0
004490,세방전지,KOSPI/KOSDAQ,28202,O,O,O,O,O,O,O,O,O,O,0
0044K0,삼성스팩10호,기타,66199,O,O,O,X,O,O,X,X,X,X,1
004510,(주)디와이홀딩스,KOSPI/KOSDAQ,29162,X,X,X,X,X,X,X,X,X,X,6
004530,에스와이(주),KOSPI/KOSDAQ,1090,X,X,X,X,X,X,X,X,X,X,6
004540,깨끗한나라,KOSPI/KOSDAQ,171,O,O,O,O,O,O,O,O,O,O,0
004550,대우송도개발(주),KOSPI/KOSDAQ,45110,X,X,X,X,X,X,X,X,X,X,6
004560,현대비앤지스틸,KOSPI/KOSDAQ,24122,O,O,O,O,O,O,O,O,O,O,0
004590,한국가구,KOSPI/KOSDAQ,478,O,O,O,O,O,O,O,O,O,O,0
004620,캠브리지코오롱(주),KOSPI/KOSDAQ,14111,X,X,X,X,X,X,X,X,X,X,6
004650,창해에탄올,KOSPI/KOSDAQ,11121,O,O,O,O,O,O,O,O,O,O,0
004660,(주)신동방CP,KOSPI/KOSDAQ,10520,X,X,X,X,X,X,X,X,X,X,6
004690,삼천리,KOSPI/KOSDAQ,35200,O,O,O,O,O,O,O,O,O,O,0
004700,조광피혁,KOSPI/KOSDAQ,15110,O,O,O,O,O,O,O,O,O,O,0
004710,한솔테크닉스,KOSPI/KOSDAQ,26299,O,O,O,O,O,O,O,O,O,O,0
004720,팜젠사이언스,KOSPI/KOSDAQ,212,O,O,O,O,O,O,O,O,O,O,0
004740,(주)보루네오가구,KOSPI/KOSDAQ,32029,X,X,X,X,X,X,X,X,X,X,6
004770,써니전자,KOSPI/KOSDAQ,262,O,O,O,O,O,O,O,O,O,O,0
004780,대륙제관,KOSPI/KOSDAQ,25991,O,O,O,O,O,O,O,O,O,O,0
004790,(주)렉스엘이앤지,KOSPI/KOSDAQ,26,X,X,X,X,X,X,X,X,X,X,6
004800,효성,KOSPI/KOSDAQ,649,O,O,O,O,O,O,O,O,O,O,0
004820,(주)조인에너지,KOSPI/KOSDAQ,467,X,X,X,X,X,X,X,X,X,X,6
004830,덕성,KOSPI/KOSDAQ,22214,O,O,O,O,O,O,O,O,O,O,0
004840,DRB동일,KOSPI/KOSDAQ,221,O,O,O,O,O,O,O,O,O,O,0
004870,티웨이홀딩스,KOSPI/KOSDAQ,23325,O,O,O,O,O,O,O,O,X,X,0
004890,동일산업,KOSPI/KOSDAQ,24113,O,O,O,O,O,O,O,O,O,O,0
004910,조광페인트,KOSPI/KOSDAQ,20411,O,O,O,O,O,O,O,O,O,O,0
004920,씨아이테크,KOSPI/KOSDAQ,26529,O,O,O,O,O,O,O,O,O,O,0
004940,주식회사 하나은행,KOSPI/KOSDAQ,64121,O,O,X,X,O,O,O,X,X,X,2
004960,한신공영,KOSPI/KOSDAQ,41112,O,O,O,O,O,O,O,O,O,O,0
004970,신라교역,KOSPI/KOSDAQ,03111,O,O,O,O,O,O,O,O,O,O,0
004980,성신양회,KOSPI/KOSDAQ,23311,O,O,O,O,O,O,O,O,O,O,0
004990,롯데지주,KOSPI/KOSDAQ,64992,O,O,O,O,O,O,O,O,X,X,0
005010,휴스틸,KOSPI/KOSDAQ,2413,O,O,O,O,O,O,O,O,O,O,0
005030,부산주공,KOSPI/KOSDAQ,30310,O,O,O,O,O,O,O,O,O,O,0
005070,코스모신소재,KOSPI/KOSDAQ,204,O,O,O,O,O,O,O,O,O,O,0
005090,SGC에너지,KOSPI/KOSDAQ,351,O,O,O,O,O,O,O,O,O,O,0
005110,한창,KOSPI/KOSDAQ,465,O,O,O,O,O,O,O,O,O,O,0
005160,동국산업,KOSPI/KOSDAQ,24122,O,O,O,O,O,O,O,O,O,O,0
005180,빙그레,KOSPI/KOSDAQ,104,O,O,O,O,O,O,O,O,O,O,0
005190,(주)동성화학,KOSPI/KOSDAQ,201,X,X,X,X,X,X,X,X,X,X,6
005250,녹십자홀딩스,KOSPI/KOSDAQ,715,O,O,O,O,O,O,O,O,X,X,0
005270,주식회사 아이엠뱅크,KOSPI/KOSDAQ,64121,O,O,X,X,O,O,O,X,X,X,2
005280,(주)부산은행,KOSPI/KOSDAQ,64121,O,O,X,X,O,O,O,X,X,X,2
005290,동진쎄미켐,KOSPI/KOSDAQ,20129,O,O,O,O,O,O,O,O,O,O,0
005300,롯데칠성,KOSPI/KOSDAQ,11209,O,O,O,O,O,O,O,O,O,O,0
005320,온타이드,KOSPI/KOSDAQ,46413,O,O,O,O,O,O,O,O,O,O,0
005330,(주)카스코,KOSPI/KOSDAQ,30,X,X,X,X,X,X,X,X,X,X,6
005350,(주)심팩인더스트리,KOSPI/KOSDAQ,29230,X,X,X,X,X,X,X,X,X,X,6
005360,모나미,KOSPI/KOSDAQ,46452,O,O,O,O,O,O,O,O,O,O,0
005380,현대차,KOSPI/KOSDAQ,30121,O,O,O,O,O,O,O,O,O,O,0
005390,신성통상(주),KOSPI/KOSDAQ,467,O,O,X,O,O,O,O,X,X,X,1
005420,코스모화학,KOSPI/KOSDAQ,2049,O,O,O,O,O,O,O,O,O,O,0
005430,한국공항,KOSPI/KOSDAQ,52939,O,O,O,O,O,O,O,O,O,O,0
005440,현대지에프홀딩스,KOSPI/KOSDAQ,64992,O,O,O,O,O,O,O,O,X,X,0
005450,(주)신한,KOSPI/KOSDAQ,41121,O,X,X,O,O,O,X,X,X,X,2
005490,POSCO홀딩스,KOSPI/KOSDAQ,2411,O,O,O,O,O,O,O,O,O,O,0
0054V0,엔에이치스팩32호,기타,6619,O,O,O,X,O,O,X,X,X,X,1
005500,삼진제약,KOSPI/KOSDAQ,212,O,O,O,O,O,O,O,O,O,O,0
005560,제이에스전선(주),KOSPI/KOSDAQ,28302,X,X,X,X,X,X,X,X,X,X,6
005600,중앙제지(주),KOSPI/KOSDAQ,17105,X,X,X,X,X,X,X,X,X,X,6
005610,삼립,KOSPI/KOSDAQ,108,O,O,O,O,O,O,O,O,O,O,0
005620,(주)대성합동지주,KOSPI/KOSDAQ,715,X,X,X,X,X,X,X,X,X,X,6
005670,푸드웰,KOSPI/KOSDAQ,1030,O,O,O,O,O,O,O,O,O,O,0
005680,삼영전자,KOSPI/KOSDAQ,26291,O,O,O,O,O,O,O,O,O,O,0
005690,파미셀,KOSPI/KOSDAQ,262,O,O,O,O,O,O,O,O,O,O,0
005710,대원산업,KOSPI/KOSDAQ,303,O,O,O,O,O,O,O,O,O,O,0
005720,넥센,KOSPI/KOSDAQ,221,O,O,O,O,O,O,O,O,O,O,0
005740,크라운해태홀딩스,KOSPI/KOSDAQ,64992,O,O,O,O,O,O,O,O,X,X,0
005750,대림바스,KOSPI/KOSDAQ,23222,O,O,O,O,O,O,O,O,O,O,0
005760,(주)위너스인프라인,KOSPI/KOSDAQ,1419,X,X,X,X,X,X,X,X,X,X,6
005800,신영와코루,KOSPI/KOSDAQ,14120,O,O,O,O,O,O,O,O,O,O,0
005810,풍산홀딩스,KOSPI/KOSDAQ,64992,O,O,O,O,O,O,O,O,X,X,0
005820,원림,KOSPI/KOSDAQ,13225,O,O,O,O,O,O,O,O,O,O,0
005830,DB손해보험,KOSPI/KOSDAQ,65121,O,O,O,O,O,O,O,O,X,X,0
005850,에스엘,KOSPI/KOSDAQ,303,O,O,O,O,O,O,O,O,O,O,0
005860,한일사료,KOSPI/KOSDAQ,109,O,O,O,O,O,O,O,O,O,O,0
005870,휴니드,KOSPI/KOSDAQ,2642,O,O,O,O,O,O,O,O,O,O,0
005880,대한해운,KOSPI/KOSDAQ,50112,O,O,O,O,O,O,O,O,O,O,0
005890,동원증권(주),KOSPI/KOSDAQ,66121,X,X,X,X,X,X,X,X,X,X,6
005900,(주)동양건설산업,KOSPI/KOSDAQ,41221,X,X,X,X,O,O,X,X,X,X,4
005930,삼성전자,KOSPI/KOSDAQ,264,O,O,O,O,O,O,O,O,O,O,0
005940,NH투자증권,KOSPI/KOSDAQ,66121,O,O,O,X,O,O,O,O,X,X,1
005950,이수화학,KOSPI/KOSDAQ,20111,O,O,O,O,O,O,O,O,O,O,0
005960,동부건설,KOSPI/KOSDAQ,412,O,O,O,O,O,O,O,O,O,O,0
005980,성지건설(주),KOSPI/KOSDAQ,41221,X,X,X,X,X,X,X,X,X,X,6
005990,매일홀딩스,KOSPI/KOSDAQ,104,O,O,O,O,O,O,O,O,X,X,0
006040,동원산업,KOSPI/KOSDAQ,64992,O,O,O,O,O,O,O,O,O,O,0
006050,국영지앤엠,KOSPI/KOSDAQ,231,O,O,O,O,O,O,O,O,O,O,0
006060,화승인더,KOSPI/KOSDAQ,46800,O,O,O,O,O,O,O,O,O,O,0
006070,(주)기린,KOSPI/KOSDAQ,10602,X,X,X,X,X,X,X,X,X,X,6
006090,사조오양,KOSPI/KOSDAQ,102,O,O,O,O,O,O,O,O,O,O,0
006110,삼아알미늄,KOSPI/KOSDAQ,24222,O,O,O,O,O,O,O,O,O,O,0
006120,SK디스커버리,KOSPI/KOSDAQ,64992,O,O,O,O,O,O,O,O,O,O,0
006140,피제이전자,KOSPI/KOSDAQ,27112,O,O,O,O,O,O,O,O,O,O,0
006150,(주)한메엔에스,KOSPI/KOSDAQ,2622,X,X,X,X,X,X,X,X,X,X,6
006200,한국전자홀딩스,KOSPI/KOSDAQ,64992,O,O,O,O,O,O,O,O,X,X,0
006210,(주)휴리프,KOSPI/KOSDAQ,26,X,X,X,X,X,X,X,X,X,X,6
006220,제주은행,KOSPI/KOSDAQ,64121,X,O,O,X,O,O,O,O,X,X,2
006250,극동전선(주),KOSPI/KOSDAQ,28302,X,X,X,X,O,O,X,X,X,X,4
006260,LS,KOSPI/KOSDAQ,64992,O,O,O,O,O,O,O,O,O,O,0
006280,녹십자,KOSPI/KOSDAQ,212,O,O,O,O,O,O,O,O,O,O,0
006340,대원전선,KOSPI/KOSDAQ,28302,O,O,O,O,O,O,O,O,O,O,0
006350,(주)전북은행,KOSPI/KOSDAQ,64121,O,O,X,X,O,O,O,X,X,X,2
006360,GS건설,KOSPI/KOSDAQ,4111,O,O,O,O,O,O,O,O,O,O,0
006370,대구백화점,KOSPI/KOSDAQ,47111,O,O,O,O,O,O,O,O,X,X,0
006380,카프로,KOSPI/KOSDAQ,20119,O,O,O,O,O,O,O,O,O,O,0
006390,한일현대시멘트(주),KOSPI/KOSDAQ,23311,O,X,X,O,O,X,X,X,X,X,3
006400,삼성SDI,KOSPI/KOSDAQ,28202,O,O,O,O,O,O,O,O,O,O,0
006440,한일건설(주),KOSPI/KOSDAQ,4111,X,X,X,X,X,X,X,X,X,X,6
006490,인스코비,KOSPI/KOSDAQ,612,O,O,O,O,O,O,O,O,O,O,0
006570,대림통상,KOSPI/KOSDAQ,25993,O,O,O,O,O,O,O,O,O,O,0
006580,대양제지공업(주),KOSPI/KOSDAQ,1710,O,O,X,O,O,O,O,X,X,X,1
006600,동신제약(주),KOSPI/KOSDAQ,21212,X,X,X,X,X,X,X,X,X,X,6
006620,동구바이오제약,KOSPI/KOSDAQ,212,O,O,O,O,O,O,O,O,O,O,0
006650,대한유화,KOSPI/KOSDAQ,20111,O,O,O,O,O,O,O,O,O,O,0
006660,삼성공조,KOSPI/KOSDAQ,30399,O,O,O,O,O,O,O,O,O,O,0
006730,서부T&D,KOSPI/KOSDAQ,551,O,O,O,O,O,O,O,O,O,O,0
006740,블루산업개발,KOSPI/KOSDAQ,172,O,O,O,O,O,O,O,O,O,O,0
006750,(주)센추리,KOSPI/KOSDAQ,29172,X,X,X,X,X,X,X,X,X,X,6
006800,미래에셋증권,KOSPI/KOSDAQ,66121,O,O,O,O,O,O,O,O,X,X,0
006840,AK홀딩스,KOSPI/KOSDAQ,64992,O,O,O,O,O,O,O,O,X,X,0
006880,신송홀딩스,KOSPI/KOSDAQ,46201,O,O,O,O,O,O,O,O,X,X,0
006890,태경케미컬,KOSPI/KOSDAQ,20121,O,O,O,O,O,O,O,O,O,O,0
0068Y0,비엔케이제3호스팩,기타,66199,O,O,O,X,O,O,X,X,X,X,1
006910,보성파워텍,KOSPI/KOSDAQ,2511,O,O,O,O,O,O,O,O,O,O,0
006920,모헨즈,KOSPI/KOSDAQ,23322,O,O,O,O,O,O,O,O,O,O,0
006980,우성,KOSPI/KOSDAQ,105,O,O,O,O,O,O,O,O,O,O,0
007050,유리이에스(주),KOSPI/KOSDAQ,29230,X,X,X,X,X,X,X,X,X,X,6
007070,GS리테일,KOSPI/KOSDAQ,47122,O,O,O,O,O,O,O,O,O,O,0
0070X0,에스테크엠,기타,29299,X,X,X,X,O,O,X,X,X,X,4
007110,일신석재,KOSPI/KOSDAQ,466,O,O,O,O,O,O,O,O,O,O,0
007120,미래아이앤지,KOSPI/KOSDAQ,620,O,O,O,O,O,O,O,O,O,O,0
007150,동양텔레콤(주),KOSPI/KOSDAQ,26,X,X,X,X,X,X,X,X,X,X,6
007160,사조산업,KOSPI/KOSDAQ,102,O,O,O,O,O,O,O,O,O,O,0
007190,한솔아트원제지㈜,KOSPI/KOSDAQ,171,X,X,X,X,X,X,X,X,X,X,6
0071M0,삼성스팩11호,기타,66199,O,O,O,X,O,O,X,X,X,X,1
007200,진흥저축은행(주),KOSPI/KOSDAQ,64131,X,X,X,X,X,X,X,X,X,X,6
007210,벽산,KOSPI/KOSDAQ,23999,O,O,O,O,O,O,O,O,O,O,0
007280,한국특강,KOSPI/KOSDAQ,24121,O,O,O,O,O,O,O,O,O,O,0
0072Z0,KB제33호스팩,기타,66199,O,O,O,X,O,O,X,X,X,X,1
007310,오뚜기,KOSPI/KOSDAQ,108,O,O,O,O,O,O,O,O,O,O,0
007330,푸른저축은행,KOSPI/KOSDAQ,64132,O,O,O,X,O,O,O,O,X,X,1
007340,DN오토모티브,KOSPI/KOSDAQ,28202,O,O,O,O,O,O,O,O,O,O,0
007370,진양제약,KOSPI/KOSDAQ,212,O,O,O,O,O,O,O,O,O,O,0
007390,네이처셀,KOSPI/KOSDAQ,211,O,O,O,O,O,O,O,O,O,O,0
007460,에이프로젠,KOSPI/KOSDAQ,212,O,O,O,O,O,O,O,O,O,O,0
007480,(주)대한은박지,KOSPI/KOSDAQ,24222,X,X,X,X,X,X,X,X,X,X,6
007490,태창기업(주),KOSPI/KOSDAQ,13401,X,X,X,X,X,X,X,X,X,X,6
007530,와이엠,KOSPI/KOSDAQ,259,O,O,O,O,O,O,O,O,O,O,0
007540,샘표,KOSPI/KOSDAQ,64992,O,O,O,O,O,O,O,O,O,O,0
007570,일양약품,KOSPI/KOSDAQ,212,O,O,O,O,O,O,O,O,O,O,0
007590,동방아그로,KOSPI/KOSDAQ,2032,O,O,O,O,O,O,O,O,O,O,0
007610,선도전기,KOSPI/KOSDAQ,28123,O,O,O,O,O,O,O,O,O,O,0
007630,(주)폴루스바이오팜,KOSPI/KOSDAQ,461,X,X,X,X,X,X,X,X,X,X,6
007640,(주)애큐온저축은행,KOSPI/KOSDAQ,64132,X,X,X,X,X,X,X,X,X,X,6
007660,이수페타시스,KOSPI/KOSDAQ,2622,O,O,O,O,O,O,O,O,O,O,0
007680,대원,KOSPI/KOSDAQ,41112,O,O,O,O,O,O,O,O,O,O,0
007690,국도화학,KOSPI/KOSDAQ,20111,O,O,O,O,O,O,O,O,O,O,0
007700,F&F홀딩스,KOSPI/KOSDAQ,64992,O,O,O,O,O,O,O,O,X,X,0
007720,소노스퀘어,KOSPI/KOSDAQ,468,O,O,O,O,O,O,O,O,O,O,0
007770,한일화학,KOSPI/KOSDAQ,201,O,O,O,O,O,O,O,O,O,O,0
007800,(주)솔로몬저축은행,KOSPI/KOSDAQ,64131,X,X,X,X,X,X,X,X,X,X,6
007810,코리아써키트,KOSPI/KOSDAQ,2622,O,O,O,O,O,O,O,O,O,O,0
007820,엠엑스로보틱스,KOSPI/KOSDAQ,29169,O,O,O,O,O,O,O,O,O,O,0
007830,(주)부산저축은행,KOSPI/KOSDAQ,64132,X,X,X,X,X,X,X,X,X,X,6
007860,서연,KOSPI/KOSDAQ,64992,O,O,O,O,O,O,O,O,O,O,0
007910,세원화성(주),KOSPI/KOSDAQ,20202,X,X,X,X,X,X,X,X,X,X,6
007980,TP,KOSPI/KOSDAQ,141,O,O,O,O,O,O,O,O,O,O,0
008000,도레이케미칼(주),KOSPI/KOSDAQ,20501,X,X,X,X,X,X,X,X,X,X,6
008020,경남에너지(주),KOSPI/KOSDAQ,35200,X,X,X,X,X,X,X,X,X,X,6
008030,(주)아이텍스필,KOSPI/KOSDAQ,1419,X,X,X,X,X,X,X,X,X,X,6
008040,사조동아원,KOSPI/KOSDAQ,105,O,O,O,O,O,O,O,O,O,O,0
008060,대덕,KOSPI/KOSDAQ,64992,O,O,O,O,O,O,O,O,O,O,0
008080,(주)에스와이코퍼레이션,KOSPI/KOSDAQ,27,X,X,X,X,X,X,X,X,X,X,6
008110,대동전자(주),KOSPI/KOSDAQ,264,O,O,X,O,O,O,O,X,X,X,1
008120,(주)엠소닉,KOSPI/KOSDAQ,26,O,O,X,O,O,O,O,X,X,X,1
008250,이건산업,KOSPI/KOSDAQ,16211,O,O,O,O,O,O,O,O,O,O,0
008260,NI스틸,KOSPI/KOSDAQ,2419,O,O,O,O,O,O,O,O,X,X,0
008270,산은캐피탈(주),KOSPI/KOSDAQ,64911,O,O,X,X,O,O,O,X,X,X,2
008290,원풍물산,KOSPI/KOSDAQ,14111,O,O,O,O,O,O,O,O,O,O,0
0082N0,카나프테라퓨틱스,기타,70113,O,O,O,O,O,O,O,O,X,X,0
008320,한국기술산업(주),KOSPI/KOSDAQ,28302,X,X,X,X,X,X,X,X,X,X,6
008340,대주코레스(주),KOSPI/KOSDAQ,24222,X,X,X,X,O,O,X,X,X,X,4
008350,남선알미늄,KOSPI/KOSDAQ,24222,O,O,O,O,O,O,O,O,O,O,0
008370,원풍,KOSPI/KOSDAQ,22212,O,O,O,O,O,O,O,O,O,O,0
008400,(주)씨앤중공업,KOSPI/KOSDAQ,30203,X,X,X,X,X,X,X,X,X,X,6
008420,문배철강,KOSPI/KOSDAQ,2419,O,O,O,O,O,O,O,O,O,O,0
008470,부스타,KOSPI/KOSDAQ,25130,O,O,O,O,O,O,O,O,O,O,0
008490,서흥,KOSPI/KOSDAQ,2049,O,O,O,O,O,O,O,O,O,O,0
008500,일정실업,KOSPI/KOSDAQ,133,O,O,O,O,O,O,O,O,O,O,0
008540,케이비물산(주),KOSPI/KOSDAQ,14120,X,X,X,X,X,X,X,X,X,X,6
008560,메리츠증권(주),KOSPI/KOSDAQ,66121,O,O,X,O,O,O,O,X,X,X,1
008600,윌비스,KOSPI/KOSDAQ,46413,O,O,O,O,O,O,O,O,O,O,0
008670,신한투자증권 (주),KOSPI/KOSDAQ,66121,O,O,X,O,O,O,O,X,X,X,1
008700,아남전자,KOSPI/KOSDAQ,265,O,O,O,O,O,O,O,O,O,O,0
008720,(주)삼양엔텍,KOSPI/KOSDAQ,29299,X,X,X,X,X,X,X,X,X,X,6
008730,율촌화학,KOSPI/KOSDAQ,22231,O,O,O,O,O,O,O,O,O,O,0
008770,호텔신라,KOSPI/KOSDAQ,47859,O,O,O,O,O,O,O,O,O,O,0
008780,(주)아이인프라,KOSPI/KOSDAQ,2629,X,X,X,X,X,X,X,X,X,X,6
008800,(주)행남사,KOSPI/KOSDAQ,108,O,O,X,O,O,O,O,X,X,X,1
008830,대동기어,KOSPI/KOSDAQ,292,O,O,O,O,O,O,O,O,O,O,0
008870,금비,KOSPI/KOSDAQ,23192,O,O,O,O,O,O,O,X,X,X,0
0088D0,메리츠제1호스팩,기타,66199,O,O,O,X,O,O,X,X,X,X,1
0088M0,메쥬,기타,27112,O,O,O,O,O,O,O,X,X,X,0
008900,(주)티이씨앤코,KOSPI/KOSDAQ,28302,X,X,X,X,X,X,X,X,X,X,6
008930,한미사이언스,KOSPI/KOSDAQ,64992,O,O,O,O,O,O,O,O,O,O,0
008970,KBI동양철관,KOSPI/KOSDAQ,2413,O,O,O,O,O,O,O,O,O,O,0
009010,(주)에듀언스,KOSPI/KOSDAQ,85501,X,X,X,X,X,X,X,X,X,X,6
009070,KCTC,KOSPI/KOSDAQ,49301,O,O,O,O,O,O,O,O,O,O,0
009080,(주)퍼시픽글라스,KOSPI/KOSDAQ,23192,X,X,X,X,X,X,X,X,X,X,6
009140,경인전자,KOSPI/KOSDAQ,2629,O,O,O,O,O,O,O,O,O,O,0
009150,삼성전기,KOSPI/KOSDAQ,2622,O,O,O,O,O,O,O,O,O,O,0
009160,SIMPAC,KOSPI/KOSDAQ,24113,O,O,O,O,O,O,O,O,O,O,0
009180,한솔로지스틱스,KOSPI/KOSDAQ,5299,O,O,O,O,O,O,O,O,O,O,0
009190,대양금속,KOSPI/KOSDAQ,24122,O,O,O,O,O,O,O,O,O,O,0
0091W0,신영스팩11호,기타,6619,O,O,O,X,O,O,X,X,X,X,1
009200,무림페이퍼,KOSPI/KOSDAQ,171,O,O,O,O,O,O,O,O,O,O,0
009220,그로웰전자(주),KOSPI/KOSDAQ,2642,X,X,X,X,X,X,X,X,X,X,6
009240,한샘,KOSPI/KOSDAQ,46431,O,O,O,O,O,O,O,O,O,O,0
009270,신원,KOSPI/KOSDAQ,14112,O,O,O,O,O,O,O,O,O,O,0
009280,(주)다함이텍,KOSPI/KOSDAQ,26,X,X,X,X,O,O,X,X,X,X,4
009290,광동제약,KOSPI/KOSDAQ,21220,O,O,O,O,O,O,O,O,O,O,0
009300,삼아제약,KOSPI/KOSDAQ,212,O,O,O,O,O,O,O,O,O,O,0
009310,참엔지니어링,KOSPI/KOSDAQ,29271,O,O,O,O,O,O,O,O,O,O,0
009320,아진전자부품,KOSPI/KOSDAQ,303,O,O,O,O,O,O,O,O,O,O,0
009360,(주)베네데스하이텍,KOSPI/KOSDAQ,46800,X,X,X,X,X,X,X,X,X,X,6
009380,아세아페이퍼텍(주),KOSPI/KOSDAQ,17105,X,X,X,X,X,X,X,X,X,X,6
0093G0,미래에셋비전스팩8호,기타,66199,O,O,O,X,O,O,X,X,X,X,1
009410,태영건설,KOSPI/KOSDAQ,41221,O,O,O,O,O,O,O,O,O,O,0
009420,한올바이오파마,KOSPI/KOSDAQ,212,O,O,O,O,O,O,O,O,O,O,0
009440,KC그린홀딩스,KOSPI/KOSDAQ,64992,O,O,O,O,O,O,O,O,X,X,0
009450,경동나비엔,KOSPI/KOSDAQ,28520,O,O,O,O,O,O,O,O,O,O,0
009460,한창제지,KOSPI/KOSDAQ,171,O,O,O,O,O,O,O,O,O,O,0
009470,삼화전기,KOSPI/KOSDAQ,26291,O,O,O,O,O,O,O,O,O,O,0
009520,포스코엠텍,KOSPI/KOSDAQ,24199,O,O,O,O,O,O,O,O,O,O,0
009540,HD한국조선해양,KOSPI/KOSDAQ,64992,O,O,O,O,O,O,O,X,X,X,0
009580,무림P&P,KOSPI/KOSDAQ,171,O,O,O,O,O,O,O,O,O,O,0
009620,삼보산업,KOSPI/KOSDAQ,24222,O,O,O,O,O,O,O,O,O,O,0
009680,모토닉,KOSPI/KOSDAQ,303,O,O,O,O,O,O,O,O,O,O,0
009690,케이엠에이치(주),KOSPI/KOSDAQ,28302,X,X,X,X,X,X,X,X,X,X,6
0096B0,삼성스팩12호,기타,64999,O,O,O,X,O,O,X,X,X,X,1
0096D0,미래에셋비전스팩9호,기타,66199,O,O,O,X,O,O,X,X,X,X,1
009720,한국전기초자(주),KOSPI/KOSDAQ,231,X,X,X,X,X,X,X,X,X,X,6
009730,이렘,KOSPI/KOSDAQ,2413,O,O,O,O,O,O,O,O,O,O,0
009760,한국지주 주식회사,KOSPI/KOSDAQ,64992,X,X,X,X,O,O,X,X,X,X,4
009770,삼정펄프,KOSPI/KOSDAQ,171,O,O,O,O,O,O,O,O,O,O,0
009780,엠에스씨,KOSPI/KOSDAQ,108,O,O,O,O,O,O,O,O,O,O,0
009790,(주)휴닉스,KOSPI/KOSDAQ,2622,X,X,X,X,X,X,X,X,X,X,6
0097F0,미래에셋비전스팩10호,기타,66199,O,O,O,X,O,O,X,X,X,X,1
009810,플레이그램,KOSPI/KOSDAQ,467,O,O,O,O,O,O,O,O,O,O,0
009830,한화솔루션,KOSPI/KOSDAQ,20111,O,O,O,O,O,O,O,O,O,O,0
009890,맥슨텔레콤(주),KOSPI/KOSDAQ,2642,X,X,X,X,X,X,X,X,X,X,6
0098T0,교보19호스팩,기타,66199,O,O,O,X,O,O,X,X,X,X,1
009900,명신산업,KOSPI/KOSDAQ,303,O,O,O,O,O,O,O,O,O,O,0
009940,대아리드선(주),KOSPI/KOSDAQ,2629,X,X,X,X,X,X,X,X,X,X,6
009970,영원무역홀딩스,KOSPI/KOSDAQ,64992,O,O,O,O,O,O,O,O,X,X,0
0099W0,미래에셋비전스팩11호,기타,66199,O,O,O,X,O,O,X,X,X,X,1
0099X0,IBKS제25호스팩,기타,66199,O,O,O,X,O,O,X,X,X,X,1
010040,한국내화,KOSPI/KOSDAQ,2321,O,O,O,O,O,O,O,O,O,O,0
010050,우리종합금융(주),KOSPI/KOSDAQ,64919,X,X,X,X,X,X,X,X,X,X,6
010060,OCI홀딩스,KOSPI/KOSDAQ,64992,O,O,O,O,O,O,O,O,X,X,0
010090,주식회사 이마트에브리데이,KOSPI/KOSDAQ,47121,X,X,X,X,X,X,X,X,X,X,6
010100,한국무브넥스,KOSPI/KOSDAQ,303,O,O,O,O,O,O,O,O,O,O,0
010120,LS ELECTRIC,KOSPI/KOSDAQ,28121,O,O,O,O,O,O,O,O,O,O,0
010130,고려아연,KOSPI/KOSDAQ,24213,O,O,O,O,O,O,O,O,O,O,0
010140,삼성중공업,KOSPI/KOSDAQ,3111,O,O,O,O,O,O,O,O,O,O,0
010150,(주)포스코티엠씨,KOSPI/KOSDAQ,2629,X,X,X,X,X,X,X,X,X,X,6
010170,대한광통신,KOSPI/KOSDAQ,283,O,O,O,O,O,O,O,O,O,O,0
0101C0,하나36호스팩,기타,66199,O,O,O,X,O,O,X,X,X,X,1
010200,극동제혁(주),KOSPI/KOSDAQ,15110,X,X,X,X,X,X,X,X,X,X,6
010240,흥국,KOSPI/KOSDAQ,29241,O,O,O,O,O,O,O,O,O,O,0
010280,아이티센엔텍,KOSPI/KOSDAQ,62021,O,O,O,O,O,O,O,O,O,O,0
010400,우진아이엔에스,KOSPI/KOSDAQ,422,O,O,O,O,O,O,O,O,O,O,0
010420,한솔피엔에스(주),KOSPI/KOSDAQ,467,O,O,X,O,O,O,O,X,X,X,1
010460,(주)화인자산관리,KOSPI/KOSDAQ,66199,X,X,X,X,X,X,X,X,X,X,6
010470,오리콤,KOSPI/KOSDAQ,71310,O,O,O,O,O,O,O,O,O,O,0
010520,현대하이스코(주),KOSPI/KOSDAQ,2413,X,X,X,X,X,X,X,X,X,X,6
010580,에스엠벡셀,KOSPI/KOSDAQ,303,O,O,O,O,O,O,O,O,O,O,0
0105P0,유진스팩12호,기타,66199,O,O,O,X,O,O,X,X,X,X,1
010600,웰바이오텍(주),KOSPI/KOSDAQ,461,O,O,X,O,O,O,O,X,X,X,1
010620,에이치디현대미포 주식회사,KOSPI/KOSDAQ,3111,O,X,X,O,O,X,X,X,X,X,3
010640,진양폴리,KOSPI/KOSDAQ,22259,O,O,O,O,O,O,O,O,O,O,0
010660,화천기계,KOSPI/KOSDAQ,29223,O,O,O,O,O,O,O,O,O,O,0
010670,(주)나노트로닉스,KOSPI/KOSDAQ,27212,X,X,X,X,X,X,X,X,X,X,6
010690,화신,KOSPI/KOSDAQ,30391,O,O,O,O,O,O,O,O,O,O,0
010730,금강화섬(주),KOSPI/KOSDAQ,13103,X,X,X,X,X,X,X,X,X,X,6
010770,평화홀딩스,KOSPI/KOSDAQ,303,O,O,O,O,O,O,O,O,X,X,0
010780,아이에스동서,KOSPI/KOSDAQ,2332,O,O,O,O,O,O,O,O,O,O,0
010820,퍼스텍,KOSPI/KOSDAQ,252,O,O,O,O,O,O,O,O,O,O,0
010950,S-Oil,KOSPI/KOSDAQ,19210,O,O,O,O,O,O,O,O,O,O,0
010960,삼호개발,KOSPI/KOSDAQ,421,O,O,O,O,O,O,O,O,O,O,0
011000,진원생명과학,KOSPI/KOSDAQ,212,O,O,O,O,O,O,O,O,X,X,0
011020,코오롱유화(주),KOSPI/KOSDAQ,20202,X,X,X,X,X,X,X,X,X,X,6
011040,경동제약,KOSPI/KOSDAQ,212,O,O,O,O,O,O,O,O,O,O,0
011050,(주)케드콤,KOSPI/KOSDAQ,2642,X,X,X,X,X,X,X,X,X,X,6
011070,LG이노텍,KOSPI/KOSDAQ,262,O,O,O,O,O,O,O,O,O,O,0
011080,형지I&C,KOSPI/KOSDAQ,1419,O,O,O,O,O,O,O,O,O,O,0
011090,에넥스,KOSPI/KOSDAQ,32021,O,O,O,O,O,O,O,O,O,O,0
011150,CJ씨푸드,KOSPI/KOSDAQ,108,O,O,O,O,O,O,O,O,X,X,0
011160,두산건설(주),KOSPI/KOSDAQ,41112,O,O,X,O,O,O,O,X,X,X,1
011170,롯데케미칼,KOSPI/KOSDAQ,20111,O,O,O,O,O,O,O,O,O,O,0
011200,HMM,KOSPI/KOSDAQ,50112,O,O,O,O,O,O,O,O,O,O,0
011210,현대위아,KOSPI/KOSDAQ,303,O,O,O,O,O,O,O,O,O,O,0
011230,삼화전자,KOSPI/KOSDAQ,265,O,O,O,O,O,O,O,O,O,O,0
011280,태림포장,KOSPI/KOSDAQ,1721,O,O,O,O,O,O,O,O,O,O,0
011300,우성머티리얼스,KOSPI/KOSDAQ,13213,O,O,O,O,O,O,O,O,O,O,0
011320,유니크,KOSPI/KOSDAQ,303,O,O,O,O,O,O,O,O,O,O,0
011330,유니켐,KOSPI/KOSDAQ,303,O,O,O,O,O,O,O,O,O,O,0
011370,서한,KOSPI/KOSDAQ,41112,O,O,O,O,O,O,O,O,O,O,0
011390,부산산업,KOSPI/KOSDAQ,23322,O,O,O,O,O,O,O,O,O,O,0
011400,주식회사 아진카인텍,KOSPI/KOSDAQ,30320,O,O,X,O,O,O,O,X,X,X,1
011420,갤럭시아에스엠,KOSPI/KOSDAQ,911,O,O,O,O,O,O,O,O,O,O,0
011500,한농화성,KOSPI/KOSDAQ,20421,O,O,O,O,O,O,O,O,O,O,0
011560,세보엠이씨,KOSPI/KOSDAQ,422,O,O,O,O,O,O,O,O,O,O,0
0115H0,삼성스팩13호,기타,66199,O,O,O,X,O,O,X,X,X,X,1
011690,와이투솔루션,KOSPI/KOSDAQ,2611,O,O,O,O,O,O,O,O,O,O,0
011700,한신기계,KOSPI/KOSDAQ,29132,O,O,O,O,O,O,O,O,O,O,0
011720,현대페인트(주),KOSPI/KOSDAQ,20411,X,X,X,X,X,X,X,X,X,X,6
011760,현대코퍼레이션,KOSPI/KOSDAQ,46800,O,O,O,O,O,O,O,O,O,O,0
011780,금호석유화학,KOSPI/KOSDAQ,201,O,O,O,O,O,O,O,O,O,O,0
011790,SKC,KOSPI/KOSDAQ,204,O,O,O,O,O,O,O,O,O,O,0
011800,(주)배명금속,KOSPI/KOSDAQ,24122,X,X,X,X,X,X,X,X,X,X,6
011810,STX,KOSPI/KOSDAQ,46800,O,O,O,O,O,O,O,O,O,O,0
011930,신성이엔지,KOSPI/KOSDAQ,2612,O,O,O,O,O,O,O,O,O,O,0
012030,DB,KOSPI/KOSDAQ,62021,O,O,O,O,O,O,O,O,O,O,0
012090,성원건설(주),KOSPI/KOSDAQ,41221,X,X,X,X,X,X,X,X,X,X,6
0120G0,삼양바이오팜,기타,212,O,O,O,O,O,O,X,O,X,X,0
012160,영흥,KOSPI/KOSDAQ,24123,O,O,O,O,O,O,O,O,O,O,0
012170,아센디오,KOSPI/KOSDAQ,591,O,O,O,O,O,O,O,O,O,O,0
012200,계양전기,KOSPI/KOSDAQ,291,O,O,O,O,O,O,O,O,O,O,0
012210,삼미금속,KOSPI/KOSDAQ,25912,O,O,O,O,O,O,O,O,O,O,0
012250,(주)셰프라인,KOSPI/KOSDAQ,25992,X,X,X,X,X,X,X,X,X,X,6
012280,영화금속,KOSPI/KOSDAQ,303,O,O,O,O,O,O,O,O,O,O,0
012320,경동인베스트,KOSPI/KOSDAQ,649,O,O,O,O,O,O,O,O,O,O,0
012330,현대모비스,KOSPI/KOSDAQ,303,O,O,O,O,O,O,O,O,O,O,0
012340,뉴인텍,KOSPI/KOSDAQ,303,O,O,O,O,O,O,O,O,O,O,0
012400,(주)허메스홀딩스,KOSPI/KOSDAQ,26429,X,X,X,X,X,X,X,X,X,X,6
012410,글로스텍(주),KOSPI/KOSDAQ,2611,X,X,X,X,X,X,X,X,X,X,6
012420,메리츠종합금융(주),KOSPI/KOSDAQ,64919,X,X,X,X,X,X,X,X,X,X,6
012450,한화에어로스페이스,KOSPI/KOSDAQ,31321,O,O,O,O,O,O,O,O,O,O,0
012460,(주)우영,KOSPI/KOSDAQ,26,X,X,X,X,X,X,X,X,X,X,6
012510,더존비즈온,KOSPI/KOSDAQ,62022,O,O,O,O,O,O,O,O,O,O,0
012580,(주)신세계톰보이,KOSPI/KOSDAQ,4741,O,O,X,O,O,O,O,X,X,X,1
012600,(주)청호ICT,KOSPI/KOSDAQ,29180,O,O,X,O,O,O,O,X,X,X,1
012610,경인양행,KOSPI/KOSDAQ,20132,O,O,O,O,O,O,O,O,O,O,0
012620,원일특강,KOSPI/KOSDAQ,24123,O,O,O,O,O,O,O,O,O,O,0
012630,HDC,KOSPI/KOSDAQ,649,O,O,O,O,O,O,O,O,O,O,0
012650,쌍용건설(주),KOSPI/KOSDAQ,41221,X,X,X,X,X,X,X,X,X,X,6
012690,모나리자,KOSPI/KOSDAQ,17902,O,O,O,O,O,O,O,O,O,O,0
0126Z0,삼성에피스홀딩스,기타,64992,O,O,O,O,O,O,X,X,X,X,0
012700,리드코프,KOSPI/KOSDAQ,46712,O,O,O,O,O,O,O,O,O,O,0
012720,(주)건영,KOSPI/KOSDAQ,4111,X,X,X,X,X,X,X,X,X,X,6
012750,에스원,KOSPI/KOSDAQ,75320,O,O,O,O,O,O,O,O,O,O,0
012760,주식회사 하스코,KOSPI/KOSDAQ,30,X,X,X,X,O,O,X,X,X,X,4
012790,신일제약,KOSPI/KOSDAQ,212,O,O,O,O,O,O,O,O,O,O,0
012800,대창,KOSPI/KOSDAQ,24221,O,O,O,O,O,O,O,O,O,O,0
012860,모베이스전자,KOSPI/KOSDAQ,303,O,O,O,O,O,O,O,O,O,O,0
012990,LG석유화학(주),KOSPI/KOSDAQ,20111,X,X,X,X,X,X,X,X,X,X,6
0129K0,신한제18호스팩,기타,661,O,X,O,X,O,X,X,X,X,X,3
013000,세우글로벌,KOSPI/KOSDAQ,467,O,O,O,O,O,O,O,O,O,O,0
013030,하이록코리아,KOSPI/KOSDAQ,241,O,O,O,O,O,O,O,O,O,O,0
0130D0,신한제17호스팩,기타,661,O,X,O,X,O,X,X,X,X,X,3
0130H0,엔에이치스팩33호,기타,661,O,X,O,X,O,X,X,X,X,X,3
013120,동원개발,KOSPI/KOSDAQ,41112,O,O,O,O,O,O,O,O,O,O,0
0131D0,키움히어로제2호스팩,기타,66199,O,X,O,X,O,X,X,X,X,X,3
013200,(주)우방,KOSPI/KOSDAQ,4111,X,X,X,X,X,X,X,X,X,X,6
013240,(주)셀런,KOSPI/KOSDAQ,26,X,X,X,X,X,X,X,X,X,X,6
0132G0,교보20호스팩,기타,649,O,O,O,X,O,O,X,X,X,X,1
013310,아진산업,KOSPI/KOSDAQ,303,O,O,O,O,O,O,O,O,O,O,0
013340,(주)뉴아세아,KOSPI/KOSDAQ,2413,X,X,X,X,O,O,X,X,X,X,4
013360,일성건설,KOSPI/KOSDAQ,41221,O,O,O,O,O,O,O,O,O,O,0
013450,(주)동성하이켐,KOSPI/KOSDAQ,20111,X,X,X,X,X,X,X,X,X,X,6
013520,화승코퍼레이션,KOSPI/KOSDAQ,303,O,O,O,O,O,O,O,O,X,X,0
013570,디와이,KOSPI/KOSDAQ,64992,O,O,O,O,O,O,O,O,O,O,0
013580,계룡건설,KOSPI/KOSDAQ,412,O,O,O,O,O,O,O,O,O,O,0
013650,(주)데코,KOSPI/KOSDAQ,14112,X,X,X,X,X,X,X,X,X,X,6
013700,까뮤이앤씨,KOSPI/KOSDAQ,41121,O,O,O,O,O,O,O,O,O,O,0
013720,THE CUBE&,KOSPI/KOSDAQ,303,O,O,O,O,O,O,O,O,O,O,0
013780,(주)아큐텍,KOSPI/KOSDAQ,2629,X,X,X,X,X,X,X,X,X,X,6
013810,스페코,KOSPI/KOSDAQ,29229,O,O,O,O,O,O,O,O,O,O,0
013870,지엠비코리아,KOSPI/KOSDAQ,303,O,O,O,O,O,O,O,O,O,O,0
013890,지누스,KOSPI/KOSDAQ,320,O,O,O,O,O,O,O,O,O,O,0
013990,아가방컴퍼니,KOSPI/KOSDAQ,46414,O,O,O,O,O,O,O,O,O,O,0
014010,인터피온반도체,KOSPI/KOSDAQ,2612,X,X,X,X,X,X,X,X,X,X,6
014100,메디앙스,KOSPI/KOSDAQ,468,O,O,O,O,O,O,O,O,O,O,0
014130,한익스프레스,KOSPI/KOSDAQ,49301,O,O,O,O,O,O,O,O,O,O,0
014160,대영포장,KOSPI/KOSDAQ,1721,O,O,O,O,O,O,O,O,O,O,0
014190,원익큐브,KOSPI/KOSDAQ,46739,O,O,O,O,O,O,O,O,O,O,0
014200,(주)광림,KOSPI/KOSDAQ,301,O,O,X,O,O,O,O,X,X,X,1
014280,금강공업,KOSPI/KOSDAQ,2413,O,O,O,O,O,O,O,O,O,O,0
014300,(주)선진지주,KOSPI/KOSDAQ,1090,X,X,X,X,X,X,X,X,X,X,6
014350,(주)신일건업,KOSPI/KOSDAQ,4111,X,X,X,X,X,X,X,X,X,X,6
014420,(주)프로비타,KOSPI/KOSDAQ,26,X,X,X,X,X,X,X,X,X,X,6
014440,영보화학,KOSPI/KOSDAQ,2225,O,O,O,O,O,O,O,O,O,O,0
014470,부방,KOSPI/KOSDAQ,681,O,O,O,O,O,O,O,O,O,O,0
014530,극동유화,KOSPI/KOSDAQ,19221,O,O,O,O,O,O,O,O,O,O,0
014570,고려제약,KOSPI/KOSDAQ,212,O,O,O,O,O,O,O,O,O,O,0
014580,태경비케이,KOSPI/KOSDAQ,23312,O,O,O,O,O,O,O,O,O,O,0
014590,(주)지앤엘,KOSPI/KOSDAQ,91249,X,X,X,X,O,O,X,X,X,X,4
014620,성광벤드,KOSPI/KOSDAQ,24133,O,O,O,O,O,O,O,O,O,O,0
014680,한솔케미칼,KOSPI/KOSDAQ,20129,O,O,O,O,O,O,O,O,O,O,0
014710,사조씨푸드,KOSPI/KOSDAQ,102,O,O,O,O,O,O,O,O,O,O,0
014790,HL D&I,KOSPI/KOSDAQ,41221,O,O,O,O,O,O,O,O,O,O,0
014820,동원시스템즈,KOSPI/KOSDAQ,222,O,O,O,O,O,O,O,O,O,O,0
014830,유니드,KOSPI/KOSDAQ,20129,O,O,O,O,O,O,O,O,O,O,0
014900,(주)에스컴,KOSPI/KOSDAQ,68112,X,X,X,X,X,X,X,X,X,X,6
014910,성문전자,KOSPI/KOSDAQ,26291,O,O,O,O,O,O,O,O,O,O,0
014940,오리엔탈정공,KOSPI/KOSDAQ,291,O,O,O,O,O,O,O,O,O,O,0
014950,삼익제약,KOSPI/KOSDAQ,21212,O,O,O,O,O,O,O,O,X,X,0
014970,삼륭물산,KOSPI/KOSDAQ,17223,O,O,O,O,O,O,O,O,O,O,0
014990,인디에프,KOSPI/KOSDAQ,14112,O,O,O,O,O,O,O,O,O,O,0
015020,이스타코,KOSPI/KOSDAQ,68121,O,O,O,O,O,O,O,O,O,O,0
015050,(주)엘트온,KOSPI/KOSDAQ,26211,X,X,X,X,X,X,X,X,X,X,6
015110,(주)중앙건설,KOSPI/KOSDAQ,41112,X,X,X,X,X,X,X,X,X,X,6
015170,(주)중앙바이오텍,KOSPI/KOSDAQ,21230,X,X,X,X,X,X,X,X,X,X,6
015200,(주)성원,KOSPI/KOSDAQ,2413,O,O,X,O,O,O,O,X,X,X,1
015230,대창단조,KOSPI/KOSDAQ,303,O,O,O,O,O,O,O,O,O,O,0
015260,에이엔피,KOSPI/KOSDAQ,2622,O,O,O,O,O,O,O,O,O,O,0
015350,(주)부산도시가스,KOSPI/KOSDAQ,35200,X,X,X,X,X,X,X,X,X,X,6
015360,INVENI,KOSPI/KOSDAQ,715,O,O,O,O,O,O,O,O,O,O,0
015390,(주)엘앤씨피,KOSPI/KOSDAQ,20491,X,X,X,X,X,X,X,X,X,X,6
015540,(주)에코바이브,KOSPI/KOSDAQ,759,O,X,X,X,X,X,X,X,X,X,5
015590,DKME,KOSPI/KOSDAQ,29176,O,O,O,O,O,O,O,O,O,O,0
015670,AP우주통신(주),KOSPI/KOSDAQ,26,X,X,X,X,X,X,X,X,X,X,6
015710,코콤,KOSPI/KOSDAQ,26410,O,O,O,O,O,O,O,O,O,O,0
015750,성우하이텍,KOSPI/KOSDAQ,303,O,O,O,O,O,O,O,O,O,O,0
015760,한국전력,KOSPI/KOSDAQ,35120,O,O,O,O,O,O,O,O,O,O,0
015860,일진홀딩스,KOSPI/KOSDAQ,64992,O,O,O,O,O,O,O,O,X,X,0
015890,태경산업,KOSPI/KOSDAQ,20129,O,O,O,O,O,O,O,O,O,O,0
015940,(주)엘지데이콤,KOSPI/KOSDAQ,61210,X,X,X,X,X,X,X,X,X,X,6
016040,(주)디에스피이엔티,KOSPI/KOSDAQ,30,X,X,X,X,X,X,X,X,X,X,6
016090,대현,KOSPI/KOSDAQ,14112,O,O,O,O,O,O,O,O,O,O,0
016100,리더스코스메틱,KOSPI/KOSDAQ,172,O,O,O,O,O,O,O,O,O,O,0
016140,두함지개발 주식회사,KOSPI/KOSDAQ,68112,X,X,X,X,X,X,X,X,X,X,6
016160,(주)오라바이오틱스,KOSPI/KOSDAQ,26,X,X,X,X,X,X,X,X,X,X,6
016170,(주)카카오엠,KOSPI/KOSDAQ,182,X,X,X,X,X,X,X,X,X,X,6
016250,SGC E&C,KOSPI/KOSDAQ,4112,O,O,O,O,O,O,O,O,O,O,0
016360,삼성증권,KOSPI/KOSDAQ,66121,O,O,O,X,O,O,O,O,X,X,1
016380,KG스틸,KOSPI/KOSDAQ,24122,O,O,O,O,O,O,O,O,O,O,0
016420,NH농협증권(주),KOSPI/KOSDAQ,66121,X,X,X,X,X,X,X,X,X,X,6
016450,한세예스24홀딩스,KOSPI/KOSDAQ,1419,O,O,O,O,O,O,O,O,X,X,0
016510,(주)현대DSF,KOSPI/KOSDAQ,47111,X,X,X,X,X,X,X,X,X,X,6
016560,(주)서울상호저축은행,KOSPI/KOSDAQ,64131,X,X,X,X,X,X,X,X,X,X,6
016570,(주)에스트라,KOSPI/KOSDAQ,10897,X,X,X,X,X,X,X,X,X,X,6
016580,환인제약,KOSPI/KOSDAQ,212,O,O,O,O,O,O,O,O,O,O,0
016590,신대양제지,KOSPI/KOSDAQ,172,O,O,O,O,O,O,O,O,O,O,0
016600,큐캐피탈,KOSPI/KOSDAQ,649,O,O,O,O,O,O,O,O,X,X,0
016610,DB증권,KOSPI/KOSDAQ,66121,O,O,O,O,O,O,O,O,X,X,0
016670,디모아,KOSPI/KOSDAQ,467,O,O,O,O,O,O,O,O,O,O,0
016710,대성홀딩스,KOSPI/KOSDAQ,715,O,O,O,O,O,O,O,O,X,X,0
016740,두올,KOSPI/KOSDAQ,303,O,O,O,O,O,O,O,O,O,O,0
016790,현대사료,KOSPI/KOSDAQ,109,O,O,O,O,O,O,O,O,O,O,0
016800,퍼시스,KOSPI/KOSDAQ,32029,O,O,O,O,O,O,O,O,O,O,0
016830,(주)한국씨티은행,KOSPI/KOSDAQ,64121,O,O,X,X,O,O,O,X,X,X,2
016880,웅진,KOSPI/KOSDAQ,715,O,O,O,O,O,O,O,O,O,O,0
016890,대웅바이오(주),KOSPI/KOSDAQ,21100,X,X,X,X,X,X,X,X,X,X,6
016920,카스,KOSPI/KOSDAQ,465,O,O,O,O,O,O,O,O,O,O,0
016970,(주)씨크롭,KOSPI/KOSDAQ,25119,X,X,X,X,X,X,X,X,X,X,6
016990,LG마이크론(주),KOSPI/KOSDAQ,2629,X,X,X,X,X,X,X,X,X,X,6
017000,신원종합개발,KOSPI/KOSDAQ,41112,O,O,O,O,O,O,O,O,O,O,0
017010,(주)제너비오믹스,KOSPI/KOSDAQ,27214,X,X,X,X,X,X,X,X,X,X,6
017040,광명전기,KOSPI/KOSDAQ,28123,O,O,O,O,O,O,O,O,O,O,0
017050,(주)스타맥스,KOSPI/KOSDAQ,59111,X,X,X,X,X,X,X,X,X,X,6
017160,(주)세븐코스프,KOSPI/KOSDAQ,1090,X,X,X,X,X,X,X,X,X,X,6
017170,(주)훈영,KOSPI/KOSDAQ,591,X,X,X,X,X,X,X,X,X,X,6
017180,명문제약,KOSPI/KOSDAQ,212,O,O,O,O,O,O,O,O,O,O,0
017250,인터엠,KOSPI/KOSDAQ,265,O,O,O,O,O,O,O,X,X,X,0
017300,(주)에이치비이에너지,KOSPI/KOSDAQ,26,X,X,X,X,X,X,X,X,X,X,6
017370,우신시스템,KOSPI/KOSDAQ,292,O,O,O,O,O,O,O,O,O,O,0
017390,서울가스,KOSPI/KOSDAQ,35200,O,O,O,O,O,O,O,O,O,O,0
017480,삼현철강,KOSPI/KOSDAQ,2419,O,O,O,O,O,O,O,O,O,O,0
017510,세명전기,KOSPI/KOSDAQ,2599,O,O,O,O,O,O,O,O,O,O,0
017550,수산세보틱스,KOSPI/KOSDAQ,29241,O,O,O,O,O,O,O,O,O,O,0
017650,대림제지,KOSPI/KOSDAQ,179,O,O,O,O,O,O,O,O,O,O,0
017670,SK텔레콤,KOSPI/KOSDAQ,61220,O,O,O,O,O,O,O,O,O,O,0
017680,데코앤에프,KOSPI/KOSDAQ,141,O,O,X,O,O,O,O,X,X,X,1
017800,현대엘리베이터,KOSPI/KOSDAQ,29162,O,O,O,O,O,O,O,O,O,O,0
017810,풀무원,KOSPI/KOSDAQ,108,O,O,O,O,O,O,O,O,O,O,0
017860,DS단석,KOSPI/KOSDAQ,204,O,O,O,O,O,O,O,O,O,O,0
017890,한국알콜,KOSPI/KOSDAQ,204,O,O,O,O,O,O,O,O,O,O,0
017900,광전자,KOSPI/KOSDAQ,2612,O,O,O,O,O,O,O,O,O,O,0
017940,E1,KOSPI/KOSDAQ,46713,O,O,O,O,O,O,O,O,O,O,0
017960,한국카본,KOSPI/KOSDAQ,2512,O,O,O,O,O,O,O,O,O,O,0
018000,유니슨,KOSPI/KOSDAQ,29119,O,O,O,O,O,O,O,O,O,O,0
018120,진로발효,KOSPI/KOSDAQ,11121,O,O,O,O,O,O,O,O,O,O,0
018180,텔슨정보통신(주),KOSPI/KOSDAQ,2642,X,X,X,X,X,X,X,X,X,X,6
018250,애경산업,KOSPI/KOSDAQ,20422,O,O,O,O,O,O,O,O,O,O,0
018260,삼성에스디에스,KOSPI/KOSDAQ,62021,O,O,O,O,O,O,O,O,O,O,0
018290,브이티,KOSPI/KOSDAQ,204,O,O,O,O,O,O,O,O,O,O,0
018310,삼목에스폼,KOSPI/KOSDAQ,2511,O,O,O,O,O,O,O,O,O,O,0
018410,(주)현대금속,KOSPI/KOSDAQ,25932,X,X,X,X,X,X,X,X,X,X,6
018470,조일알미늄,KOSPI/KOSDAQ,24222,O,O,O,O,O,O,O,O,O,O,0
018500,동원금속,KOSPI/KOSDAQ,303,O,O,O,O,O,O,O,X,X,X,0
018620,우진비앤지,KOSPI/KOSDAQ,21230,O,O,O,O,O,O,O,O,O,O,0
018670,SK가스,KOSPI/KOSDAQ,46713,O,O,O,O,O,O,O,O,O,O,0
018680,서울제약,KOSPI/KOSDAQ,2121,O,O,O,O,O,O,O,O,O,O,0
018700,졸스,KOSPI/KOSDAQ,464,O,O,O,O,O,O,O,O,O,O,0
018880,한온시스템,KOSPI/KOSDAQ,29172,O,O,O,O,O,O,O,O,O,O,0
018890,브이오산업(주),KOSPI/KOSDAQ,2229,X,X,X,X,X,X,X,X,X,X,6
019010,베뉴지,KOSPI/KOSDAQ,47111,O,O,O,O,O,O,O,O,O,O,0
019120,(주)경윤하이드로에너지,KOSPI/KOSDAQ,291,X,X,X,X,X,X,X,X,X,X,6
019170,신풍제약,KOSPI/KOSDAQ,212,O,O,O,O,O,O,O,O,O,O,0
019180,티에이치엔,KOSPI/KOSDAQ,289,O,O,O,O,O,O,O,O,O,O,0
019210,와이지-원,KOSPI/KOSDAQ,25934,O,O,O,O,O,O,O,O,O,O,0
019260,(주)셀텍,KOSPI/KOSDAQ,13101,X,X,X,X,X,X,X,X,X,X,6
019300,태림페이퍼(주),KOSPI/KOSDAQ,1710,X,X,X,X,X,X,X,X,X,X,6
019430,위더스기술금융(주),KOSPI/KOSDAQ,64209,X,X,X,X,X,X,X,X,X,X,6
019440,(주)세아특수강,KOSPI/KOSDAQ,24122,O,O,X,O,O,O,O,X,X,X,1
019490,엑시큐어하이트론,KOSPI/KOSDAQ,265,O,O,O,O,O,O,O,O,O,O,0
019540,일지테크,KOSPI/KOSDAQ,303,O,O,O,O,O,O,O,O,O,O,0
019550,SBI인베스트먼트,KOSPI/KOSDAQ,64209,O,O,O,O,O,O,O,O,X,X,0
019560,한국투자파트너스(주),KOSPI/KOSDAQ,64209,X,X,X,X,X,X,X,X,X,X,6
019570,플루토스,KOSPI/KOSDAQ,64209,O,O,O,O,O,O,O,O,X,X,0
019590,(주)에스유앤피,KOSPI/KOSDAQ,64209,O,X,X,X,O,X,X,X,X,X,4
019640,(주)희훈디앤지,KOSPI/KOSDAQ,42,X,X,X,X,X,X,X,X,X,X,6
019660,글로본,KOSPI/KOSDAQ,468,O,O,O,O,O,O,O,O,O,O,0
019680,대교,KOSPI/KOSDAQ,851,O,O,O,O,O,O,O,O,O,O,0
019770,서연탑메탈,KOSPI/KOSDAQ,292,O,O,O,O,O,O,O,O,O,O,0
019930,기라정보통신(주),KOSPI/KOSDAQ,2642,X,X,X,X,X,X,X,X,X,X,6
019990,에너토크,KOSPI/KOSDAQ,29133,O,O,O,O,O,O,O,O,O,O,0
020000,한섬,KOSPI/KOSDAQ,14112,O,O,O,O,O,O,O,O,O,O,0
020070,(주)에버리소스,KOSPI/KOSDAQ,46510,X,X,X,X,X,X,X,X,X,X,6
020120,키다리스튜디오,KOSPI/KOSDAQ,631,O,O,O,O,O,O,O,O,O,O,0
020150,롯데에너지머티리얼즈,KOSPI/KOSDAQ,2629,O,O,O,O,O,O,O,O,O,O,0
020180,대신정보통신,KOSPI/KOSDAQ,62021,O,O,O,O,O,O,O,X,X,X,0
020400,대동금속,KOSPI/KOSDAQ,24312,O,O,O,O,O,O,O,O,O,O,0
020560,아시아나항공,KOSPI/KOSDAQ,511,O,O,O,O,O,O,O,O,O,O,0
020710,시공테크,KOSPI/KOSDAQ,732,O,O,O,O,O,O,O,O,O,O,0
020760,일진디스플,KOSPI/KOSDAQ,261,O,O,O,O,O,O,O,O,O,O,0
021040,대호특수강,KOSPI/KOSDAQ,24123,O,O,O,O,O,O,O,O,O,O,0
021050,서원,KOSPI/KOSDAQ,243,O,O,O,O,O,O,O,O,O,O,0
021060,한림창업투자(주),KOSPI/KOSDAQ,64209,X,X,X,X,X,X,X,X,X,X,6
021080,에이티넘인베스트,KOSPI/KOSDAQ,64209,O,O,O,O,O,O,O,O,X,X,0
021240,코웨이,KOSPI/KOSDAQ,969,O,O,O,O,O,O,O,O,O,O,0
021320,KCC건설,KOSPI/KOSDAQ,41112,O,O,O,O,O,O,O,O,X,X,0
021570,알루코(주),KOSPI/KOSDAQ,26293,X,X,X,X,X,X,X,X,X,X,6
021650,한국큐빅,KOSPI/KOSDAQ,2229,O,O,O,O,O,O,O,O,O,O,0
021820,세원정공,KOSPI/KOSDAQ,303,O,O,O,O,O,O,O,X,X,X,0
021880,메이슨캐피탈,KOSPI/KOSDAQ,64911,O,O,O,O,O,O,O,X,X,X,0
021960,케이비캐피탈(주),KOSPI/KOSDAQ,64911,O,O,X,X,O,O,O,X,X,X,2
022100,포스코DX,KOSPI/KOSDAQ,72129,O,O,O,O,O,O,O,O,O,O,0
022220,티케이지애강,KOSPI/KOSDAQ,22211,O,O,O,O,O,O,O,O,O,O,0
022520,코오롱아이넷(주),KOSPI/KOSDAQ,58221,X,X,X,X,X,X,X,X,X,X,6
023000,삼원강재,KOSPI/KOSDAQ,303,O,O,O,O,O,O,O,O,O,O,0
023020,동양매직(주),KOSPI/KOSDAQ,28519,X,X,X,X,X,X,X,X,X,X,6
023150,MH에탄올,KOSPI/KOSDAQ,11121,O,O,O,O,O,O,O,O,O,O,0
023160,태광,KOSPI/KOSDAQ,2413,O,O,O,O,O,O,O,O,O,O,0
023350,한국종합기술,KOSPI/KOSDAQ,72121,O,O,O,O,O,O,O,O,O,O,0
023410,유진기업,KOSPI/KOSDAQ,23322,O,O,O,O,O,O,O,O,O,O,0
023420,유진종합개발(주),KOSPI/KOSDAQ,23322,X,X,X,X,X,X,X,X,X,X,6
023430,아이이(주),KOSPI/KOSDAQ,467,X,X,X,X,X,X,X,X,X,X,6
023440,제이스코홀딩스,KOSPI/KOSDAQ,24121,O,O,O,O,O,O,O,O,X,X,0
023450,동남합성,KOSPI/KOSDAQ,201,O,O,O,O,O,O,O,O,O,O,0
023460,씨앤에이치(주),KOSPI/KOSDAQ,649,O,O,X,O,O,O,O,X,X,X,1
023530,롯데쇼핑,KOSPI/KOSDAQ,47111,O,O,O,O,O,O,O,O,O,O,0
023590,다우기술,KOSPI/KOSDAQ,631,O,O,O,O,O,O,O,O,O,O,0
023600,삼보판지,KOSPI/KOSDAQ,171,O,O,O,O,O,O,O,O,O,O,0
023670,(주)알이네트웍스,KOSPI/KOSDAQ,28303,X,X,X,X,X,X,X,X,X,X,6
023760,한국캐피탈,KOSPI/KOSDAQ,64911,O,O,O,X,O,O,O,O,X,X,1
023770,플레이위드,KOSPI/KOSDAQ,582,O,O,O,O,O,O,O,O,O,O,0
023790,동일스틸럭스,KOSPI/KOSDAQ,24121,O,O,O,O,O,O,O,O,O,O,0
023800,인지컨트롤스,KOSPI/KOSDAQ,30310,O,O,O,O,O,O,O,O,O,O,0
023810,인팩,KOSPI/KOSDAQ,303,O,O,O,O,O,O,O,O,O,O,0
023890,주식회사 한국아트라스비엑스,KOSPI/KOSDAQ,28202,X,X,X,X,X,X,X,X,X,X,6
023900,풍국주정,KOSPI/KOSDAQ,11121,O,O,O,O,O,O,O,O,O,O,0
023910,대한약품,KOSPI/KOSDAQ,212,O,O,O,O,O,O,O,O,O,O,0
023960,에쓰씨엔지니어링,KOSPI/KOSDAQ,41225,O,O,O,O,O,O,O,O,O,O,0
024060,흥구석유,KOSPI/KOSDAQ,46712,O,O,O,O,O,O,O,O,O,O,0
024070,WISCOM,KOSPI/KOSDAQ,22299,O,O,O,O,O,O,O,O,O,O,0
024090,디씨엠,KOSPI/KOSDAQ,2419,O,O,O,O,O,O,O,O,O,O,0
024100,(주)제일저축은행,KOSPI/KOSDAQ,64131,X,X,X,X,X,X,X,X,X,X,6
024110,기업은행,KOSPI/KOSDAQ,64121,O,O,O,X,O,O,O,O,X,X,1
024120,KB오토시스,KOSPI/KOSDAQ,303,O,O,O,O,O,O,O,O,O,O,0
024660,하림홀딩스,KOSPI/KOSDAQ,64992,X,X,X,X,X,X,X,X,X,X,6
024720,콜마홀딩스,KOSPI/KOSDAQ,64992,O,O,O,O,O,O,O,O,X,X,0
024740,한일단조,KOSPI/KOSDAQ,303,O,O,O,O,O,O,O,O,O,O,0
024800,유성티엔에스,KOSPI/KOSDAQ,492,O,O,O,O,O,O,O,O,O,O,0
024810,이화전기공업(주),KOSPI/KOSDAQ,2811,O,O,X,O,O,O,O,X,X,X,1
024830,세원물산,KOSPI/KOSDAQ,303,O,O,O,O,O,O,O,O,O,O,0
024840,KBI메탈,KOSPI/KOSDAQ,242,O,O,O,O,O,O,O,O,O,O,0
024850,HLB이노베이션,KOSPI/KOSDAQ,2629,O,O,O,O,O,O,O,O,O,O,0
024870,(주)유성티에스아이,KOSPI/KOSDAQ,259,X,X,X,X,X,X,X,X,X,X,6
024880,케이피에프,KOSPI/KOSDAQ,259,O,O,O,O,O,O,O,O,O,O,0
024890,대원화성,KOSPI/KOSDAQ,22214,O,O,O,O,O,O,O,O,O,O,0
024900,디와이덕양,KOSPI/KOSDAQ,303,O,O,O,O,O,O,O,O,O,O,0
024910,경창산업,KOSPI/KOSDAQ,30331,O,O,O,O,O,O,O,O,O,O,0
024940,PN풍년,KOSPI/KOSDAQ,464,O,O,O,O,O,O,O,O,O,O,0
024950,삼천리자전거,KOSPI/KOSDAQ,46465,O,O,O,O,O,O,O,O,O,O,0
025000,KPX케미칼,KOSPI/KOSDAQ,20119,O,O,O,O,O,O,O,O,O,O,0
025270,부산방직공업(주),KOSPI/KOSDAQ,131,X,X,X,X,X,X,X,X,X,X,6
025320,시노펙스,KOSPI/KOSDAQ,2629,O,O,O,O,O,O,O,O,O,O,0
025340,그린기술투자(주),KOSPI/KOSDAQ,64209,X,X,X,X,O,O,X,X,X,X,4
025440,DH오토웨어,KOSPI/KOSDAQ,265,O,O,O,O,O,O,O,O,O,O,0
025450,(주)한마음상호저축은행,KOSPI/KOSDAQ,64131,X,X,X,X,X,X,X,X,X,X,6
025460,(주)팬텀엔터테인먼트그룹,KOSPI/KOSDAQ,73901,X,X,X,X,X,X,X,X,X,X,6
025530,SJM홀딩스,KOSPI/KOSDAQ,452,O,O,O,O,O,O,O,O,X,X,0
025540,한국단자,KOSPI/KOSDAQ,2812,O,O,O,O,O,O,O,O,O,O,0
025550,한국선재,KOSPI/KOSDAQ,24123,O,O,O,O,O,O,O,O,O,O,0
025560,미래산업,KOSPI/KOSDAQ,27219,O,O,O,O,O,O,O,O,O,O,0
025610,한국저축은행(주),KOSPI/KOSDAQ,64131,X,X,X,X,X,X,X,X,X,X,6
025620,차AI헬스케어,KOSPI/KOSDAQ,204,O,O,O,O,O,O,O,O,O,O,0
025690,(주)동방라이텍,KOSPI/KOSDAQ,28410,X,X,X,X,X,X,X,X,X,X,6
025750,한솔홈데코,KOSPI/KOSDAQ,161,O,O,O,O,O,O,O,O,O,O,0
025770,한국정보통신,KOSPI/KOSDAQ,61299,O,O,O,O,O,O,O,O,O,O,0
025820,이구산업,KOSPI/KOSDAQ,24221,O,O,O,O,O,O,O,O,O,O,0
025830,한국합섬(주),KOSPI/KOSDAQ,13213,X,X,X,X,X,X,X,X,X,X,6
025850,한화화인케미칼(주),KOSPI/KOSDAQ,20119,X,X,X,X,X,X,X,X,X,X,6
025860,남해화학,KOSPI/KOSDAQ,20312,O,O,O,O,O,O,O,O,O,O,0
025870,신라에스지,KOSPI/KOSDAQ,463,O,O,O,O,O,O,O,O,O,O,0
025880,케이씨피드,KOSPI/KOSDAQ,109,O,O,O,O,O,O,O,O,O,O,0
025890,한국주강,KOSPI/KOSDAQ,292,O,O,O,O,O,O,O,O,O,O,0
025900,동화기업,KOSPI/KOSDAQ,16212,O,O,O,O,O,O,O,O,O,O,0
025920,우경(주),KOSPI/KOSDAQ,2419,X,X,X,X,X,X,X,X,X,X,6
025930,주식회사 팬택자산관리,KOSPI/KOSDAQ,2642,X,X,X,X,X,X,X,X,X,X,6
025950,동신건설,KOSPI/KOSDAQ,41221,O,O,O,O,O,O,O,O,O,O,0
025970,(주)알덱스,KOSPI/KOSDAQ,24222,X,X,X,X,X,X,X,X,X,X,6
025980,아난티,KOSPI/KOSDAQ,551,O,O,O,O,O,O,O,O,O,O,0
026040,제이에스티나,KOSPI/KOSDAQ,331,O,O,O,O,O,O,O,O,O,O,0
026150,특수건설,KOSPI/KOSDAQ,412,O,O,O,O,O,O,O,O,O,O,0
026180,현대정보기술(주),KOSPI/KOSDAQ,62021,X,X,X,X,X,X,X,X,X,X,6
026220,(주)에스티씨 라이프,KOSPI/KOSDAQ,47813,X,X,X,X,O,O,X,X,X,X,4
026230,(주)아이디에이치,KOSPI/KOSDAQ,2922,X,X,X,X,X,X,X,X,X,X,6
026250,(주)삼우이엠씨,KOSPI/KOSDAQ,25112,X,X,X,X,X,X,X,X,X,X,6
026260,(주)위너지스,KOSPI/KOSDAQ,468,X,X,X,X,X,X,X,X,X,X,6
026540,제일창업투자(주),KOSPI/KOSDAQ,64209,X,X,X,X,X,X,X,X,X,X,6
026870,코원에너지서비스(주),KOSPI/KOSDAQ,35200,X,X,X,X,X,X,X,X,X,X,6
026890,스틱인베스트먼트,KOSPI/KOSDAQ,64201,O,O,O,O,O,O,O,O,X,X,0
026910,광진실업,KOSPI/KOSDAQ,24121,O,O,O,O,O,O,O,O,O,O,0
026940,부국철강,KOSPI/KOSDAQ,2413,O,O,O,O,O,O,O,O,O,O,0
026960,동서,KOSPI/KOSDAQ,4632,O,O,O,O,O,O,O,O,O,O,0
026970,(주)대백저축은행,KOSPI/KOSDAQ,64132,X,X,X,X,O,O,X,X,X,X,4
027040,서울전자통신,KOSPI/KOSDAQ,281,O,O,O,O,O,O,O,O,O,O,0
027050,코리아나,KOSPI/KOSDAQ,20423,O,O,O,O,O,O,O,O,O,O,0
027350,텔슨전자(주),KOSPI/KOSDAQ,26410,X,X,X,X,X,X,X,X,X,X,6
027360,아주IB투자,KOSPI/KOSDAQ,649,O,O,O,X,O,O,O,O,O,O,1
027390,(주)한화갤러리아타임월드,KOSPI/KOSDAQ,47111,X,X,X,X,X,X,X,X,X,X,6
027410,BGF,KOSPI/KOSDAQ,64992,O,O,O,O,O,O,O,O,O,O,0
027440,코리아이앤디(주),KOSPI/KOSDAQ,28202,X,X,X,X,X,X,X,X,X,X,6
027580,상보,KOSPI/KOSDAQ,222,O,O,O,O,O,O,O,O,O,O,0
027700,(주)대백쇼핑,KOSPI/KOSDAQ,47111,X,X,X,X,X,X,X,X,X,X,6
027710,팜스토리,KOSPI/KOSDAQ,109,O,O,O,O,O,O,O,O,O,O,0
027740,마니커,KOSPI/KOSDAQ,1012,O,O,O,O,O,O,O,O,O,O,0
027830,대성창투,KOSPI/KOSDAQ,64209,O,O,O,O,O,O,O,O,X,X,0
027840,한국고덴시(주),KOSPI/KOSDAQ,2612,X,X,X,X,X,X,X,X,X,X,6
027970,한국제지,KOSPI/KOSDAQ,171,O,O,O,O,O,O,O,O,O,O,0
028040,(주)미래SCI,KOSPI/KOSDAQ,461,X,X,X,X,X,X,X,X,X,X,6
028050,삼성E&A,KOSPI/KOSDAQ,72129,O,O,O,O,O,O,O,O,O,O,0
028080,휴맥스홀딩스,KOSPI/KOSDAQ,620,O,O,O,O,O,O,O,O,X,X,0
028090,(주)네오퍼플,KOSPI/KOSDAQ,1089,X,X,X,X,X,X,X,X,X,X,6
028100,동아지질,KOSPI/KOSDAQ,421,O,O,O,O,O,O,O,O,O,O,0
028150,(주)지에스홈쇼핑,KOSPI/KOSDAQ,602,X,X,X,X,X,X,X,X,X,X,6
028260,삼성물산,KOSPI/KOSDAQ,467,O,O,O,O,O,O,O,O,O,O,0
028300,HLB,KOSPI/KOSDAQ,213,O,O,O,O,O,O,O,O,O,O,0
028670,팬오션,KOSPI/KOSDAQ,50112,O,O,O,O,O,O,O,O,O,O,0
029460,케이씨,KOSPI/KOSDAQ,27216,O,O,O,O,O,O,O,O,O,O,0
029480,광무,KOSPI/KOSDAQ,26410,O,O,O,O,O,O,O,O,O,O,0
029530,신도리코,KOSPI/KOSDAQ,263,O,O,O,O,O,O,O,O,O,O,0
029780,삼성카드,KOSPI/KOSDAQ,64913,O,O,O,O,O,O,O,O,O,O,0
029960,(주)코엔텍,KOSPI/KOSDAQ,353,O,O,X,O,O,O,O,X,X,X,1
030000,제일기획,KOSPI/KOSDAQ,71310,O,O,O,O,O,O,O,O,O,O,0
030030,(주)중앙디자인,KOSPI/KOSDAQ,73201,X,X,X,X,X,X,X,X,X,X,6
030190,NICE평가정보,KOSPI/KOSDAQ,63991,O,O,O,O,O,O,O,O,O,O,0
030200,KT,KOSPI/KOSDAQ,612,O,O,O,O,O,O,O,O,O,O,0
030210,다올투자증권,KOSPI/KOSDAQ,661,O,O,O,O,O,O,O,O,X,X,0
030270,(주)에스마크,KOSPI/KOSDAQ,13101,X,X,X,X,X,X,X,X,X,X,6
030350,드래곤플라이,KOSPI/KOSDAQ,5821,O,O,O,O,O,O,O,O,O,O,0
030390,(주)쏠라엔텍,KOSPI/KOSDAQ,46599,X,X,X,X,X,X,X,X,X,X,6
030420,(주)디패션,KOSPI/KOSDAQ,63991,X,X,X,X,X,X,X,X,X,X,6
030520,한글과컴퓨터,KOSPI/KOSDAQ,582,O,O,O,O,O,O,O,O,O,O,0
030530,원익홀딩스,KOSPI/KOSDAQ,201,O,O,O,O,O,O,O,O,X,X,0
030610,교보증권,KOSPI/KOSDAQ,66121,O,O,O,O,O,O,O,O,X,X,0
030720,동원수산,KOSPI/KOSDAQ,03111,O,O,O,O,O,O,O,O,O,O,0
030790,비케이탑스(주),KOSPI/KOSDAQ,620,X,X,X,X,X,X,X,X,X,X,6
030950,(주)보진재,KOSPI/KOSDAQ,18113,X,X,X,X,X,X,X,X,X,X,6
030960,양지사,KOSPI/KOSDAQ,1811,O,O,O,O,O,O,O,X,X,X,0
031150,(주)국민은행,KOSPI/KOSDAQ,64121,X,X,X,X,X,X,X,X,X,X,6
031210,서울보증보험,KOSPI/KOSDAQ,65122,O,O,O,O,O,O,O,O,X,X,0
031310,아이즈비전,KOSPI/KOSDAQ,612,O,O,O,O,O,O,O,O,O,O,0
031330,에스에이엠티,KOSPI/KOSDAQ,4659,O,O,O,O,O,O,O,O,O,O,0
031390,(주)녹십자셀,KOSPI/KOSDAQ,21100,X,X,X,X,X,X,X,X,X,X,6
031430,신세계인터내셔날,KOSPI/KOSDAQ,4741,O,O,O,O,O,O,O,O,O,O,0
031440,신세계푸드,KOSPI/KOSDAQ,561,O,O,O,O,O,O,O,O,O,O,0
031510,오스템,KOSPI/KOSDAQ,303,O,O,O,O,O,O,O,O,O,O,0
031800,(주)에스티앤아이,KOSPI/KOSDAQ,2611,X,X,X,X,X,X,X,X,X,X,6
031820,아이티센씨티에스,KOSPI/KOSDAQ,6201,O,O,O,O,O,O,O,O,O,O,0
031860,디에이치엑스컴퍼니,KOSPI/KOSDAQ,46800,O,O,O,O,O,O,O,O,O,O,0
031920,(주)조은저축은행,KOSPI/KOSDAQ,64132,X,X,X,X,X,X,X,X,X,X,6
031950,(주)에듀패스,KOSPI/KOSDAQ,263,X,X,X,X,X,X,X,X,X,X,6
031960,동산진흥(주),KOSPI/KOSDAQ,14111,X,X,X,X,X,X,X,X,X,X,6
031970,엠바이엔(주),KOSPI/KOSDAQ,263,X,X,X,X,X,X,X,X,X,X,6
031980,피에스케이홀딩스,KOSPI/KOSDAQ,29271,O,O,O,O,O,O,O,O,X,X,0
031990,대선조선(주),KOSPI/KOSDAQ,3111,O,O,X,O,O,O,O,X,X,X,1
032030,(주)일공공일안경콘택트,KOSPI/KOSDAQ,46493,X,X,X,X,X,X,X,X,X,X,6
032040,(주)씨앤에스자산관리,KOSPI/KOSDAQ,759,O,O,X,O,O,O,O,X,X,X,1
032050,후야인포넷(주),KOSPI/KOSDAQ,26410,X,X,X,X,X,X,X,X,X,X,6
032080,아즈텍WB,KOSPI/KOSDAQ,13402,O,O,O,O,O,O,O,O,O,O,0
032150,(주)으뜸상호저축은행,KOSPI/KOSDAQ,64132,X,X,X,X,X,X,X,X,X,X,6
032180,이수세라믹(주),KOSPI/KOSDAQ,2629,X,X,X,X,X,X,X,X,X,X,6
032190,다우데이타,KOSPI/KOSDAQ,46510,O,O,O,O,O,O,O,O,O,O,0
032280,삼일,KOSPI/KOSDAQ,49309,O,O,O,O,O,O,O,O,O,O,0
032290,케이디지엠텍(주),KOSPI/KOSDAQ,26410,X,X,X,X,X,X,X,X,X,X,6
032300,한국파마,KOSPI/KOSDAQ,212,O,O,O,O,O,O,O,O,O,O,0
032350,롯데관광개발,KOSPI/KOSDAQ,75210,O,O,O,O,O,O,O,O,O,O,0
032380,(주)핸디소프트,KOSPI/KOSDAQ,58221,X,X,X,X,X,X,X,X,X,X,6
032390,(주)케이티프리텔,KOSPI/KOSDAQ,61220,X,X,X,X,X,X,X,X,X,X,6
032420,(주)터보테크,KOSPI/KOSDAQ,2642,X,X,X,X,X,X,X,X,X,X,6
032500,케이엠더블유,KOSPI/KOSDAQ,2642,O,O,O,O,O,O,O,O,O,O,0
032540,TJ미디어,KOSPI/KOSDAQ,265,O,O,O,O,O,O,O,O,O,O,0
032560,황금에스티,KOSPI/KOSDAQ,24290,O,O,O,O,O,O,O,O,O,O,0
032570,(주)카라반케이디이,KOSPI/KOSDAQ,26310,X,X,X,X,X,X,X,X,X,X,6
032580,피델릭스,KOSPI/KOSDAQ,2611,O,O,O,O,O,O,O,O,O,O,0
032590,엔토리노(주),KOSPI/KOSDAQ,2642,X,X,X,X,X,X,X,X,X,X,6
032600,주식회사 애드모바일,KOSPI/KOSDAQ,58221,X,X,X,X,X,X,X,X,X,X,6
032610,(주)에스오케이,KOSPI/KOSDAQ,75310,X,X,X,X,X,X,X,X,X,X,6
032620,GC메디아이,KOSPI/KOSDAQ,58221,O,O,O,O,O,O,O,O,O,O,0
032640,LG유플러스,KOSPI/KOSDAQ,61220,O,O,O,O,O,O,O,O,O,O,0
032680,소프트센,KOSPI/KOSDAQ,639,O,O,O,O,O,O,O,O,O,O,0
032710,신한카드(주),KOSPI/KOSDAQ,64913,O,O,X,X,O,O,O,X,X,X,2
032750,삼진,KOSPI/KOSDAQ,264,O,O,O,O,O,O,O,O,O,O,0
032790,엠젠솔루션,KOSPI/KOSDAQ,46510,O,O,O,O,O,O,O,O,O,O,0
032800,판타지오,KOSPI/KOSDAQ,901,O,O,O,O,O,O,O,X,X,X,0
032820,우리기술,KOSPI/KOSDAQ,281,O,O,O,O,O,O,O,O,O,O,0
032830,삼성생명,KOSPI/KOSDAQ,65110,O,O,O,X,O,O,O,O,X,X,1
032850,비트컴퓨터,KOSPI/KOSDAQ,58221,O,O,O,O,O,O,O,O,O,O,0
032860,더라미,KOSPI/KOSDAQ,383,O,O,O,O,O,O,O,O,O,O,0
032930,(주)에이스 앤 파트너스,KOSPI/KOSDAQ,2642,X,X,X,X,X,X,X,X,X,X,6
032940,원익,KOSPI/KOSDAQ,4659,O,O,O,O,O,O,O,O,O,O,0
032960,동일기연,KOSPI/KOSDAQ,2629,O,O,O,O,O,O,O,O,O,O,0
032980,바이온,KOSPI/KOSDAQ,463,O,O,O,O,O,O,O,O,O,O,0
033020,(주)세아메탈,KOSPI/KOSDAQ,24122,X,X,X,X,X,X,X,X,X,X,6
033030,(주)지오엠씨,KOSPI/KOSDAQ,26,X,X,X,X,O,O,X,X,X,X,4
033050,제이엠아이,KOSPI/KOSDAQ,204,O,O,O,O,O,O,O,O,O,O,0
033100,제룡전기,KOSPI/KOSDAQ,2811,O,O,O,O,O,O,O,O,O,O,0
033110,(주)코너스톤네트웍스,KOSPI/KOSDAQ,471,X,X,X,X,X,X,X,X,X,X,6
033130,디지틀조선,KOSPI/KOSDAQ,631,O,O,O,O,O,O,O,O,O,O,0
033160,엠케이전자,KOSPI/KOSDAQ,262,O,O,O,O,O,O,O,O,O,O,0
033170,시그네틱스,KOSPI/KOSDAQ,2612,O,O,O,O,O,O,O,O,O,O,0
033180,케이에이치필룩스(주),KOSPI/KOSDAQ,2629,O,O,X,O,O,O,O,X,X,X,1
033190,(주)폴켐,KOSPI/KOSDAQ,2219,X,X,X,X,X,X,X,X,X,X,6
033200,모아텍,KOSPI/KOSDAQ,2629,O,O,O,O,O,O,O,X,X,X,0
033210,삼화기연(주),KOSPI/KOSDAQ,2811,X,X,X,X,X,X,X,X,X,X,6
033220,(주)피엔에스커튼월,KOSPI/KOSDAQ,24222,X,X,X,X,X,X,X,X,X,X,6
033230,인성정보,KOSPI/KOSDAQ,62021,O,O,O,O,O,O,O,O,O,O,0
033240,자화전자,KOSPI/KOSDAQ,26292,O,O,O,O,O,O,O,O,O,O,0
033250,체시스,KOSPI/KOSDAQ,303,O,O,O,O,O,O,O,O,O,O,0
033260,(주)쌈지,KOSPI/KOSDAQ,15121,X,X,X,X,X,X,X,X,X,X,6
033270,유나이티드제약,KOSPI/KOSDAQ,212,O,O,O,O,O,O,O,O,O,O,0
033280,어울림엘시스(주),KOSPI/KOSDAQ,58221,X,X,X,X,X,X,X,X,X,X,6
033290,로젠,KOSPI/KOSDAQ,474,O,O,O,O,O,O,O,O,O,O,0
033310,엠투엔,KOSPI/KOSDAQ,26299,O,O,O,O,O,O,O,O,O,O,0
033320,제이씨현시스템,KOSPI/KOSDAQ,46510,O,O,O,O,O,O,O,O,O,O,0
033330,(주)두림티앤씨,KOSPI/KOSDAQ,22214,X,X,X,X,X,X,X,X,X,X,6
033340,좋은사람들,KOSPI/KOSDAQ,14120,O,O,O,O,O,O,O,O,O,O,0
033430,디에스티(주),KOSPI/KOSDAQ,292,O,X,X,O,O,O,X,X,X,X,2
033500,동성화인텍,KOSPI/KOSDAQ,201,O,O,O,O,O,O,O,O,O,O,0
033530,SJG세종,KOSPI/KOSDAQ,303,O,O,O,O,O,O,O,O,O,O,0
033540,파라텍,KOSPI/KOSDAQ,292,O,O,O,O,O,O,O,O,O,O,0
033550,일레덱스홀딩스(주),KOSPI/KOSDAQ,46711,X,X,X,X,O,O,X,X,X,X,4
033560,블루콤,KOSPI/KOSDAQ,26529,O,O,O,O,O,O,O,O,O,O,0
033600,럭슬(주),KOSPI/KOSDAQ,303,X,X,X,X,X,X,X,X,X,X,6
033630,에스케이브로드밴드(주),KOSPI/KOSDAQ,61210,O,O,X,O,O,O,O,X,X,X,1
033640,네패스,KOSPI/KOSDAQ,261,O,O,O,O,O,O,O,O,O,O,0
033660,우리금융캐피탈(주),KOSPI/KOSDAQ,64911,O,O,X,O,O,O,O,X,X,X,1
033720,(주)블루스톤디앤아이,KOSPI/KOSDAQ,58221,X,X,X,X,X,X,X,X,X,X,6
033780,KT&G,KOSPI/KOSDAQ,12000,O,O,O,O,O,O,O,O,O,O,0
033790,피노,KOSPI/KOSDAQ,282,O,O,O,O,O,O,O,O,O,O,0
033830,티비씨,KOSPI/KOSDAQ,60210,O,O,O,O,O,O,O,O,O,O,0
033850,(주)지노시스템,KOSPI/KOSDAQ,58222,X,X,X,X,X,X,X,X,X,X,6
033880,(주)룩소네이트,KOSPI/KOSDAQ,14120,X,X,X,X,X,X,X,X,X,X,6
033920,무학,KOSPI/KOSDAQ,11122,O,O,O,O,O,O,O,O,O,O,0
034010,(주)트라이써클,KOSPI/KOSDAQ,85503,X,X,X,X,X,X,X,X,X,X,6
034020,두산에너빌리티,KOSPI/KOSDAQ,29119,O,O,O,O,O,O,O,O,O,O,0
034120,SBS,KOSPI/KOSDAQ,60210,O,O,O,O,O,O,O,O,O,O,0
034220,LG디스플레이,KOSPI/KOSDAQ,2621,O,O,O,O,O,O,O,O,O,O,0
034230,파라다이스,KOSPI/KOSDAQ,91249,O,O,O,O,O,O,O,O,O,O,0
034300,신세계건설(주),KOSPI/KOSDAQ,4112,O,O,X,O,O,O,O,X,X,X,1
034310,NICE,KOSPI/KOSDAQ,715,O,O,O,O,O,O,O,O,X,X,0
034510,무한투자(주),KOSPI/KOSDAQ,64209,X,X,X,X,X,X,X,X,X,X,6
034590,인천도시가스,KOSPI/KOSDAQ,35200,O,O,O,O,O,O,O,O,O,O,0
034600,글로웍스(주),KOSPI/KOSDAQ,58221,X,X,X,X,X,X,X,X,X,X,6
034660,제넥셀세인(주),KOSPI/KOSDAQ,27111,X,X,X,X,X,X,X,X,X,X,6
034730,SK,KOSPI/KOSDAQ,64992,O,O,O,O,O,O,O,O,O,O,0
034750,(주)현대에이치씨엔동작방송,KOSPI/KOSDAQ,60222,X,X,X,X,X,X,X,X,X,X,6
034810,해성산업,KOSPI/KOSDAQ,649,O,O,O,O,O,O,O,O,O,O,0
034830,한국토지신탁,KOSPI/KOSDAQ,642,O,O,O,O,O,O,O,O,X,X,0
034940,조아제약,KOSPI/KOSDAQ,212,O,O,O,O,O,O,O,O,O,O,0
034950,한국기업평가,KOSPI/KOSDAQ,75993,O,O,O,O,O,O,O,O,O,O,0
035000,HS애드,KOSPI/KOSDAQ,71310,O,O,O,O,O,O,O,O,O,O,0
035010,(주)소예,KOSPI/KOSDAQ,467,X,X,X,X,X,X,X,X,X,X,6
035080,그래디언트,KOSPI/KOSDAQ,479,O,O,O,O,O,O,O,O,O,O,0
035150,백산,KOSPI/KOSDAQ,22214,O,O,O,O,O,O,O,O,O,O,0
035200,프럼파스트,KOSPI/KOSDAQ,22211,O,O,O,O,O,O,O,O,O,O,0
035210,(주)티브로드도봉강북방송,KOSPI/KOSDAQ,60222,X,X,X,X,X,X,X,X,X,X,6
035250,강원랜드,KOSPI/KOSDAQ,91249,O,O,O,O,O,O,O,O,O,O,0
035270,(주)청람디지탈,KOSPI/KOSDAQ,2642,X,X,X,X,X,X,X,X,X,X,6
035290,골드앤에스,KOSPI/KOSDAQ,581,O,O,O,O,O,O,O,O,O,O,0
035400,(주)쓰리디넷,KOSPI/KOSDAQ,58221,X,X,X,X,X,X,X,X,X,X,6
035420,NAVER,KOSPI/KOSDAQ,63120,O,O,O,O,O,O,O,O,O,O,0
035430,드림라인(주),KOSPI/KOSDAQ,61210,O,O,X,O,O,O,O,X,X,X,1
035450,(주)지아이바이오,KOSPI/KOSDAQ,62021,X,X,X,X,X,X,X,X,X,X,6
035460,기산텔레콤,KOSPI/KOSDAQ,2642,O,O,O,O,O,O,O,O,O,O,0
035480,(주)글로앤웰,KOSPI/KOSDAQ,46595,X,X,X,X,X,X,X,X,X,X,6
035500,(주)써니트렌드,KOSPI/KOSDAQ,59111,X,X,X,X,X,X,X,X,X,X,6
035510,신세계 I&C,KOSPI/KOSDAQ,62021,O,O,O,O,O,O,O,O,O,O,0
035600,KG이니시스,KOSPI/KOSDAQ,58221,O,O,O,O,O,O,O,O,O,O,0
035610,솔본,KOSPI/KOSDAQ,715,O,O,O,O,O,O,O,O,O,O,0
035620,바른손이앤에이,KOSPI/KOSDAQ,591,O,O,O,O,O,O,O,O,O,O,0
035710,(주)씨엘엘씨디,KOSPI/KOSDAQ,47919,X,X,X,X,X,X,X,X,X,X,6
035720,카카오,KOSPI/KOSDAQ,63120,O,O,O,O,O,O,O,O,O,O,0
035760,CJ ENM,KOSPI/KOSDAQ,602,O,O,O,O,O,O,O,O,O,O,0
035780,(주)그로웰텔레콤,KOSPI/KOSDAQ,26410,X,X,X,X,X,X,X,X,X,X,6
035810,이지홀딩스,KOSPI/KOSDAQ,109,O,O,O,O,O,O,O,O,X,X,0
035830,(주)메카포럼,KOSPI/KOSDAQ,90191,X,X,X,X,X,X,X,X,X,X,6
035870,주식회사 호성,KOSPI/KOSDAQ,13992,X,X,X,X,X,X,X,X,X,X,6
035890,서희건설,KOSPI/KOSDAQ,4112,O,O,O,O,O,O,O,O,O,O,0
035900,JYP Ent.,KOSPI/KOSDAQ,59201,O,O,O,O,O,O,O,O,O,O,0
035910,(주)현대멀티캡,KOSPI/KOSDAQ,26310,X,X,X,X,X,X,X,X,X,X,6
035950,(주)케이알,KOSPI/KOSDAQ,2511,X,X,X,X,X,X,X,X,X,X,6
035960,바이오시스,KOSPI/KOSDAQ,27111,X,X,X,X,X,X,X,X,X,X,6
036000,예림당,KOSPI/KOSDAQ,58113,O,O,O,O,O,O,O,O,O,O,0
036010,아비코전자,KOSPI/KOSDAQ,26293,O,O,O,O,O,O,O,O,O,O,0
036020,(주)한아시스템,KOSPI/KOSDAQ,26410,X,X,X,X,X,X,X,X,X,X,6
036030,케이티알파,KOSPI/KOSDAQ,461,O,O,O,O,O,O,O,O,O,O,0
036060,한강구조조정기금,KOSPI/KOSDAQ,66199,X,X,X,X,X,X,X,X,X,X,6
036090,위지트,KOSPI/KOSDAQ,29272,O,O,O,O,O,O,O,O,O,O,0
036120,서울평가정보,KOSPI/KOSDAQ,63991,O,O,O,O,O,O,O,O,O,O,0
036170,에이치엠넥스,KOSPI/KOSDAQ,2612,O,O,O,O,O,O,O,O,O,O,0
036180,지더블유바이텍(주),KOSPI/KOSDAQ,4659,O,X,X,O,O,X,X,X,X,X,3
036190,금화피에스시,KOSPI/KOSDAQ,423,O,O,O,O,O,O,O,O,O,O,0
036200,유니셈,KOSPI/KOSDAQ,29271,O,O,O,O,O,O,O,O,O,O,0
036210,태산엘시디(주),KOSPI/KOSDAQ,26211,X,X,X,X,X,X,X,X,X,X,6
036220,오상헬스케어,KOSPI/KOSDAQ,271,O,O,O,O,O,O,O,O,O,O,0
036260,(주)이매진아시아,KOSPI/KOSDAQ,591,X,X,X,X,X,X,X,X,X,X,6
036270,(주)헤쎄나,KOSPI/KOSDAQ,2642,X,X,X,X,X,X,X,X,X,X,6
036280,(주)남산물산,KOSPI/KOSDAQ,10899,X,X,X,X,X,X,X,X,X,X,6
036360,(주)쓰리소프트,KOSPI/KOSDAQ,58221,X,X,X,X,X,X,X,X,X,X,6
036420,콘텐트리중앙,KOSPI/KOSDAQ,591,O,O,O,O,O,O,O,O,O,O,0
036460,한국가스공사,KOSPI/KOSDAQ,35200,O,O,O,O,O,O,O,O,O,O,0
036480,대성미생물,KOSPI/KOSDAQ,21230,O,O,O,O,O,O,O,O,O,O,0
036490,에스케이 머티리얼즈(주),KOSPI/KOSDAQ,20122,X,X,X,X,X,X,X,X,X,X,6
036500,(주)에스에스컴텍,KOSPI/KOSDAQ,201,X,X,X,X,X,X,X,X,X,X,6
036530,SNT홀딩스,KOSPI/KOSDAQ,64992,O,O,O,O,O,O,O,O,X,X,0
036540,SFA반도체,KOSPI/KOSDAQ,2611,O,O,O,O,O,O,O,O,O,O,0
036550,(주)에이스디지텍,KOSPI/KOSDAQ,26211,X,X,X,X,X,X,X,X,X,X,6
036560,KZ정밀,KOSPI/KOSDAQ,29120,O,O,O,O,O,O,O,O,O,O,0
036570,NC,KOSPI/KOSDAQ,582,O,O,O,O,O,O,O,O,O,O,0
036580,팜스코,KOSPI/KOSDAQ,105,O,O,O,O,O,O,O,O,O,O,0
036590,(주)케이엔티,KOSPI/KOSDAQ,291,X,X,X,X,X,X,X,X,X,X,6
036600,(주)지니웍스,KOSPI/KOSDAQ,13219,X,X,X,X,X,X,X,X,X,X,6
036610,(주)지디코프,KOSPI/KOSDAQ,59114,X,X,X,X,X,X,X,X,X,X,6
036620,감성코퍼레이션,KOSPI/KOSDAQ,467,O,O,O,O,O,O,O,O,O,O,0
036630,세종텔레콤,KOSPI/KOSDAQ,423,O,O,O,O,O,O,O,O,O,O,0
036640,HRS,KOSPI/KOSDAQ,20201,O,O,O,O,O,O,O,O,O,O,0
036660,(주)플러스프로핏,KOSPI/KOSDAQ,58111,X,X,X,X,X,X,X,X,X,X,6
036670,삼양케이씨아이,KOSPI/KOSDAQ,20421,O,O,O,O,O,O,O,O,O,O,0
036690,코맥스,KOSPI/KOSDAQ,2642,O,O,O,O,O,O,O,O,O,O,0
036710,심텍홀딩스,KOSPI/KOSDAQ,715,O,O,O,O,O,O,O,O,X,X,0
036720,한빛네트,KOSPI/KOSDAQ,58221,X,X,X,X,X,X,X,X,X,X,6
036760,케이엔에스홀딩스(주),KOSPI/KOSDAQ,263,X,X,X,X,X,X,X,X,X,X,6
036790,(주)자강,KOSPI/KOSDAQ,2642,X,X,X,X,X,X,X,X,X,X,6
036800,나이스정보통신,KOSPI/KOSDAQ,61299,O,O,O,O,O,O,O,O,O,O,0
036810,에프에스티,KOSPI/KOSDAQ,2629,O,O,O,O,O,O,O,O,O,O,0
036820,(주)비이티,KOSPI/KOSDAQ,26410,X,X,X,X,X,X,X,X,X,X,6
036830,솔브레인홀딩스,KOSPI/KOSDAQ,715,O,O,O,O,O,O,O,O,X,X,0
036840,(주)휴코드홀딩스,KOSPI/KOSDAQ,70113,X,X,X,X,O,O,X,X,X,X,4
036850,(주)나리지*온,KOSPI/KOSDAQ,2612,X,X,X,X,X,X,X,X,X,X,6
036880,(주)맥시스템,KOSPI/KOSDAQ,26410,X,X,X,X,X,X,X,X,X,X,6
036890,진성티이씨,KOSPI/KOSDAQ,29241,O,O,O,O,O,O,O,O,O,O,0
036900,(주)이레아이엔씨,KOSPI/KOSDAQ,29180,X,X,X,X,X,X,X,X,X,X,6
036910,세원텔레콤(주),KOSPI/KOSDAQ,2642,X,X,X,X,X,X,X,X,X,X,6
036920,(주)지앤에스티,KOSPI/KOSDAQ,46103,X,X,X,X,X,X,X,X,X,X,6
036930,주성엔지니어링,KOSPI/KOSDAQ,29229,O,O,O,O,O,O,O,O,O,O,0
037010,넷컴스토리지,KOSPI/KOSDAQ,263,X,X,X,X,X,X,X,X,X,X,6
037020,(주)한와이어리스,KOSPI/KOSDAQ,62090,X,X,X,X,X,X,X,X,X,X,6
037030,파워넷,KOSPI/KOSDAQ,2811,O,O,O,O,O,O,O,O,O,O,0
037060,(주)시큐어소프트,KOSPI/KOSDAQ,58221,X,X,X,X,X,X,X,X,X,X,6
037070,파세코,KOSPI/KOSDAQ,28519,O,O,O,O,O,O,O,O,O,O,0
037110,제이에스(주),KOSPI/KOSDAQ,2642,X,X,X,X,X,X,X,X,X,X,6
037120,(주)한신코퍼레이션,KOSPI/KOSDAQ,59112,X,X,X,X,X,X,X,X,X,X,6
037150,씨제이인터넷(주),KOSPI/KOSDAQ,5821,X,X,X,X,X,X,X,X,X,X,6
037220,(주)넥스텔,KOSPI/KOSDAQ,58221,X,X,X,X,X,X,X,X,X,X,6
037230,한국팩키지,KOSPI/KOSDAQ,17223,O,O,O,O,O,O,O,O,O,O,0
037240,평안물산(주),KOSPI/KOSDAQ,261,X,X,X,X,X,X,X,X,X,X,6
037250,대흥멀티미디어통신(주),KOSPI/KOSDAQ,2642,X,X,X,X,X,X,X,X,X,X,6
037270,YG PLUS,KOSPI/KOSDAQ,631,O,O,O,O,O,O,O,O,O,O,0
037320,(주)시노펙스그린테크,KOSPI/KOSDAQ,46510,X,X,X,X,X,X,X,X,X,X,6
037330,인지디스플레,KOSPI/KOSDAQ,26211,O,O,O,O,O,O,O,O,O,O,0
037340,(주)에이치씨코퍼레이션,KOSPI/KOSDAQ,2642,O,O,X,O,O,O,O,X,X,X,1
037350,성도이엔지,KOSPI/KOSDAQ,721,O,O,O,O,O,O,O,O,O,O,0
037370,EG,KOSPI/KOSDAQ,201,O,O,O,O,O,O,O,O,O,O,0
037380,(주)에이원마이크로,KOSPI/KOSDAQ,141,X,X,X,X,X,X,X,X,X,X,6
037400,우리엔터프라이즈,KOSPI/KOSDAQ,468,O,O,O,O,O,O,O,O,O,O,0
037440,희림,KOSPI/KOSDAQ,72111,O,O,O,O,O,O,O,O,O,O,0
037460,삼지전자,KOSPI/KOSDAQ,2642,O,O,O,O,O,O,O,O,O,O,0
037500,미래에셋굿라이프혼합형자녀를위한펀드5-1,KOSPI/KOSDAQ,64201,X,X,X,X,X,X,X,X,X,X,6
037510,미래에셋굿라이프혼합형자녀를위한투자회사10-1,KOSPI/KOSDAQ,64201,X,X,X,X,X,X,X,X,X,X,6
037540,네스테크(주),KOSPI/KOSDAQ,27212,X,X,X,X,X,X,X,X,X,X,6
037550,(주)클라스타,KOSPI/KOSDAQ,58221,X,X,X,X,X,X,X,X,X,X,6
037560,LG헬로비전,KOSPI/KOSDAQ,60222,O,O,O,O,O,O,O,O,O,O,0
037600,(주)씨모스,KOSPI/KOSDAQ,29293,X,X,X,X,X,X,X,X,X,X,6
037620,미래에셋증권(주),KOSPI/KOSDAQ,66121,X,X,X,X,X,X,X,X,X,X,6
037630,(주)에스비엠,KOSPI/KOSDAQ,29180,X,X,X,X,X,X,X,X,X,X,6
037640,주식회사 지에스엔텍,KOSPI/KOSDAQ,25114,O,O,X,O,O,O,O,X,X,X,1
037650,(주)성진산업,KOSPI/KOSDAQ,25932,X,X,X,X,X,X,X,X,X,X,6
037700,토자이홀딩스 주식회사,KOSPI/KOSDAQ,4659,X,X,X,X,X,X,X,X,X,X,6
037710,광주신세계,KOSPI/KOSDAQ,47111,O,O,O,O,O,O,O,O,O,O,0
037730,쓰리알(주),KOSPI/KOSDAQ,26,X,X,X,X,X,X,X,X,X,X,6
037750,엔써커뮤니티 주식회사,KOSPI/KOSDAQ,62021,X,X,X,X,X,X,X,X,X,X,6
037760,쎄니트,KOSPI/KOSDAQ,24122,O,O,O,O,O,O,O,O,O,O,0
037830,(주)글로포스트,KOSPI/KOSDAQ,58221,X,X,X,X,X,X,X,X,X,X,6
037950,엘컴텍,KOSPI/KOSDAQ,26291,O,O,O,O,O,O,O,O,O,O,0
038010,제일테크노스,KOSPI/KOSDAQ,2511,O,O,O,O,O,O,O,O,O,O,0
038050,(주)트래픽아이티에스,KOSPI/KOSDAQ,28901,X,X,X,X,X,X,X,X,X,X,6
038060,루멘스,KOSPI/KOSDAQ,2612,O,O,O,O,O,O,O,O,O,O,0
038070,서린바이오,KOSPI/KOSDAQ,467,O,O,O,O,O,O,O,O,O,O,0
038100,(주)아이엠아이티,KOSPI/KOSDAQ,58221,X,X,X,X,X,X,X,X,X,X,6
038110,에코플라스틱,KOSPI/KOSDAQ,30320,O,O,O,O,O,O,O,O,O,O,0
038120,(주)에이디모터스,KOSPI/KOSDAQ,27199,X,X,X,X,X,X,X,X,X,X,6
038160,(주)팍스넷,KOSPI/KOSDAQ,63991,X,X,X,X,O,O,X,X,X,X,4
038290,마크로젠,KOSPI/KOSDAQ,73909,O,O,O,O,O,O,O,O,O,O,0
038320,어울림정보기술(주),KOSPI/KOSDAQ,58221,X,X,X,X,X,X,X,X,X,X,6
038340,(주)무궁화인포메이션테크놀로지,KOSPI/KOSDAQ,262,O,O,X,O,O,O,O,X,X,X,1
038390,레드캡투어,KOSPI/KOSDAQ,75210,O,O,O,O,O,O,O,O,O,O,0
038400,외환신용카드주식회사,KOSPI/KOSDAQ,64913,X,X,X,X,X,X,X,X,X,X,6
038410,(주)트라이콤,KOSPI/KOSDAQ,46510,X,X,X,X,X,X,X,X,X,X,6
038420,씨엔씨엔터프라이즈(주),KOSPI/KOSDAQ,292,X,X,X,X,X,X,X,X,X,X,6
038460,바이오스마트,KOSPI/KOSDAQ,26293,O,O,O,O,O,O,O,O,O,O,0
038500,삼표시멘트,KOSPI/KOSDAQ,239,O,O,O,O,O,O,O,O,O,O,0
038530,케이바이오랩스,KOSPI/KOSDAQ,464,O,O,O,O,O,O,O,O,O,O,0
038540,상상인,KOSPI/KOSDAQ,620,O,O,O,O,O,O,O,O,O,O,0
038620,위즈코프,KOSPI/KOSDAQ,47711,O,O,O,O,O,O,O,O,O,O,0
038680,에스넷,KOSPI/KOSDAQ,62021,O,O,O,O,O,O,O,O,O,O,0
038690,(주)에이스일렉트로닉스,KOSPI/KOSDAQ,2622,X,X,X,X,X,X,X,X,X,X,6
038710,콜마파마(주),KOSPI/KOSDAQ,21212,X,X,X,X,X,X,X,X,X,X,6
038720,(주)유일엔시스,KOSPI/KOSDAQ,29271,X,X,X,X,X,X,X,X,X,X,6
038810,(주)포이보스,KOSPI/KOSDAQ,18200,X,X,X,X,X,X,X,X,X,X,6
038830,케이엠에스(주),KOSPI/KOSDAQ,2642,X,X,X,X,X,X,X,X,X,X,6
038870,에코심플렉스,KOSPI/KOSDAQ,741,O,O,O,O,O,O,O,O,O,O,0
038880,아이에이,KOSPI/KOSDAQ,262,O,O,O,O,O,O,O,O,O,O,0
038920,(주)에이치에스씨홀딩스,KOSPI/KOSDAQ,58221,X,X,X,X,X,X,X,X,X,X,6
038950,파인디지털,KOSPI/KOSDAQ,2642,O,O,O,O,O,O,O,O,O,O,0
038960,현주컴퓨터(주),KOSPI/KOSDAQ,26310,X,X,X,X,X,X,X,X,X,X,6
038980,(주)이지클럽,KOSPI/KOSDAQ,4610,X,X,X,X,X,X,X,X,X,X,6
038990,넥스콘테크놀러지(주),KOSPI/KOSDAQ,28202,X,X,X,X,X,X,X,X,X,X,6
039000,써미트테크놀로지,KOSPI/KOSDAQ,263,X,X,X,X,X,X,X,X,X,X,6
039010,현대에이치티,KOSPI/KOSDAQ,26410,O,O,O,O,O,O,O,O,O,O,0
039020,이건홀딩스,KOSPI/KOSDAQ,161,O,O,O,O,O,O,O,O,X,X,0
039030,이오테크닉스,KOSPI/KOSDAQ,29271,O,O,O,O,O,O,O,O,O,O,0
039040,(주)유니텍전자,KOSPI/KOSDAQ,4659,X,X,X,X,X,X,X,X,X,X,6
039060,(주)아이비진,KOSPI/KOSDAQ,21100,X,X,X,X,X,X,X,X,X,X,6
039110,(주)에스피컴텍,KOSPI/KOSDAQ,68112,X,X,X,X,X,X,X,X,X,X,6
039130,하나투어,KOSPI/KOSDAQ,75210,O,O,O,O,O,O,O,O,O,O,0
039200,오스코텍,KOSPI/KOSDAQ,212,O,O,O,O,O,O,O,O,O,O,0
039230,제이앤케이인더스트리(주),KOSPI/KOSDAQ,272,O,X,X,X,X,X,X,X,X,X,5
039240,경남스틸,KOSPI/KOSDAQ,24199,O,O,O,O,O,O,O,O,O,O,0
039290,인포뱅크,KOSPI/KOSDAQ,639,O,O,O,O,O,O,O,O,X,X,0
039310,세중,KOSPI/KOSDAQ,582,O,O,O,O,O,O,O,O,O,O,0
039340,한국경제TV,KOSPI/KOSDAQ,60221,O,O,O,O,O,O,O,O,X,X,0
039350,(주)헤파호프코리아,KOSPI/KOSDAQ,27199,X,X,X,X,X,X,X,X,X,X,6
039390,(주)윌텍정보통신,KOSPI/KOSDAQ,2642,X,X,X,X,X,X,X,X,X,X,6
039420,케이엘넷,KOSPI/KOSDAQ,61299,O,O,O,O,O,O,O,O,O,O,0
039440,에스티아이,KOSPI/KOSDAQ,29271,O,O,O,O,O,O,O,O,O,O,0
039490,키움증권,KOSPI/KOSDAQ,66121,O,O,O,O,O,O,O,O,X,X,0
039530,(주)씨앤케이인터내셔널,KOSPI/KOSDAQ,06200,X,X,X,X,X,X,X,X,X,X,6
039560,다산네트웍스,KOSPI/KOSDAQ,26410,O,O,O,O,O,O,O,O,O,O,0
039570,HDC랩스,KOSPI/KOSDAQ,423,O,O,O,O,O,O,O,O,O,O,0
039580,주식회사 피코소프트,KOSPI/KOSDAQ,58221,X,X,X,X,X,X,X,X,X,X,6
039610,화성밸브,KOSPI/KOSDAQ,29133,O,O,O,O,O,O,O,O,O,O,0
039670,(주)스포츠서울,KOSPI/KOSDAQ,58121,O,X,X,O,O,O,X,X,X,X,2
039740,한국정보공학,KOSPI/KOSDAQ,467,O,O,O,O,O,O,O,O,O,O,0
039790,(주)위노바,KOSPI/KOSDAQ,204,O,O,X,O,O,O,O,X,X,X,1
039830,오로라,KOSPI/KOSDAQ,73203,O,O,O,O,O,O,O,O,O,O,0
039840,디오,KOSPI/KOSDAQ,27192,O,O,O,O,O,O,O,O,O,O,0
039850,(주)태창파로스,KOSPI/KOSDAQ,46,X,X,X,X,X,X,X,X,X,X,6
039860,나노엔텍,KOSPI/KOSDAQ,27199,O,O,O,O,O,O,O,O,O,O,0
039870,주식회사 피케이엘,KOSPI/KOSDAQ,26299,X,X,X,X,X,X,X,X,X,X,6
039980,폴라리스AI,KOSPI/KOSDAQ,620,O,O,O,O,O,O,O,O,O,O,0
039990,(주)코아정보시스템,KOSPI/KOSDAQ,62021,X,X,X,X,X,X,X,X,X,X,6
040020,(주)사라콤,KOSPI/KOSDAQ,2642,X,X,X,X,X,X,X,X,X,X,6
040130,(주)엔플렉스,KOSPI/KOSDAQ,58221,X,X,X,X,X,X,X,X,X,X,6
040160,누리플렉스,KOSPI/KOSDAQ,58221,O,O,O,O,O,O,O,O,O,O,0
040180,(주)대양글로벌,KOSPI/KOSDAQ,62021,X,X,X,X,X,X,X,X,X,X,6
040300,YTN,KOSPI/KOSDAQ,591,O,O,O,O,O,O,O,O,O,O,0
040350,크레오에스지,KOSPI/KOSDAQ,620,O,O,O,O,O,O,O,O,O,O,0
040420,정상제이엘에스,KOSPI/KOSDAQ,8550,O,O,O,O,O,O,O,O,O,O,0
040610,SG&G,KOSPI/KOSDAQ,303,O,O,O,O,O,O,O,O,O,O,0
040670,(주)와이즈파워,KOSPI/KOSDAQ,28123,X,X,X,X,X,X,X,X,X,X,6
040740,(주)아인스엠앤엠,KOSPI/KOSDAQ,59111,X,X,X,X,X,X,X,X,X,X,6
040910,아이씨디,KOSPI/KOSDAQ,29271,O,O,O,O,O,O,O,O,O,O,0
041020,폴라리스오피스,KOSPI/KOSDAQ,58221,O,O,O,O,O,O,O,O,X,X,0
041030,(주)이루넷,KOSPI/KOSDAQ,5811,X,X,X,X,X,X,X,X,X,X,6
041060,(주)아라온테크,KOSPI/KOSDAQ,58221,X,X,X,X,X,X,X,X,X,X,6
041140,넥슨지티(주),KOSPI/KOSDAQ,5821,X,X,X,X,X,X,X,X,X,X,6
041190,우리기술투자,KOSPI/KOSDAQ,6491,O,O,O,O,O,O,O,O,O,O,0
041310,모빌링크텔레콤(주),KOSPI/KOSDAQ,58221,X,X,X,X,X,X,X,X,X,X,6
041320,(주)보홍,KOSPI/KOSDAQ,46521,X,X,X,X,X,X,X,X,X,X,6
041440,현대에버다임,KOSPI/KOSDAQ,29241,O,O,O,O,O,O,O,O,O,O,0
041450,(주)인네트,KOSPI/KOSDAQ,62021,X,X,X,X,X,X,X,X,X,X,6
041460,한국전자인증,KOSPI/KOSDAQ,58221,O,O,O,O,O,O,O,O,O,O,0
041500,(주)디비엘,KOSPI/KOSDAQ,21309,X,X,X,X,O,O,X,X,X,X,4
041510,에스엠,KOSPI/KOSDAQ,59201,O,O,O,O,O,O,O,O,O,O,0
041520,이엘씨,KOSPI/KOSDAQ,272,O,O,O,O,O,O,O,O,O,O,0
041550,(주)쎄라텍,KOSPI/KOSDAQ,26293,X,X,X,X,X,X,X,X,X,X,6
041590,플래스크,KOSPI/KOSDAQ,424,O,O,O,O,O,O,O,O,O,O,0
041630,(주)인젠,KOSPI/KOSDAQ,58221,X,X,X,X,X,X,X,X,X,X,6
041650,상신브레이크,KOSPI/KOSDAQ,303,O,O,O,O,O,O,O,O,O,O,0
041800,코디콤(주),KOSPI/KOSDAQ,26,X,X,X,X,X,X,X,X,X,X,6
041830,인바디,KOSPI/KOSDAQ,27199,O,O,O,O,O,O,O,O,O,O,0
041910,폴라리스AI파마,KOSPI/KOSDAQ,212,O,O,O,O,O,O,O,O,O,O,0
041920,메디아나,KOSPI/KOSDAQ,27112,O,O,O,O,O,O,O,O,O,O,0
041930,SY동아,KOSPI/KOSDAQ,2219,O,O,O,O,O,O,O,O,O,O,0
041940,(주)한텔,KOSPI/KOSDAQ,2642,X,X,X,X,X,X,X,X,X,X,6
041960,코미팜,KOSPI/KOSDAQ,212,O,O,O,O,O,O,O,O,O,O,0
042000,카페24,KOSPI/KOSDAQ,63112,O,O,O,O,O,O,O,O,O,O,0
042040,케이피엠테크,KOSPI/KOSDAQ,467,O,O,O,O,O,O,O,O,O,O,0
042100,(주)현대오토넷,KOSPI/KOSDAQ,2629,X,X,X,X,X,X,X,X,X,X,6
042110,에스씨디,KOSPI/KOSDAQ,28519,O,O,O,O,O,O,O,O,O,O,0
042340,(주)대국,KOSPI/KOSDAQ,46800,X,X,X,X,X,X,X,X,X,X,6
042370,비츠로테크,KOSPI/KOSDAQ,64992,O,O,O,O,O,O,O,O,O,O,0
042420,네오위즈홀딩스,KOSPI/KOSDAQ,582,O,O,O,O,O,O,O,O,X,X,0
042500,링네트,KOSPI/KOSDAQ,62021,O,O,O,O,O,O,O,O,O,O,0
042510,라온시큐어,KOSPI/KOSDAQ,582,O,O,O,O,O,O,O,O,O,O,0
042520,한스바이오메드,KOSPI/KOSDAQ,213,O,O,O,O,O,O,O,X,X,X,0
042570,퓨쳐비젼(주),KOSPI/KOSDAQ,26,X,X,X,X,X,X,X,X,X,X,6
042600,새로닉스,KOSPI/KOSDAQ,2629,O,O,O,O,O,O,O,O,O,O,0
042660,한화오션,KOSPI/KOSDAQ,3111,O,O,O,O,O,O,O,O,O,O,0
042670,에이치디현대인프라코어(주),KOSPI/KOSDAQ,29241,O,X,X,O,O,X,X,X,X,X,3
042700,한미반도체,KOSPI/KOSDAQ,29271,O,O,O,O,O,O,O,O,O,O,0
042820,어울림 네트웍스(주),KOSPI/KOSDAQ,2642,X,X,X,X,X,X,X,X,X,X,6
042870,(주)에코페트로시스템,KOSPI/KOSDAQ,46800,X,X,X,X,X,X,X,X,X,X,6
042940,상지건설,KOSPI/KOSDAQ,411,O,O,O,O,O,O,O,O,O,O,0
042950,미래에셋새천년코리아벤처펀드일호,KOSPI/KOSDAQ,64201,X,X,X,X,X,X,X,X,X,X,6
042960,(주)창민테크,KOSPI/KOSDAQ,27215,X,X,X,X,X,X,X,X,X,X,6
043090,더테크놀로지,KOSPI/KOSDAQ,467,O,O,O,O,O,O,O,O,O,O,0
043100,알파AI,KOSPI/KOSDAQ,27192,O,O,O,O,O,O,O,O,O,O,0
043150,바텍,KOSPI/KOSDAQ,271,O,O,O,O,O,O,O,O,O,O,0
043200,파루,KOSPI/KOSDAQ,281,O,O,O,O,O,O,O,O,O,O,0
043220,티에스넥스젠,KOSPI/KOSDAQ,292,O,O,O,O,O,O,O,O,O,O,0
043260,성호전자,KOSPI/KOSDAQ,26291,O,O,O,O,O,O,O,O,O,O,0
043290,케이맥(주),KOSPI/KOSDAQ,292,X,X,X,X,X,X,X,X,X,X,6
043340,에쎈테크,KOSPI/KOSDAQ,29133,O,O,O,O,O,O,O,O,O,O,0
043360,디지아이,KOSPI/KOSDAQ,263,O,O,O,O,O,O,O,O,O,O,0
043370,피에이치에이,KOSPI/KOSDAQ,303,O,O,O,O,O,O,O,O,O,O,0
043580,(주)에임하이글로벌,KOSPI/KOSDAQ,262,X,X,X,X,X,X,X,X,X,X,6
043590,웰킵스하이텍,KOSPI/KOSDAQ,261,O,O,O,O,O,O,O,O,O,O,0
043610,KT지니뮤직,KOSPI/KOSDAQ,603,O,O,O,O,O,O,O,O,O,O,0
043630,(주)지앤알,KOSPI/KOSDAQ,27112,X,X,X,X,X,X,X,X,X,X,6
043650,국순당,KOSPI/KOSDAQ,11111,O,O,O,O,O,O,O,O,O,O,0
043680,(주)스톰이앤에프,KOSPI/KOSDAQ,5911,X,X,X,X,X,X,X,X,X,X,6
043690,(주)테크메이트,KOSPI/KOSDAQ,2642,X,X,X,X,X,X,X,X,X,X,6
043710,코스리거글로벌,KOSPI/KOSDAQ,467,O,O,O,O,O,O,O,O,O,O,0
043790,(주)옥션,KOSPI/KOSDAQ,4610,X,X,X,X,X,X,X,X,X,X,6
043890,(주)티브로드 한빛방송,KOSPI/KOSDAQ,60222,X,X,X,X,X,X,X,X,X,X,6
043910,자연과환경,KOSPI/KOSDAQ,233,O,O,O,O,O,O,O,O,O,O,0
044060,조광아이엘아이(주),KOSPI/KOSDAQ,29133,O,O,X,O,O,O,O,X,X,X,1
044070,한서제약(주),KOSPI/KOSDAQ,21212,X,X,X,X,X,X,X,X,X,X,6
044180,KD,KOSPI/KOSDAQ,411,O,O,O,O,O,O,O,O,O,O,0
044340,위닉스,KOSPI/KOSDAQ,28519,O,O,O,O,O,O,O,O,O,O,0
044370,(주)조이토토,KOSPI/KOSDAQ,58221,X,X,X,X,X,X,X,X,X,X,6
044380,주연테크,KOSPI/KOSDAQ,26310,O,O,O,O,O,O,O,O,O,O,0
044440,(주)솔빛미디어,KOSPI/KOSDAQ,85691,X,X,X,X,X,X,X,X,X,X,6
044450,KSS해운,KOSPI/KOSDAQ,50112,O,O,O,O,O,O,O,O,O,O,0
044480,빌리언스,KOSPI/KOSDAQ,901,O,O,O,O,O,O,O,O,O,O,0
044490,태웅,KOSPI/KOSDAQ,25912,O,O,O,O,O,O,O,O,O,O,0
044640,동부씨엔아이(주),KOSPI/KOSDAQ,58221,X,X,X,X,X,X,X,X,X,X,6
044770,(주)에이엠에스,KOSPI/KOSDAQ,26292,X,X,X,X,X,X,X,X,X,X,6
044780,에이치케이,KOSPI/KOSDAQ,29221,O,O,O,O,O,O,O,O,O,O,0
044820,코스맥스비티아이,KOSPI/KOSDAQ,64992,O,O,O,O,O,O,O,O,O,O,0
044960,이글벳,KOSPI/KOSDAQ,467,O,O,O,O,O,O,O,O,O,O,0
044990,에이치엔에스하이텍,KOSPI/KOSDAQ,262,O,O,O,O,O,O,O,O,O,O,0
045050,(주)글라소울,KOSPI/KOSDAQ,28123,X,X,X,X,X,X,X,X,X,X,6
045060,오공,KOSPI/KOSDAQ,20493,O,O,O,O,O,O,O,O,O,O,0
045100,한양이엔지,KOSPI/KOSDAQ,721,O,O,O,O,O,O,O,O,O,O,0
045260,(주)디에이치패션,KOSPI/KOSDAQ,467,X,X,X,X,X,X,X,X,X,X,6
045290,(주)포네이처,KOSPI/KOSDAQ,2811,X,X,X,X,X,X,X,X,X,X,6
045300,성우테크론,KOSPI/KOSDAQ,2629,O,O,O,O,O,O,O,O,O,O,0
045310,이레전자산업(주),KOSPI/KOSDAQ,2642,X,X,X,X,X,X,X,X,X,X,6
045340,토탈소프트,KOSPI/KOSDAQ,58221,O,O,O,O,O,O,O,O,O,O,0
045380,(주)더존디지털웨어,KOSPI/KOSDAQ,58221,X,X,X,X,X,X,X,X,X,X,6
045390,대아티아이,KOSPI/KOSDAQ,289,O,O,O,O,O,O,O,O,O,O,0
045400,(주)이롬텍,KOSPI/KOSDAQ,26,X,X,X,X,X,X,X,X,X,X,6
045470,(주)에이프로테크놀로지,KOSPI/KOSDAQ,27216,X,X,X,X,X,X,X,X,X,X,6
045510,정원엔시스,KOSPI/KOSDAQ,46510,O,O,O,O,O,O,O,O,O,O,0
045520,크린앤사이언스,KOSPI/KOSDAQ,291,O,O,O,O,O,O,O,O,O,O,0
045660,에이텍,KOSPI/KOSDAQ,291,O,O,O,O,O,O,O,O,O,O,0
045710,(주)온미디어,KOSPI/KOSDAQ,64992,X,X,X,X,X,X,X,X,X,X,6
045760,한국통신데이타(주),KOSPI/KOSDAQ,58221,X,X,X,X,X,X,X,X,X,X,6
045820,(주)LG파워콤,KOSPI/KOSDAQ,61210,X,X,X,X,X,X,X,X,X,X,6
045880,(주)유티엑스,KOSPI/KOSDAQ,26410,X,X,X,X,X,X,X,X,X,X,6
045890,(주)금빛,KOSPI/KOSDAQ,284,X,X,X,X,X,X,X,X,X,X,6
045920,(주)화림모드,KOSPI/KOSDAQ,14112,X,X,X,X,X,X,X,X,X,X,6
045970,코아시아,KOSPI/KOSDAQ,262,O,O,O,O,O,O,O,O,O,O,0
046000,(주)모디아,KOSPI/KOSDAQ,62021,X,X,X,X,X,X,X,X,X,X,6
046070,코다코,KOSPI/KOSDAQ,303,O,O,O,O,O,O,O,O,O,O,0
046110,한일네트웍스(주),KOSPI/KOSDAQ,63112,O,X,X,O,X,X,X,X,X,X,4
046120,오르비텍,KOSPI/KOSDAQ,7291,O,O,O,O,O,O,O,O,O,O,0
046140,스튜디오에스(주),KOSPI/KOSDAQ,591,X,X,X,X,X,X,X,X,X,X,6
046210,HLB파나진,KOSPI/KOSDAQ,21301,O,O,O,O,O,O,O,O,O,O,0
046240,(주)에스브이에이치,KOSPI/KOSDAQ,58221,X,X,X,X,X,X,X,X,X,X,6
046310,백금T&A,KOSPI/KOSDAQ,2642,O,O,O,O,O,O,O,O,O,O,0
046320,(주)엠트론스토리지테크놀로지,KOSPI/KOSDAQ,46510,X,X,X,X,X,X,X,X,X,X,6
046350,에듀아크,KOSPI/KOSDAQ,2622,X,X,X,X,X,X,X,X,X,X,6
046390,삼화네트웍스,KOSPI/KOSDAQ,59120,O,O,O,O,O,O,O,O,O,O,0
046400,(주)휴스토리,KOSPI/KOSDAQ,26,O,O,X,O,O,O,O,X,X,X,1
046430,주식회사 알에스넷,KOSPI/KOSDAQ,4659,X,X,X,X,X,X,X,X,X,X,6
046440,KG파이낸셜,KOSPI/KOSDAQ,582,O,O,O,O,O,O,O,O,O,O,0
046720,엔하이테크(주),KOSPI/KOSDAQ,2612,X,X,X,X,X,X,X,X,X,X,6
046810,코리언일랙트로닉스파워소스(주),KOSPI/KOSDAQ,26293,X,X,X,X,X,X,X,X,X,X,6
046840,(주)자유투어,KOSPI/KOSDAQ,75210,X,X,X,X,X,X,X,X,X,X,6
046890,서울반도체,KOSPI/KOSDAQ,2612,O,O,O,O,O,O,O,O,O,O,0
046940,우원개발,KOSPI/KOSDAQ,421,O,O,O,O,O,O,O,O,O,O,0
046970,우리로,KOSPI/KOSDAQ,467,O,O,O,O,O,O,O,O,O,O,0
047040,대우건설,KOSPI/KOSDAQ,41112,O,O,O,O,O,O,O,O,O,O,0
047050,포스코인터내셔널,KOSPI/KOSDAQ,461,O,O,O,O,O,O,O,O,O,O,0
047060,덴소코리아주식회사,KOSPI/KOSDAQ,30,X,X,X,X,X,X,X,X,X,X,6
047080,한빛소프트,KOSPI/KOSDAQ,5821,O,O,O,O,O,O,O,O,O,O,0
047310,파워로직스,KOSPI/KOSDAQ,2812,O,O,O,O,O,O,O,O,O,O,0
047370,(주)에프아이투어,KOSPI/KOSDAQ,2642,X,X,X,X,X,X,X,X,X,X,6
047400,유니온머티리얼,KOSPI/KOSDAQ,23222,O,O,O,O,O,O,O,O,O,O,0
047420,(주)레이더스컴퍼니,KOSPI/KOSDAQ,58221,X,X,X,X,X,X,X,X,X,X,6
047440,디케이씨(주),KOSPI/KOSDAQ,26211,X,X,X,X,X,X,X,X,X,X,6
047450,(주)이앤텍,KOSPI/KOSDAQ,26321,X,X,X,X,X,X,X,X,X,X,6
047560,이스트소프트,KOSPI/KOSDAQ,58221,O,O,O,O,O,O,O,O,X,X,0
047600,(주)세계투어,KOSPI/KOSDAQ,75210,X,X,X,X,X,X,X,X,X,X,6
047610,(주)월드텔레콤,KOSPI/KOSDAQ,26,X,X,X,X,X,X,X,X,X,X,6
047710,(주)액티투오,KOSPI/KOSDAQ,2642,X,X,X,X,X,X,X,X,X,X,6
047730,(주)텔라움,KOSPI/KOSDAQ,2642,O,O,X,O,O,O,O,X,X,X,1
047770,코데즈컴바인,KOSPI/KOSDAQ,141,O,O,O,O,O,O,O,O,O,O,0
047810,한국항공우주,KOSPI/KOSDAQ,31311,O,O,O,O,O,O,O,O,O,O,0
047820,초록뱀미디어,KOSPI/KOSDAQ,59114,O,O,O,O,O,O,O,O,O,O,0
047920,HLB제약,KOSPI/KOSDAQ,70111,O,O,O,O,O,O,O,O,O,O,0
047940,(주)비엔디,KOSPI/KOSDAQ,1090,X,X,X,X,X,X,X,X,X,X,6
048130,(주)에스피코프,KOSPI/KOSDAQ,46800,X,X,X,X,X,X,X,X,X,X,6
048140,(주)태광이엔시,KOSPI/KOSDAQ,28123,X,X,X,X,X,X,X,X,X,X,6
048150,주식회사 모닷텔,KOSPI/KOSDAQ,2642,X,X,X,X,X,X,X,X,X,X,6
048260,오스템임플란트(주),KOSPI/KOSDAQ,27191,O,O,X,O,O,O,O,X,X,X,1
048270,(주)포넷,KOSPI/KOSDAQ,5811,X,X,X,X,X,X,X,X,X,X,6
048410,현대바이오,KOSPI/KOSDAQ,204,O,O,O,O,O,O,O,O,O,O,0
048430,유라테크,KOSPI/KOSDAQ,281,O,O,O,O,O,O,O,O,O,O,0
048460,(주)엑큐리스,KOSPI/KOSDAQ,2622,X,X,X,X,X,X,X,X,X,X,6
048470,대동스틸,KOSPI/KOSDAQ,467,O,O,O,O,O,O,O,O,O,O,0
048510,테스텍(주),KOSPI/KOSDAQ,29271,X,X,X,X,X,X,X,X,X,X,6
048530,인트론바이오,KOSPI/KOSDAQ,211,O,O,O,O,O,O,O,O,O,O,0
048540,(주)하이콤정보통신,KOSPI/KOSDAQ,62021,X,X,X,X,X,X,X,X,X,X,6
048550,SM C&C,KOSPI/KOSDAQ,713,O,O,O,O,O,O,O,O,O,O,0
048640,(주)엠엔에프씨,KOSPI/KOSDAQ,22214,X,X,X,X,X,X,X,X,X,X,6
048760,브이케이(주),KOSPI/KOSDAQ,28202,X,X,X,X,X,X,X,X,X,X,6
048770,TPC로보틱스,KOSPI/KOSDAQ,29142,O,O,O,O,O,O,O,O,O,O,0
048830,엔피케이,KOSPI/KOSDAQ,20202,O,O,O,O,O,O,O,O,O,O,0
048870,시너지이노베이션,KOSPI/KOSDAQ,271,O,O,O,O,O,O,O,O,O,O,0
048910,대원미디어,KOSPI/KOSDAQ,467,O,O,O,O,O,O,O,O,O,O,0
049000,(주)예당컴퍼니,KOSPI/KOSDAQ,59201,X,X,X,X,X,X,X,X,X,X,6
049070,인탑스,KOSPI/KOSDAQ,2642,O,O,O,O,O,O,O,O,O,O,0
049080,기가레인,KOSPI/KOSDAQ,262,O,O,O,O,O,O,O,O,O,O,0
049120,파인디앤씨,KOSPI/KOSDAQ,26211,O,O,O,O,O,O,O,O,O,O,0
049130,(주)하우리,KOSPI/KOSDAQ,58221,O,O,X,O,O,O,O,X,X,X,1
049180,셀루메드,KOSPI/KOSDAQ,211,O,O,O,O,O,O,O,O,O,O,0
049370,씨제이엔터테인먼트(주),KOSPI/KOSDAQ,59130,X,X,X,X,X,X,X,X,X,X,6
049430,코메론,KOSPI/KOSDAQ,27219,O,O,O,O,O,O,O,X,O,O,0
049470,비트플래닛,KOSPI/KOSDAQ,582,O,O,O,O,O,O,O,O,O,O,0
049480,오픈베이스,KOSPI/KOSDAQ,62021,O,O,O,O,O,O,O,O,O,O,0
049520,유아이엘,KOSPI/KOSDAQ,2629,O,O,O,O,O,O,O,O,O,O,0
049550,잉크테크,KOSPI/KOSDAQ,20413,O,O,O,O,O,O,O,O,O,O,0
049630,재영솔루텍,KOSPI/KOSDAQ,27309,O,O,O,O,O,O,O,O,O,O,0
049690,(주)포휴먼,KOSPI/KOSDAQ,715,X,X,X,X,X,X,X,X,X,X,6
049720,고려신용정보,KOSPI/KOSDAQ,75993,O,O,O,O,O,O,O,O,O,O,0
049770,(주)동원F&B,KOSPI/KOSDAQ,108,O,O,X,O,O,O,O,X,X,X,1
049800,우진플라임,KOSPI/KOSDAQ,292,O,O,O,O,O,O,O,O,O,O,0
049830,승일,KOSPI/KOSDAQ,259,O,O,O,O,O,O,O,O,O,O,0
049950,미래컴퍼니,KOSPI/KOSDAQ,29271,O,O,O,O,O,O,O,O,O,O,0
049960,쎌바이오텍,KOSPI/KOSDAQ,211,O,O,O,O,O,O,O,O,O,O,0
050050,(주)유아이에너지,KOSPI/KOSDAQ,26410,X,X,X,X,X,X,X,X,X,X,6
050090,비케이홀딩스,KOSPI/KOSDAQ,713,O,O,O,O,O,O,O,O,X,X,0
050110,캠시스,KOSPI/KOSDAQ,262,O,O,O,O,O,O,O,O,O,O,0
050120,ES큐브,KOSPI/KOSDAQ,46419,O,O,O,O,O,O,O,O,O,O,0
050320,에스에이치엔엘(주),KOSPI/KOSDAQ,259,X,X,X,X,X,X,X,X,X,X,6
050470,(주)씨티앤티,KOSPI/KOSDAQ,71399,X,X,X,X,X,X,X,X,X,X,6
050540,(주)엠피씨플러스,KOSPI/KOSDAQ,75991,O,O,X,O,O,O,O,X,X,X,1
050600,(주)세라온홀딩스,KOSPI/KOSDAQ,263,X,X,X,X,X,X,X,X,X,X,6
050640,(주)이룸지엔지,KOSPI/KOSDAQ,58221,X,X,X,X,X,X,X,X,X,X,6
050760,에스폴리텍,KOSPI/KOSDAQ,222,O,O,O,O,O,O,O,O,O,O,0
050860,아세아텍,KOSPI/KOSDAQ,29210,O,O,O,O,O,O,O,X,X,X,0
050890,쏠리드,KOSPI/KOSDAQ,2642,O,O,O,O,O,O,O,O,O,O,0
050960,수산아이앤티,KOSPI/KOSDAQ,582,O,O,O,O,O,O,O,O,O,O,0
051160,지어소프트,KOSPI/KOSDAQ,58221,O,O,O,O,O,O,O,O,O,O,0
051170,(주)썬코어,KOSPI/KOSDAQ,29142,X,X,X,X,X,X,X,X,X,X,6
051310,(주)플랜텍,KOSPI/KOSDAQ,41225,O,O,X,O,O,O,O,X,X,X,1
051360,토비스,KOSPI/KOSDAQ,265,O,O,O,O,O,O,O,O,O,O,0
051370,인터플렉스,KOSPI/KOSDAQ,2622,O,O,O,O,O,O,O,O,O,O,0
051380,피씨디렉트,KOSPI/KOSDAQ,46510,O,O,O,O,O,O,O,O,O,O,0
051390,YW,KOSPI/KOSDAQ,468,O,O,O,O,O,O,O,O,O,O,0
051490,나라엠앤디,KOSPI/KOSDAQ,292,O,O,O,O,O,O,O,O,O,O,0
051500,CJ프레시웨이,KOSPI/KOSDAQ,4632,O,O,O,O,O,O,O,O,O,O,0
051530,(주)굿이엠지,KOSPI/KOSDAQ,59201,X,X,X,X,X,X,X,X,X,X,6
051600,한전KPS,KOSPI/KOSDAQ,42311,O,O,O,O,O,O,O,O,O,O,0
051630,진양화학,KOSPI/KOSDAQ,22214,O,O,O,O,O,O,O,O,O,O,0
051710,(주)디에스,KOSPI/KOSDAQ,26211,X,X,X,X,X,X,X,X,X,X,6
051780,큐로홀딩스,KOSPI/KOSDAQ,472,O,O,O,O,O,O,O,O,X,X,0
051810,(주)모보,KOSPI/KOSDAQ,28302,X,X,X,X,X,X,X,X,X,X,6
051820,(주)아이피에스,KOSPI/KOSDAQ,29271,X,X,X,X,X,X,X,X,X,X,6
051900,LG생활건강,KOSPI/KOSDAQ,20422,O,O,O,O,O,O,O,O,O,O,0
051910,LG화학,KOSPI/KOSDAQ,20111,O,O,O,O,O,O,O,O,O,O,0
051980,중앙첨단소재,KOSPI/KOSDAQ,264,O,O,O,O,O,O,O,O,O,O,0
052020,에스티큐브,KOSPI/KOSDAQ,465,O,O,O,O,O,O,O,O,O,O,0
052190,(주)세영디앤씨,KOSPI/KOSDAQ,901,O,O,X,X,O,O,O,X,X,X,2
052210,엠씨티티코어(주),KOSPI/KOSDAQ,26410,X,X,X,X,X,X,X,X,X,X,6
052220,iMBC,KOSPI/KOSDAQ,603,O,O,O,O,O,O,O,O,O,O,0
052260,현대바이오랜드,KOSPI/KOSDAQ,204,O,O,O,O,O,O,O,O,O,O,0
052270,(주)우전,KOSPI/KOSDAQ,262,O,O,X,O,O,O,O,X,X,X,1
052290,(주)트레이스,KOSPI/KOSDAQ,2629,X,X,X,X,X,X,X,X,X,X,6
052300,오션인더블유,KOSPI/KOSDAQ,468,O,O,O,O,O,O,O,O,O,O,0
052310,(주)에이치원바이오,KOSPI/KOSDAQ,58221,X,X,X,X,X,X,X,X,X,X,6
052330,코텍,KOSPI/KOSDAQ,26519,O,O,O,O,O,O,O,O,O,O,0
052350,(주)코아에스앤아이,KOSPI/KOSDAQ,27214,X,X,X,X,X,X,X,X,X,X,6
052400,코나아이,KOSPI/KOSDAQ,58221,O,O,O,O,O,O,O,O,O,O,0
052420,오성첨단소재,KOSPI/KOSDAQ,222,O,O,O,O,O,O,O,O,O,O,0
052460,아이크래프트,KOSPI/KOSDAQ,620,O,O,O,O,O,O,O,O,O,O,0
052510,(주)에코솔루션,KOSPI/KOSDAQ,2049,X,X,X,X,X,X,X,X,X,X,6
052560,(주)삼성수산,KOSPI/KOSDAQ,03112,X,X,X,X,X,X,X,X,X,X,6
052600,한네트,KOSPI/KOSDAQ,61299,O,O,O,O,O,O,O,O,O,O,0
052640,(주)제네시스엔알디,KOSPI/KOSDAQ,62021,X,X,X,X,X,X,X,X,X,X,6
052650,이디디컴퍼니(주),KOSPI/KOSDAQ,2642,X,X,X,X,X,X,X,X,X,X,6
052670,(주)제일바이오,KOSPI/KOSDAQ,21230,O,O,X,O,O,O,O,X,X,X,1
052690,한전기술,KOSPI/KOSDAQ,72129,O,O,O,O,O,O,O,O,O,O,0
052710,아모텍,KOSPI/KOSDAQ,2629,O,O,O,O,O,O,O,O,O,O,0
052770,아이톡시,KOSPI/KOSDAQ,582,O,O,O,O,O,O,O,O,O,O,0
052790,액토즈소프트,KOSPI/KOSDAQ,5821,O,O,O,O,O,O,O,O,O,O,0
052810,(주)아시아미디어홀딩스,KOSPI/KOSDAQ,58221,X,X,X,X,X,X,X,X,X,X,6
052860,아이앤씨,KOSPI/KOSDAQ,2611,O,O,O,O,O,O,O,O,O,O,0
052880,(주)모아에스앤에스,KOSPI/KOSDAQ,75999,X,X,X,X,X,X,X,X,X,X,6
052900,KX하이텍,KOSPI/KOSDAQ,2224,O,O,O,O,O,O,O,O,O,O,0
052960,태양3C,KOSPI/KOSDAQ,452,X,X,O,X,O,O,X,X,X,X,3
052970,(주)올리브나인,KOSPI/KOSDAQ,59114,X,X,X,X,X,X,X,X,X,X,6
053000,우리금융지주(주),KOSPI/KOSDAQ,64992,X,X,X,X,X,X,X,X,X,X,6
053030,바이넥스,KOSPI/KOSDAQ,212,O,O,O,O,O,O,O,O,O,O,0
053040,(주)블루젬디앤씨,KOSPI/KOSDAQ,204,X,X,X,X,X,X,X,X,X,X,6
053050,지에스이,KOSPI/KOSDAQ,35200,O,O,O,O,O,O,O,O,O,O,0
053060,세동,KOSPI/KOSDAQ,303,O,O,O,O,O,O,O,O,O,O,0
053070,(주)트리니티,KOSPI/KOSDAQ,2642,X,X,X,X,X,X,X,X,X,X,6
053080,케이엔솔,KOSPI/KOSDAQ,291,O,O,O,O,O,O,O,O,O,O,0
053110,(주)소리바다,KOSPI/KOSDAQ,631,X,X,X,X,X,X,X,X,X,X,6
053160,프리엠스,KOSPI/KOSDAQ,28123,O,O,O,O,O,O,O,O,O,O,0
053170,(주)코스모스피엘씨,KOSPI/KOSDAQ,58221,X,X,X,X,X,X,X,X,X,X,6
053200,디이시스주식회사,KOSPI/KOSDAQ,2812,X,X,X,X,X,X,X,X,X,X,6
053210,스카이라이프,KOSPI/KOSDAQ,60229,O,O,O,O,O,O,O,O,O,O,0
053250,(주)엔에스아이,KOSPI/KOSDAQ,263,X,X,X,X,X,X,X,X,X,X,6
053260,금강철강,KOSPI/KOSDAQ,2419,O,O,O,O,O,O,O,O,O,O,0
053270,구영테크,KOSPI/KOSDAQ,303,O,O,O,O,O,O,O,O,O,O,0
053280,예스24,KOSPI/KOSDAQ,4791,O,O,O,O,O,O,O,O,O,O,0
053290,NE능률,KOSPI/KOSDAQ,5811,O,O,O,O,O,O,O,O,O,O,0
053300,한국정보인증,KOSPI/KOSDAQ,58221,O,O,O,O,O,O,O,O,O,O,0
053320,(주)제네시스디벨롭먼트홀딩스,KOSPI/KOSDAQ,46521,X,X,X,X,X,X,X,X,X,X,6
053330,(주)영진코퍼레이션,KOSPI/KOSDAQ,29176,X,X,X,X,X,X,X,X,X,X,6
053350,이니텍,KOSPI/KOSDAQ,58221,O,O,O,O,O,O,O,O,O,O,0
053440,(주)성우몰드,KOSPI/KOSDAQ,29293,X,X,X,X,X,X,X,X,X,X,6
053450,세코닉스,KOSPI/KOSDAQ,273,O,O,O,O,O,O,O,O,O,O,0
053470,오페스(주),KOSPI/KOSDAQ,26410,X,X,X,X,X,X,X,X,X,X,6
053580,웹케시,KOSPI/KOSDAQ,582,O,O,O,O,O,O,O,O,O,O,0
053590,(주)한국테크놀로지,KOSPI/KOSDAQ,264,X,X,X,X,X,X,X,X,X,X,6
053610,프로텍,KOSPI/KOSDAQ,29271,O,O,O,O,O,O,O,O,O,O,0
053620,태양,KOSPI/KOSDAQ,25991,O,O,O,O,O,O,O,O,O,O,0
053660,현진소재(주),KOSPI/KOSDAQ,25912,X,X,X,X,X,X,X,X,X,X,6
053690,한미글로벌,KOSPI/KOSDAQ,72111,O,O,O,O,O,O,O,O,O,O,0
053700,삼보모터스,KOSPI/KOSDAQ,303,O,O,O,O,O,O,O,O,O,O,0
053740,국제엘렉트릭코리아(주),KOSPI/KOSDAQ,29271,X,X,X,X,X,X,X,X,X,X,6
053800,안랩,KOSPI/KOSDAQ,58221,O,O,O,O,O,O,O,O,O,O,0
053810,(주)아이팩토리,KOSPI/KOSDAQ,29271,X,X,X,X,X,X,X,X,X,X,6
053870,(주)지티앤티,KOSPI/KOSDAQ,26429,X,X,X,X,X,X,X,X,X,X,6
053890,(주)미디어코프,KOSPI/KOSDAQ,5811,X,X,X,X,X,X,X,X,X,X,6
053950,경남제약,KOSPI/KOSDAQ,212,O,O,O,O,O,O,O,O,O,O,0
053980,오상자이엘,KOSPI/KOSDAQ,582,O,O,O,O,O,O,O,O,O,O,0
054010,(주)선팩테크,KOSPI/KOSDAQ,2629,X,X,X,X,X,X,X,X,X,X,6
054020,(주)지케이파워,KOSPI/KOSDAQ,26292,X,X,X,X,X,X,X,X,X,X,6
054040,한국컴퓨터,KOSPI/KOSDAQ,2629,O,O,O,O,O,O,O,O,O,O,0
054050,NH농우바이오,KOSPI/KOSDAQ,01123,O,O,O,O,O,O,O,O,O,O,0
054080,(주)우주통신,KOSPI/KOSDAQ,2642,X,X,X,X,X,X,X,X,X,X,6
054090,삼진엘앤디,KOSPI/KOSDAQ,339,O,O,O,O,O,O,O,O,O,O,0
054120,(주)더 체인지,KOSPI/KOSDAQ,2811,X,X,X,X,X,X,X,X,X,X,6
054150,(주)뉴젠아이씨티,KOSPI/KOSDAQ,46510,X,X,X,X,X,X,X,X,X,X,6
054170,엔빅스(주),KOSPI/KOSDAQ,62021,X,X,X,X,X,X,X,X,X,X,6
054180,메디콕스,KOSPI/KOSDAQ,31114,O,O,O,O,O,O,O,O,O,O,0
054210,이랜텍,KOSPI/KOSDAQ,262,O,O,O,O,O,O,O,O,O,O,0
054220,비츠로시스,KOSPI/KOSDAQ,28123,O,O,O,O,O,O,O,O,O,O,0
054250,(주)예일바이오텍,KOSPI/KOSDAQ,29176,X,X,X,X,X,X,X,X,X,X,6
054300,팬스타엔터프라이즈,KOSPI/KOSDAQ,29169,O,O,O,O,O,O,O,O,O,O,0
054340,(주)피앤텔,KOSPI/KOSDAQ,2642,O,O,X,O,O,O,O,X,X,X,1
054370,(주)업필,KOSPI/KOSDAQ,26410,X,X,X,X,X,X,X,X,X,X,6
054410,케이피티유,KOSPI/KOSDAQ,474,O,O,O,O,O,O,O,O,O,O,0
054440,엠텍반도체(주),KOSPI/KOSDAQ,29221,X,X,X,X,X,X,X,X,X,X,6
054450,텔레칩스,KOSPI/KOSDAQ,2611,O,O,O,O,O,O,O,O,O,O,0
054530,주식회사 신한SIT,KOSPI/KOSDAQ,72919,X,X,X,X,X,X,X,X,X,X,6
054540,삼영엠텍,KOSPI/KOSDAQ,2511,O,O,O,O,O,O,O,O,O,O,0
054620,APS,KOSPI/KOSDAQ,64992,O,O,O,O,O,O,O,O,O,O,0
054630,(주)에이디칩스,KOSPI/KOSDAQ,339,O,O,X,O,O,O,O,X,X,X,1
054650,(주)뉴젠비아이티,KOSPI/KOSDAQ,4659,X,X,X,X,X,X,X,X,X,X,6
054670,대한뉴팜,KOSPI/KOSDAQ,212,O,O,O,O,O,O,O,O,O,O,0
054780,키이스트,KOSPI/KOSDAQ,59130,O,O,O,O,O,O,O,O,O,O,0
054790,(주)제이엠피,KOSPI/KOSDAQ,29293,X,X,X,X,X,X,X,X,X,X,6
054800,아이디스홀딩스,KOSPI/KOSDAQ,71600,O,O,O,O,O,O,O,O,X,X,0
054920,한컴위드,KOSPI/KOSDAQ,58221,O,O,O,O,O,O,O,O,O,O,0
054930,유신,KOSPI/KOSDAQ,72111,O,O,O,O,O,O,O,O,O,O,0
054940,엑사이엔씨,KOSPI/KOSDAQ,424,O,O,O,O,O,O,O,O,O,O,0
054950,제이브이엠,KOSPI/KOSDAQ,29192,O,O,O,O,O,O,O,O,O,O,0
055000,(주)동서정보기술,KOSPI/KOSDAQ,58221,X,X,X,X,X,X,X,X,X,X,6
055250,(주)다휘,KOSPI/KOSDAQ,291,X,X,X,X,X,X,X,X,X,X,6
055490,테이팩스,KOSPI/KOSDAQ,2229,O,O,O,O,O,O,O,O,O,O,0
055550,신한지주,KOSPI/KOSDAQ,64992,O,O,O,X,O,O,O,O,X,X,1
055810,(주)케이티씨텔레콤,KOSPI/KOSDAQ,2642,X,X,X,X,X,X,X,X,X,X,6
055970,(주)에너윈,KOSPI/KOSDAQ,62090,X,X,X,X,X,X,X,X,X,X,6
056000,(주)코원플레이,KOSPI/KOSDAQ,582,X,X,X,X,X,X,X,X,X,X,6
056010,아이스테이션(주),KOSPI/KOSDAQ,263,X,X,X,X,X,X,X,X,X,X,6
056020,(주)쿨투,KOSPI/KOSDAQ,27199,X,X,X,X,X,X,X,X,X,X,6
056060,(주)세니콘,KOSPI/KOSDAQ,2642,X,X,X,X,X,X,X,X,X,X,6
056080,유진로봇,KOSPI/KOSDAQ,292,O,O,O,O,O,O,O,O,O,O,0
056090,시지메드텍,KOSPI/KOSDAQ,27192,O,O,O,O,O,O,O,O,O,O,0
056140,(주)리더컴,KOSPI/KOSDAQ,26410,X,X,X,X,X,X,X,X,X,X,6
056190,에스에프에이,KOSPI/KOSDAQ,292,O,O,O,O,O,O,O,O,O,O,0
056200,엠넷미디어(주),KOSPI/KOSDAQ,58221,X,X,X,X,X,X,X,X,X,X,6
056340,(주)씨유전자,KOSPI/KOSDAQ,2629,X,X,X,X,X,X,X,X,X,X,6
056360,코위버,KOSPI/KOSDAQ,26410,O,O,O,O,O,O,O,O,O,O,0
056500,(주)슈마일렉트론,KOSPI/KOSDAQ,263,X,X,X,X,X,X,X,X,X,X,6
056700,신화인터텍,KOSPI/KOSDAQ,2229,O,O,O,O,O,O,O,O,O,O,0
056710,미리넷(주),KOSPI/KOSDAQ,26410,X,X,X,X,X,X,X,X,X,X,6
056730,CNT85,KOSPI/KOSDAQ,411,O,O,O,O,O,O,O,O,O,O,0
056810,(주)위다스,KOSPI/KOSDAQ,26429,X,X,X,X,X,X,X,X,X,X,6
056850,(주)코어비트,KOSPI/KOSDAQ,58221,X,X,X,X,X,X,X,X,X,X,6
057030,YBM넷,KOSPI/KOSDAQ,857,O,O,O,O,O,O,O,O,O,O,0
057050,현대홈쇼핑,KOSPI/KOSDAQ,47919,O,O,O,O,O,O,O,O,O,O,0
057100,(주)하이스마텍,KOSPI/KOSDAQ,58221,X,X,X,X,X,X,X,X,X,X,6
057110,(주)아이티센네트웍스,KOSPI/KOSDAQ,62021,X,X,X,X,X,X,X,X,X,X,6
057330,플래닛팔이(주),KOSPI/KOSDAQ,26293,X,X,X,X,X,X,X,X,X,X,6
057500,에스케이엔펄스(주),KOSPI/KOSDAQ,2629,O,X,X,O,X,X,X,X,X,X,4
057540,옴니시스템,KOSPI/KOSDAQ,272,O,O,O,O,O,O,O,O,O,O,0
057680,티사이언티픽,KOSPI/KOSDAQ,58222,O,O,O,O,O,O,O,O,O,O,0
057880,(주)푸른소나무,KOSPI/KOSDAQ,872,O,X,X,O,O,X,X,X,X,X,3
058110,멕아이씨에스,KOSPI/KOSDAQ,271,O,O,O,O,O,O,O,O,O,O,0
058220,(주)아리온테크놀로지,KOSPI/KOSDAQ,264,X,X,X,X,X,X,X,X,X,X,6
058370,(주)비엔씨컴퍼니,KOSPI/KOSDAQ,46721,X,X,X,X,X,X,X,X,X,X,6
058400,KNN,KOSPI/KOSDAQ,60210,O,O,O,O,O,O,O,O,O,O,0
058420,(주)제이웨이,KOSPI/KOSDAQ,59130,X,X,X,X,X,X,X,X,X,X,6
058430,포스코스틸리온,KOSPI/KOSDAQ,2419,O,O,O,O,O,O,O,O,O,O,0
058450,한주에이알티,KOSPI/KOSDAQ,591,O,O,O,O,O,O,O,O,O,O,0
058470,리노공업,KOSPI/KOSDAQ,2629,O,O,O,O,O,O,O,O,O,O,0
058480,해원에스티(주),KOSPI/KOSDAQ,24121,X,X,X,X,O,O,X,X,X,X,4
058530,헬스커넥트(주),KOSPI/KOSDAQ,63,O,O,X,O,O,O,O,X,X,X,1
058550,(주)네오리소스,KOSPI/KOSDAQ,2642,X,X,X,X,X,X,X,X,X,X,6
058610,에스피지,KOSPI/KOSDAQ,28111,O,O,O,O,O,O,O,O,O,O,0
058630,엠게임,KOSPI/KOSDAQ,5821,O,O,O,O,O,O,O,O,O,O,0
058650,세아홀딩스,KOSPI/KOSDAQ,241,O,O,O,O,O,O,O,O,X,X,0
058680,(주)오브제,KOSPI/KOSDAQ,14112,X,X,X,X,X,X,X,X,X,X,6
058690,(주)퓨쳐인포넷,KOSPI/KOSDAQ,58221,X,X,X,X,X,X,X,X,X,X,6
058730,다스코,KOSPI/KOSDAQ,25112,O,O,O,O,O,O,O,O,O,O,0
058820,CMG제약,KOSPI/KOSDAQ,212,O,O,O,O,O,O,O,O,O,O,0
058850,KTcs,KOSPI/KOSDAQ,63991,O,O,O,O,O,O,O,O,O,O,0
058860,KTis,KOSPI/KOSDAQ,63991,O,O,O,O,O,O,O,O,O,O,0
058900,(주)투미비티,KOSPI/KOSDAQ,58221,X,X,X,X,X,X,X,X,X,X,6
058970,엠로,KOSPI/KOSDAQ,582,O,O,O,O,O,O,O,O,O,O,0
059090,미코,KOSPI/KOSDAQ,261,O,O,O,O,O,O,O,O,O,O,0
059100,아이컴포넌트,KOSPI/KOSDAQ,26211,O,O,O,O,O,O,O,O,O,O,0
059120,아진엑스텍,KOSPI/KOSDAQ,2611,O,O,O,O,O,O,O,O,O,O,0
059180,엔더블유시,KOSPI/KOSDAQ,264,X,X,X,X,O,O,X,X,X,X,4
059210,메타바이오메드,KOSPI/KOSDAQ,213,O,O,O,O,O,O,O,O,O,O,0
059270,해성에어로보틱스,KOSPI/KOSDAQ,259,O,O,O,O,O,O,O,O,O,O,0
059720,(주)야호커뮤니케이션,KOSPI/KOSDAQ,63991,X,X,X,X,X,X,X,X,X,X,6
060000,(주)국민은행,KOSPI/KOSDAQ,64121,O,O,X,X,O,O,O,X,X,X,2
060150,인선이엔티,KOSPI/KOSDAQ,38230,O,O,O,O,O,O,O,O,O,O,0
060230,제이케이시냅스,KOSPI/KOSDAQ,204,O,O,O,O,O,O,O,O,O,O,0
060240,스타코링크,KOSPI/KOSDAQ,311,O,O,O,O,O,O,O,O,O,O,0
060250,NHN KCP,KOSPI/KOSDAQ,661,O,O,O,O,O,O,O,O,O,O,0
060260,뉴보텍,KOSPI/KOSDAQ,22211,O,O,O,O,O,O,O,O,O,O,0
060280,큐렉소,KOSPI/KOSDAQ,47812,O,O,O,O,O,O,O,O,O,O,0
060300,(주)레드로버,KOSPI/KOSDAQ,59112,X,X,X,X,O,O,X,X,X,X,4
060310,3S,KOSPI/KOSDAQ,272,O,O,O,O,O,O,O,X,X,X,0
060370,LS마린솔루션,KOSPI/KOSDAQ,423,O,O,O,O,O,O,O,O,O,O,0
060380,동양에스텍,KOSPI/KOSDAQ,241,O,O,O,O,O,O,O,O,O,O,0
060410,(주)베스트플로우,KOSPI/KOSDAQ,73901,X,X,X,X,X,X,X,X,X,X,6
060480,국일신동,KOSPI/KOSDAQ,24221,O,O,O,O,O,O,O,O,O,O,0
060540,에스에이티,KOSPI/KOSDAQ,27215,O,O,O,O,O,O,O,O,O,O,0
060550,우수씨엔에스(주),KOSPI/KOSDAQ,14120,X,X,X,X,X,X,X,X,X,X,6
060560,HC홈센타,KOSPI/KOSDAQ,467,O,O,O,O,O,O,O,O,O,O,0
060570,드림어스컴퍼니,KOSPI/KOSDAQ,603,O,O,O,O,O,O,O,O,O,O,0
060590,씨티씨바이오,KOSPI/KOSDAQ,212,O,O,O,O,O,O,O,O,O,O,0
060660,(주)한도하이테크,KOSPI/KOSDAQ,62021,X,X,X,X,X,X,X,X,X,X,6
060670,(주)유퍼트,KOSPI/KOSDAQ,2811,X,X,X,X,X,X,X,X,X,X,6
060720,KH바텍,KOSPI/KOSDAQ,2629,O,O,O,O,O,O,O,O,O,O,0
060750,(주)제이콤,KOSPI/KOSDAQ,2642,X,X,X,X,X,X,X,X,X,X,6
060850,영림원소프트랩,KOSPI/KOSDAQ,58221,O,O,O,O,O,O,O,O,O,O,0
060900,에이전트AI,KOSPI/KOSDAQ,351,O,O,O,O,O,O,O,O,O,O,0
060910,(주)프리젠,KOSPI/KOSDAQ,01299,O,O,X,O,O,O,O,X,X,X,1
060980,HL홀딩스,KOSPI/KOSDAQ,64992,O,O,O,O,O,O,O,O,X,X,0
061040,알에프텍,KOSPI/KOSDAQ,2642,O,O,O,O,O,O,O,O,O,O,0
061050,(주)지앤디윈텍,KOSPI/KOSDAQ,2642,X,X,X,X,X,X,X,X,X,X,6
061090,세나테크놀로지,KOSPI/KOSDAQ,26429,O,O,O,O,O,O,O,O,X,X,0
061140,(주)엘앤피아너스,KOSPI/KOSDAQ,26,X,X,X,X,X,X,X,X,X,X,6
061250,화일약품,KOSPI/KOSDAQ,212,O,O,O,O,O,O,O,O,O,O,0
061460,(주)한진피앤씨,KOSPI/KOSDAQ,2221,X,X,X,X,X,X,X,X,X,X,6
061970,LB세미콘,KOSPI/KOSDAQ,2612,O,O,O,O,O,O,O,O,O,O,0
062040,산일전기,KOSPI/KOSDAQ,28112,O,O,O,O,O,O,O,O,O,O,0
062580,(주)인산가,KOSPI/KOSDAQ,108,X,X,X,X,X,X,X,X,X,X,6
062730,(주)케너텍,KOSPI/KOSDAQ,291,X,X,X,X,X,X,X,X,X,X,6
062860,(주)티엘아이,KOSPI/KOSDAQ,2611,O,O,X,O,O,O,O,X,X,X,1
062970,한국첨단소재,KOSPI/KOSDAQ,26410,O,O,O,O,O,O,O,O,O,O,0
063080,컴투스홀딩스,KOSPI/KOSDAQ,582,O,O,O,O,O,O,O,O,X,X,0
063160,종근당바이오,KOSPI/KOSDAQ,212,O,O,O,O,O,O,O,O,O,O,0
063170,서울옥션,KOSPI/KOSDAQ,461,O,O,O,O,O,O,O,O,X,X,0
063280,(주)사이버패스,KOSPI/KOSDAQ,58221,X,X,X,X,X,X,X,X,X,X,6
063350,(주)팬택앤큐리텔,KOSPI/KOSDAQ,2642,X,X,X,X,X,X,X,X,X,X,6
063440,SM Life Design,KOSPI/KOSDAQ,182,O,O,O,O,O,O,O,O,O,O,0
063510,코오롱인터내셔널(주),KOSPI/KOSDAQ,46800,X,X,X,X,X,X,X,X,X,X,6
063570,NICE인프라,KOSPI/KOSDAQ,759,O,O,O,O,O,O,O,O,O,O,0
063760,이엘피,KOSPI/KOSDAQ,27212,O,O,O,O,O,O,O,O,O,O,0
063840,닉스테크(주),KOSPI/KOSDAQ,58221,X,X,X,X,X,X,X,X,X,X,6
064060,(주)사이노젠,KOSPI/KOSDAQ,29175,X,X,X,X,X,X,X,X,X,X,6
064090,인크레더블버즈,KOSPI/KOSDAQ,468,O,O,O,O,O,O,O,O,O,O,0
064240,홈캐스트,KOSPI/KOSDAQ,467,O,O,O,O,O,O,O,O,O,O,0
064260,다날,KOSPI/KOSDAQ,582,O,O,O,O,O,O,O,O,O,O,0
064290,인텍플러스,KOSPI/KOSDAQ,292,O,O,O,O,O,O,O,O,O,O,0
064350,현대로템,KOSPI/KOSDAQ,31910,O,O,O,O,O,O,O,O,O,O,0
064400,LG씨엔에스,KOSPI/KOSDAQ,62021,O,O,O,O,O,O,O,O,O,O,0
064420,(주)케이피케미칼,KOSPI/KOSDAQ,20111,X,X,X,X,X,X,X,X,X,X,6
064480,브리지텍,KOSPI/KOSDAQ,58221,O,O,O,O,O,O,O,O,O,O,0
064510,유네코(주),KOSPI/KOSDAQ,292,O,O,X,O,O,O,O,X,X,X,1
064520,테크엘,KOSPI/KOSDAQ,2612,O,O,O,O,O,O,O,O,O,O,0
064550,바이오니아,KOSPI/KOSDAQ,213,O,O,O,O,O,O,O,O,O,O,0
064720,(주)모델라인,KOSPI/KOSDAQ,2642,X,X,X,X,X,X,X,X,X,X,6
064760,티씨케이,KOSPI/KOSDAQ,23999,O,O,O,O,O,O,O,O,O,O,0
064800,포니링크,KOSPI/KOSDAQ,474,O,O,O,O,O,O,O,O,O,O,0
064820,케이프,KOSPI/KOSDAQ,31114,O,O,O,O,O,O,O,O,O,O,0
064850,에프앤가이드,KOSPI/KOSDAQ,639,O,O,O,O,O,O,O,O,O,O,0
064900,교보메리츠퍼스트기업구조조정부동산투자회사,KOSPI/KOSDAQ,68119,X,X,X,X,X,X,X,X,X,X,6
064960,SNT모티브,KOSPI/KOSDAQ,303,O,O,O,O,O,O,O,O,O,O,0
065060,지엔코,KOSPI/KOSDAQ,141,O,O,O,O,O,O,O,O,O,O,0
065130,탑엔지니어링,KOSPI/KOSDAQ,29272,O,O,O,O,O,O,O,O,O,O,0
065150,대산F&B,KOSPI/KOSDAQ,463,O,O,O,O,O,O,O,O,O,O,0
065160,(주)라임,KOSPI/KOSDAQ,20501,O,X,X,X,X,X,X,X,X,X,5
065170,비엘팜텍,KOSPI/KOSDAQ,463,O,O,O,O,O,O,O,O,O,O,0
065180,(주)해피드림,KOSPI/KOSDAQ,49301,X,X,X,X,X,X,X,X,X,X,6
065270,(주)플렉스컴,KOSPI/KOSDAQ,262,X,X,X,X,X,X,X,X,X,X,6
065310,(주)더스텔라,KOSPI/KOSDAQ,15129,X,X,X,X,O,O,X,X,X,X,4
065340,(주)쓰리디월드,KOSPI/KOSDAQ,26,X,X,X,X,X,X,X,X,X,X,6
065350,신성델타테크,KOSPI/KOSDAQ,28519,O,O,O,O,O,O,O,O,O,O,0
065370,위세아이텍,KOSPI/KOSDAQ,58221,O,O,O,O,O,O,O,O,O,O,0
065410,(주)지엔텍홀딩스,KOSPI/KOSDAQ,74100,X,X,X,X,X,X,X,X,X,X,6
065420,에스아이리소스,KOSPI/KOSDAQ,204,O,O,O,O,O,O,O,O,O,O,0
065440,이루온,KOSPI/KOSDAQ,58221,O,O,O,O,O,O,O,O,O,O,0
065450,빅텍,KOSPI/KOSDAQ,27211,O,O,O,O,O,O,O,O,O,O,0
065500,오리엔트정공,KOSPI/KOSDAQ,303,O,O,O,O,O,O,O,O,O,O,0
065510,휴비츠,KOSPI/KOSDAQ,27199,O,O,O,O,O,O,O,O,O,O,0
065530,와이어블,KOSPI/KOSDAQ,61299,O,O,O,O,O,O,O,O,O,O,0
065560,(주)녹원씨엔아이 ,KOSPI/KOSDAQ,181,O,O,X,O,O,O,O,X,X,X,1
065570,삼영이엔씨,KOSPI/KOSDAQ,26429,O,O,O,O,O,O,O,O,O,O,0
065610,(주)폴리플러스,KOSPI/KOSDAQ,20202,X,X,X,X,X,X,X,X,X,X,6
065620,(주)제낙스,KOSPI/KOSDAQ,24123,X,X,X,X,O,O,X,X,X,X,4
065650,하이퍼코퍼레이션,KOSPI/KOSDAQ,465,O,O,O,O,O,O,O,O,O,O,0
065660,안트로젠,KOSPI/KOSDAQ,467,O,O,O,O,O,O,O,O,O,O,0
065680,우주일렉트로,KOSPI/KOSDAQ,2629,O,O,O,O,O,O,O,O,O,O,0
065690,파커스,KOSPI/KOSDAQ,221,O,O,O,O,O,O,O,O,O,O,0
065710,서호전기,KOSPI/KOSDAQ,28123,O,O,O,O,O,O,O,O,O,O,0
065770,CS,KOSPI/KOSDAQ,2642,O,O,O,O,O,O,O,O,O,O,0
065810,유씨아이콜스(주),KOSPI/KOSDAQ,58221,X,X,X,X,X,X,X,X,X,X,6
065910,(주)피더블유제네틱스,KOSPI/KOSDAQ,62021,X,X,X,X,X,X,X,X,X,X,6
065940,(주)바이오빌,KOSPI/KOSDAQ,20132,X,X,X,X,X,X,X,X,X,X,6
065950,웰크론,KOSPI/KOSDAQ,13219,O,O,O,O,O,O,O,O,O,O,0
066060,(주)휴먼텍코리아,KOSPI/KOSDAQ,72129,X,X,X,X,X,X,X,X,X,X,6
066110,(주)한프,KOSPI/KOSDAQ,26329,X,X,X,X,X,X,X,X,X,X,6
066130,하츠,KOSPI/KOSDAQ,28519,O,O,O,O,O,O,O,O,O,O,0
066200,(주)이노블루,KOSPI/KOSDAQ,46521,X,X,X,X,X,X,X,X,X,X,6
066270,네이트커뮤니케이션즈 주식회사,KOSPI/KOSDAQ,631,X,X,X,X,X,X,X,X,X,X,6
066300,(주)샤인시스템,KOSPI/KOSDAQ,22211,X,X,X,X,X,X,X,X,X,X,6
066310,큐에스아이,KOSPI/KOSDAQ,2612,O,O,O,O,O,O,O,O,O,O,0
066330,세이프아시아(주),KOSPI/KOSDAQ,75310,X,X,X,X,X,X,X,X,X,X,6
066340,(주)케이에스리소스,KOSPI/KOSDAQ,2642,X,X,X,X,X,X,X,X,X,X,6
066350,(주)티엔아이,KOSPI/KOSDAQ,292,X,X,X,X,X,X,X,X,X,X,6
066360,체리부로,KOSPI/KOSDAQ,10121,O,O,O,O,O,O,O,O,O,O,0
066410,버킷스튜디오,KOSPI/KOSDAQ,612,O,O,O,O,O,O,O,O,O,O,0
066430,아이로보틱스,KOSPI/KOSDAQ,467,O,O,O,O,O,O,O,O,O,O,0
066480,(주)휘튼,KOSPI/KOSDAQ,85701,X,X,X,X,X,X,X,X,X,X,6
066570,LG전자,KOSPI/KOSDAQ,264,O,O,O,O,O,O,O,O,O,O,0
066590,스모트로닉,KOSPI/KOSDAQ,303,O,O,O,O,O,O,O,O,O,O,0
066620,국보디자인,KOSPI/KOSDAQ,424,O,O,O,O,O,O,O,O,O,O,0
066670,디티씨,KOSPI/KOSDAQ,681,O,O,O,O,O,O,O,O,O,O,0
066690,(주)보광티에스,KOSPI/KOSDAQ,2592,X,X,X,X,X,X,X,X,X,X,6
066700,테라젠이텍스,KOSPI/KOSDAQ,212,O,O,O,O,O,O,O,O,O,O,0
066790,씨씨에스,KOSPI/KOSDAQ,60222,O,O,O,O,O,O,O,O,O,O,0
066830,제노텍,KOSPI/KOSDAQ,204,X,X,O,X,O,O,X,X,X,X,3
066850,(주)아이드림,KOSPI/KOSDAQ,27,X,X,X,X,X,X,X,X,X,X,6
066900,디에이피,KOSPI/KOSDAQ,2622,O,O,O,O,O,O,O,O,O,O,0
066910,손오공,KOSPI/KOSDAQ,467,O,O,O,O,O,O,O,O,O,O,0
066930,(주)한국애보트진단,KOSPI/KOSDAQ,21309,X,X,X,X,X,X,X,X,X,X,6
066970,엘앤에프,KOSPI/KOSDAQ,28202,O,O,O,O,O,O,O,O,O,O,0
066980,한성크린텍,KOSPI/KOSDAQ,721,O,O,O,O,O,O,O,O,O,O,0
067000,조이시티,KOSPI/KOSDAQ,5821,O,O,O,O,O,O,O,O,X,X,0
067010,이씨에스,KOSPI/KOSDAQ,620,O,O,O,O,O,O,O,X,X,X,0
067080,대화제약,KOSPI/KOSDAQ,212,O,O,O,O,O,O,O,O,O,O,0
067130,(주)클루넷,KOSPI/KOSDAQ,62090,X,X,X,X,X,X,X,X,X,X,6
067160,SOOP,KOSPI/KOSDAQ,582,O,O,O,O,O,O,O,O,O,O,0
067170,오텍,KOSPI/KOSDAQ,304,O,O,O,O,O,O,O,O,O,O,0
067250,주식회사 케이조선,KOSPI/KOSDAQ,3111,O,O,X,O,O,O,O,X,X,X,1
067280,멀티캠퍼스,KOSPI/KOSDAQ,85650,O,O,O,O,O,O,O,O,X,X,0
067290,JW신약,KOSPI/KOSDAQ,212,O,O,O,O,O,O,O,O,O,O,0
067310,하나마이크론,KOSPI/KOSDAQ,2611,O,O,O,O,O,O,O,O,O,O,0
067370,선바이오,KOSPI/KOSDAQ,212,O,O,O,O,O,O,O,O,O,O,0
067390,아스트,KOSPI/KOSDAQ,31322,O,O,O,O,O,O,O,O,O,O,0
067570,엔브이에이치코리아,KOSPI/KOSDAQ,30320,O,O,O,O,O,O,O,O,O,O,0
067630,HLB생명과학,KOSPI/KOSDAQ,213,O,O,O,O,O,O,O,O,X,X,0
067730,로지시스,KOSPI/KOSDAQ,62090,O,O,O,O,O,O,O,O,O,O,0
067770,세진티에스,KOSPI/KOSDAQ,26211,O,O,O,O,O,O,O,O,O,O,0
067830,세이브존I&C,KOSPI/KOSDAQ,47111,O,O,O,O,O,O,O,O,O,O,0
067850,(주)바이나믹,KOSPI/KOSDAQ,59114,X,X,X,X,X,X,X,X,X,X,6
067900,와이엔텍,KOSPI/KOSDAQ,38220,O,O,O,O,O,O,O,O,O,O,0
067910,(주)코크렙제1호기업구조조정부동산투자회사,KOSPI/KOSDAQ,68112,X,X,X,X,X,X,X,X,X,X,6
067920,이글루,KOSPI/KOSDAQ,639,O,O,O,O,O,O,O,O,X,X,0
067950,티이씨(주),KOSPI/KOSDAQ,292,X,X,X,X,X,X,X,X,X,X,6
067990,도이치모터스,KOSPI/KOSDAQ,451,O,O,O,O,O,O,O,O,O,O,0
068050,팬엔터테인먼트,KOSPI/KOSDAQ,59114,O,O,O,O,O,O,O,O,O,O,0
068060,케이씨더블류 (주),KOSPI/KOSDAQ,68112,O,O,X,O,O,O,O,X,X,X,1
068100,케이웨더,KOSPI/KOSDAQ,291,O,O,O,O,O,O,O,X,O,O,0
068150,(주)케이엔씨글로벌,KOSPI/KOSDAQ,424,X,X,X,X,X,X,X,X,X,X,6
068240,다원시스,KOSPI/KOSDAQ,2811,O,O,O,O,O,O,O,O,O,O,0
068270,셀트리온,KOSPI/KOSDAQ,21100,O,O,O,O,O,O,O,O,O,O,0
068290,삼성출판사,KOSPI/KOSDAQ,5811,O,O,O,O,O,O,O,O,O,O,0
068330,일신바이오,KOSPI/KOSDAQ,29171,O,O,O,O,O,O,O,O,O,O,0
068400,에스케이렌터카(주),KOSPI/KOSDAQ,76110,O,O,X,O,O,O,O,X,X,X,1
068420,(주)엔터미디어,KOSPI/KOSDAQ,26,O,O,X,O,O,O,O,X,X,X,1
068630,(주)에피밸리,KOSPI/KOSDAQ,2642,X,X,X,X,X,X,X,X,X,X,6
068760,셀트리온제약,KOSPI/KOSDAQ,212,O,O,O,O,O,O,O,O,O,O,0
068770,(주)선우중공업,KOSPI/KOSDAQ,292,X,X,X,X,X,X,X,X,X,X,6
068790,DMS,KOSPI/KOSDAQ,292,O,O,O,O,O,O,O,O,O,O,0
068870,(주)LG생명과학,KOSPI/KOSDAQ,21212,X,X,X,X,X,X,X,X,X,X,6
068930,디지털대성,KOSPI/KOSDAQ,855,O,O,O,O,O,O,O,O,O,O,0
068940,셀피글로벌,KOSPI/KOSDAQ,26293,O,O,O,O,O,O,O,O,O,O,0
069080,웹젠,KOSPI/KOSDAQ,5821,O,O,O,O,O,O,O,O,O,O,0
069110,(주)유한코스메틱,KOSPI/KOSDAQ,20423,O,X,X,O,O,O,X,X,X,X,2
069140,누리플랜,KOSPI/KOSDAQ,25112,O,O,O,O,O,O,O,O,O,O,0
069260,TKG휴켐스,KOSPI/KOSDAQ,2049,O,O,O,O,O,O,O,O,O,O,0
069330,유아이디,KOSPI/KOSDAQ,26211,O,O,O,O,O,O,O,O,O,O,0
069410,엔텔스,KOSPI/KOSDAQ,58221,O,O,O,O,O,O,O,O,O,O,0
069460,대호에이엘,KOSPI/KOSDAQ,24222,O,O,O,O,O,O,O,O,O,O,0
069470,(주)제로원인터랙티브,KOSPI/KOSDAQ,63991,X,X,X,X,X,X,X,X,X,X,6
069510,에스텍,KOSPI/KOSDAQ,26529,O,O,O,O,O,O,O,O,O,O,0
069540,빛과전자,KOSPI/KOSDAQ,264,O,O,O,O,O,O,O,O,O,O,0
069620,대웅제약,KOSPI/KOSDAQ,212,O,O,O,O,O,O,O,O,O,O,0
069640,한세엠케이,KOSPI/KOSDAQ,4741,O,O,O,O,O,O,O,O,O,O,0
069730,DSR제강,KOSPI/KOSDAQ,24123,O,O,O,O,O,O,O,O,O,O,0
069920,엑시온그룹,KOSPI/KOSDAQ,479,O,O,O,O,O,O,O,O,O,O,0
069960,현대백화점,KOSPI/KOSDAQ,47111,O,O,O,O,O,O,O,O,O,O,0
070080,삼보오토(주),KOSPI/KOSDAQ,30,O,O,X,O,O,O,O,X,X,X,1
070300,엑스큐어,KOSPI/KOSDAQ,58222,O,O,O,O,O,O,O,O,O,O,0
070480,신비앤텍(주),KOSPI/KOSDAQ,29271,X,X,X,X,O,O,X,X,X,X,4
070540,(주)코크렙제2호기업구조조정부동산투자회사,KOSPI/KOSDAQ,68112,X,X,X,X,X,X,X,X,X,X,6
070590,인티큐브,KOSPI/KOSDAQ,62010,O,O,O,O,O,O,O,O,O,O,0
070960,모나용평,KOSPI/KOSDAQ,55103,O,O,O,O,O,O,O,O,O,O,0
071050,한국금융지주,KOSPI/KOSDAQ,64992,O,O,O,O,O,O,O,O,X,X,0
071090,하이스틸,KOSPI/KOSDAQ,2413,O,O,O,O,O,O,O,O,O,O,0
071200,인피니트헬스케어,KOSPI/KOSDAQ,582,O,O,O,O,O,O,O,O,O,O,0
071280,로체시스템즈,KOSPI/KOSDAQ,292,O,O,O,O,O,O,O,O,O,O,0
071320,지역난방공사,KOSPI/KOSDAQ,35300,O,O,O,O,O,O,O,O,O,O,0
071360,(주)나노하이텍,KOSPI/KOSDAQ,26211,X,X,X,X,X,X,X,X,X,X,6
071460,(주)위니아,KOSPI/KOSDAQ,28519,O,O,X,O,O,O,O,X,X,X,1
071530,(주)유에이블,KOSPI/KOSDAQ,15129,X,X,X,X,X,X,X,X,X,X,6
071660,에스에스씨피(주),KOSPI/KOSDAQ,2049,X,X,X,X,X,X,X,X,X,X,6
071670,에이테크솔루션,KOSPI/KOSDAQ,29293,O,O,O,O,O,O,O,O,O,O,0
071840,롯데하이마트,KOSPI/KOSDAQ,47320,O,O,O,O,O,O,O,O,O,O,0
071850,캐스텍코리아,KOSPI/KOSDAQ,303,O,O,O,O,O,O,O,O,O,O,0
071930,에이스하이텍(주),KOSPI/KOSDAQ,2629,X,X,X,X,X,X,X,X,X,X,6
071950,코아스,KOSPI/KOSDAQ,320,O,O,O,O,O,O,O,O,O,O,0
071970,HD현대마린엔진,KOSPI/KOSDAQ,29119,O,O,O,O,O,O,O,O,O,O,0
072020,중앙백신,KOSPI/KOSDAQ,211,O,O,O,O,O,O,O,O,O,O,0
072130,유엔젤,KOSPI/KOSDAQ,631,O,O,O,O,O,O,O,O,O,O,0
072430,(주)아이레보,KOSPI/KOSDAQ,2599,X,X,X,X,X,X,X,X,X,X,6
072450,리얼티코리아제1호기업구조조정부동산투자(주),KOSPI/KOSDAQ,68112,X,X,X,X,X,X,X,X,X,X,6
072470,우리산업홀딩스,KOSPI/KOSDAQ,303,O,O,O,O,O,O,O,O,X,X,0
072520,(주)제넨바이오,KOSPI/KOSDAQ,701,O,X,X,O,X,X,X,X,X,X,4
072530,나이스메탈(주),KOSPI/KOSDAQ,2611,X,X,X,X,X,X,X,X,X,X,6
072710,농심홀딩스,KOSPI/KOSDAQ,64992,O,O,O,O,O,O,O,O,X,X,0
072770,멤레이비티,KOSPI/KOSDAQ,620,O,O,O,O,O,O,O,O,O,O,0
072870,메가스터디,KOSPI/KOSDAQ,581,O,O,O,O,O,O,O,O,O,O,0
072950,빛샘전자,KOSPI/KOSDAQ,262,O,O,O,O,O,O,O,O,O,O,0
072990,에이치시티,KOSPI/KOSDAQ,72911,O,O,O,O,O,O,O,O,O,O,0
073010,케이에스피,KOSPI/KOSDAQ,29111,O,O,O,O,O,O,O,O,O,O,0
073070,에이팸(주),KOSPI/KOSDAQ,303,X,X,X,X,O,O,X,X,X,X,4
073110,엘엠에스,KOSPI/KOSDAQ,262,O,O,O,O,O,O,O,O,O,O,0
073130,(주)인스프리트,KOSPI/KOSDAQ,58221,X,X,X,X,X,X,X,X,X,X,6
073190,듀오백,KOSPI/KOSDAQ,32091,O,O,O,O,O,O,O,O,O,O,0
073240,금호타이어,KOSPI/KOSDAQ,221,O,O,O,O,O,O,O,O,O,O,0
073470,유레스메리츠제1호,KOSPI/KOSDAQ,68112,X,X,X,X,X,X,X,X,X,X,6
073490,LIG아큐버,KOSPI/KOSDAQ,2642,O,O,O,O,O,O,O,O,O,O,0
073530,코크렙제3호CR리츠,KOSPI/KOSDAQ,68112,X,X,X,X,X,X,X,X,X,X,6
073540,에프알텍,KOSPI/KOSDAQ,2642,O,O,O,O,O,O,O,O,O,O,0
073560,우리손에프앤지,KOSPI/KOSDAQ,101,O,O,O,O,O,O,O,O,O,O,0
073570,리튬포어스,KOSPI/KOSDAQ,339,O,O,O,O,O,O,O,O,O,O,0
073640,테라사이언스,KOSPI/KOSDAQ,25929,O,O,O,O,O,O,O,O,O,O,0
073710,(주)씨디네트웍스,KOSPI/KOSDAQ,631,X,X,X,X,X,X,X,X,X,X,6
073780,(주)케이디세코,KOSPI/KOSDAQ,26,X,X,X,X,X,X,X,X,X,X,6
073930,(주)제너시스템즈,KOSPI/KOSDAQ,58221,X,X,X,X,X,X,X,X,X,X,6
074000,주식회사 에스지피엠,KOSPI/KOSDAQ,68112,X,X,X,X,X,X,X,X,X,X,6
074130,(주)디아이디,KOSPI/KOSDAQ,26211,X,X,X,X,X,X,X,X,X,X,6
074140,(주)엑스로드,KOSPI/KOSDAQ,26429,X,X,X,X,X,X,X,X,X,X,6
074150,(주)엠제이비,KOSPI/KOSDAQ,42,X,X,X,X,X,X,X,X,X,X,6
074430,아미노로직스,KOSPI/KOSDAQ,211,O,O,O,O,O,O,O,O,O,O,0
074600,원익QnC,KOSPI/KOSDAQ,2312,O,O,O,O,O,O,O,O,O,O,0
074610,이엔플러스,KOSPI/KOSDAQ,29193,O,O,O,O,O,O,O,O,O,O,0
075130,플랜티넷,KOSPI/KOSDAQ,620,O,O,O,O,O,O,O,O,O,O,0
075180,새론오토모티브,KOSPI/KOSDAQ,303,O,O,O,O,O,O,O,O,O,O,0
075580,세진중공업,KOSPI/KOSDAQ,31114,O,O,O,O,O,O,O,O,O,O,0
075970,동국알앤에스,KOSPI/KOSDAQ,239,O,O,O,O,O,O,O,O,O,O,0
076080,웰크론한텍,KOSPI/KOSDAQ,411,O,O,O,O,O,O,O,O,O,O,0
076090,(주)테이크시스템즈,KOSPI/KOSDAQ,29272,X,X,X,X,X,X,X,X,X,X,6
076170,(주)지비에스,KOSPI/KOSDAQ,25933,X,X,X,X,X,X,X,X,X,X,6
076340,지에이이노더스,KOSPI/KOSDAQ,421,X,X,O,X,O,O,X,X,X,X,3
076610,해성옵틱스,KOSPI/KOSDAQ,273,O,O,O,O,O,O,O,O,O,O,0
076850,(주)맥쿼리센트럴오피스기업구조조정부동산투자회사,KOSPI/KOSDAQ,68112,X,X,X,X,X,X,X,X,X,X,6
077280,(주)한컴지엠디,KOSPI/KOSDAQ,582,X,X,X,X,X,X,X,X,X,X,6
077360,덕산하이메탈,KOSPI/KOSDAQ,261,O,O,O,O,O,O,O,O,O,O,0
077500,유니퀘스트,KOSPI/KOSDAQ,4659,O,O,O,O,O,O,O,O,O,O,0
077960,케이이엔지(주),KOSPI/KOSDAQ,29271,X,X,X,X,X,X,X,X,X,X,6
077970,STX엔진,KOSPI/KOSDAQ,29111,O,O,O,O,O,O,O,O,O,O,0
078000,텔코웨어,KOSPI/KOSDAQ,631,O,O,O,O,O,O,O,O,O,O,0
078020,LS증권,KOSPI/KOSDAQ,66121,O,O,O,O,O,O,O,O,X,X,0
078070,유비쿼스홀딩스,KOSPI/KOSDAQ,64992,O,O,O,O,O,O,O,O,X,X,0
078130,국일제지,KOSPI/KOSDAQ,179,O,O,O,O,O,O,O,O,O,O,0
078140,대봉엘에스,KOSPI/KOSDAQ,212,O,O,O,O,O,O,O,O,O,O,0
078150,HB테크놀러지,KOSPI/KOSDAQ,29272,O,O,O,O,O,O,O,O,O,O,0
078160,메디포스트,KOSPI/KOSDAQ,211,O,O,O,O,O,O,O,O,O,O,0
078340,컴투스,KOSPI/KOSDAQ,5821,O,O,O,O,O,O,O,O,O,O,0
078350,한양디지텍,KOSPI/KOSDAQ,2611,O,O,O,O,O,O,O,O,O,O,0
078420,동북아1호선박투자회사,KOSPI/KOSDAQ,71531,X,X,X,X,X,X,X,X,X,X,6
078520,에이블씨엔씨,KOSPI/KOSDAQ,20423,O,O,O,O,O,O,O,O,O,O,0
078590,휴림에이텍,KOSPI/KOSDAQ,303,O,O,O,O,O,O,O,O,O,O,0
078600,대주전자재료,KOSPI/KOSDAQ,2629,O,O,O,O,O,O,O,O,O,O,0
078610,(주)도움,KOSPI/KOSDAQ,2642,X,X,X,X,X,X,X,X,X,X,6
078650,지나인제약(주),KOSPI/KOSDAQ,27301,X,X,X,X,X,X,X,X,X,X,6
078670,(주)아구스,KOSPI/KOSDAQ,26,X,X,X,X,X,X,X,X,X,X,6
078700,(주)신지소프트,KOSPI/KOSDAQ,58221,X,X,X,X,X,X,X,X,X,X,6
078780,(주)아이디에스,KOSPI/KOSDAQ,262,X,X,X,X,X,X,X,X,X,X,6
078860,아이오케이이엔엠,KOSPI/KOSDAQ,591,O,O,O,O,O,O,O,O,O,O,0
078890,가온그룹,KOSPI/KOSDAQ,264,O,O,O,O,O,O,O,O,O,O,0
078930,GS,KOSPI/KOSDAQ,64992,O,O,O,O,O,O,O,O,O,O,0
078940,퀀타피아(주),KOSPI/KOSDAQ,464,O,X,X,O,O,X,X,X,X,X,3
079000,와토스코리아,KOSPI/KOSDAQ,22222,O,O,O,O,O,O,O,O,O,O,0
079160,CJ CGV,KOSPI/KOSDAQ,59141,O,O,O,O,O,O,O,O,O,O,0
079170,한창산업,KOSPI/KOSDAQ,24229,O,O,O,O,O,O,O,O,O,O,0
079190,케스피온,KOSPI/KOSDAQ,26422,O,O,O,O,O,O,O,O,O,O,0
079340,(주)하이럭스,KOSPI/KOSDAQ,26211,X,X,X,X,X,X,X,X,X,X,6
079370,제우스,KOSPI/KOSDAQ,29271,O,O,O,O,O,O,O,O,O,O,0
079430,현대리바트,KOSPI/KOSDAQ,32029,O,O,O,O,O,O,O,O,O,O,0
079440,오렌지라이프생명보험(주),KOSPI/KOSDAQ,65110,X,X,X,X,X,X,X,X,X,X,6
079550,LIG디펜스앤에어로스페이스,KOSPI/KOSDAQ,25200,O,O,O,O,O,O,O,O,O,O,0
079560,(주)시노펙스멤브레인,KOSPI/KOSDAQ,2629,X,X,X,X,X,X,X,X,X,X,6
079650,서산,KOSPI/KOSDAQ,23322,O,O,O,O,O,O,O,O,O,O,0
079660,(주)사조해표,KOSPI/KOSDAQ,108,X,X,X,X,X,X,X,X,X,X,6
079810,APS이노베이션,KOSPI/KOSDAQ,289,O,O,O,O,O,O,O,O,O,O,0
079870,산양전기(주),KOSPI/KOSDAQ,2622,X,X,X,X,X,X,X,X,X,X,6
079900,전진건설로봇,KOSPI/KOSDAQ,292,O,O,O,O,O,O,O,O,O,O,0
079940,가비아,KOSPI/KOSDAQ,58221,O,O,O,O,O,O,O,O,O,O,0
079950,인베니아,KOSPI/KOSDAQ,29272,O,O,O,O,O,O,O,O,O,O,0
079960,동양이엔피,KOSPI/KOSDAQ,2811,O,O,O,O,O,O,O,O,O,O,0
079970,투비소프트,KOSPI/KOSDAQ,58221,O,O,O,O,O,O,O,O,O,O,0
079980,휴비스,KOSPI/KOSDAQ,20501,O,O,O,O,O,O,O,O,O,O,0
080000,에스엔유프리시젼(주),KOSPI/KOSDAQ,292,X,X,X,X,X,X,X,X,X,X,6
080010,이상네트웍스,KOSPI/KOSDAQ,4610,O,O,O,O,O,O,O,O,O,O,0
080030,동북아2호선박투자회사,KOSPI/KOSDAQ,71531,X,X,X,X,X,X,X,X,X,X,6
080140,(주)디보스,KOSPI/KOSDAQ,26,X,X,X,X,X,X,X,X,X,X,6
080160,모두투어,KOSPI/KOSDAQ,75210,O,O,O,O,O,O,O,O,O,O,0
080180,아시아퍼시픽1호선박투자회사,KOSPI/KOSDAQ,76190,X,X,X,X,X,X,X,X,X,X,6
080220,제주반도체,KOSPI/KOSDAQ,2611,O,O,O,O,O,O,O,O,O,O,0
080410,동북아6호선박투자회사,KOSPI/KOSDAQ,71531,X,X,X,X,X,X,X,X,X,X,6
080420,모다이노칩,KOSPI/KOSDAQ,474,O,O,O,O,O,O,O,O,O,O,0
080440,(주)에스제이케이,KOSPI/KOSDAQ,467,X,X,X,X,X,X,X,X,X,X,6
080470,성창오토텍,KOSPI/KOSDAQ,303,O,O,O,O,O,O,O,O,O,O,0
080520,오디텍,KOSPI/KOSDAQ,2612,O,O,O,O,O,O,O,O,O,O,0
080530,코디,KOSPI/KOSDAQ,204,O,O,O,O,O,O,O,O,O,O,0
080570,(주)국제개발,KOSPI/KOSDAQ,41224,X,X,X,X,X,X,X,X,X,X,6
080580,오킨스전자,KOSPI/KOSDAQ,262,O,O,O,O,O,O,O,O,O,O,0
080720,한국유니온제약,KOSPI/KOSDAQ,212,O,O,O,O,O,O,O,O,O,O,0
080960,동북아3호선박투자회사,KOSPI/KOSDAQ,71531,X,X,X,X,X,X,X,X,X,X,6
080970,동북아4호선박투자회사,KOSPI/KOSDAQ,71531,X,X,X,X,X,X,X,X,X,X,6
080980,동북아5호선박투자회사,KOSPI/KOSDAQ,71531,X,X,X,X,X,X,X,X,X,X,6
081000,일진다이아,KOSPI/KOSDAQ,204,O,O,O,O,O,O,O,O,O,O,0
081090,(주)씨모텍,KOSPI/KOSDAQ,2642,X,X,X,X,X,X,X,X,X,X,6
081150,티플랙스,KOSPI/KOSDAQ,242,O,O,O,O,O,O,O,O,O,O,0
081180,쎄크,KOSPI/KOSDAQ,291,O,O,O,O,O,O,O,O,X,X,0
081190,아시아퍼시픽2호선박투자회사,KOSPI/KOSDAQ,76190,X,X,X,X,X,X,X,X,X,X,6
081200,아시아퍼시픽3호선박투자회사,KOSPI/KOSDAQ,76190,X,X,X,X,X,X,X,X,X,X,6
081210,아시아퍼시픽4호선박투자회사,KOSPI/KOSDAQ,76190,X,X,X,X,X,X,X,X,X,X,6
081220,세미텍(주),KOSPI/KOSDAQ,2612,X,X,X,X,X,X,X,X,X,X,6
081500,(주)엑스씨이,KOSPI/KOSDAQ,58221,X,X,X,X,X,X,X,X,X,X,6
081580,성우전자,KOSPI/KOSDAQ,2642,O,O,O,O,O,O,O,O,O,O,0
081660,미스토홀딩스,KOSPI/KOSDAQ,464,O,O,O,O,O,O,O,O,X,X,0
081930,아시아퍼시픽8호선박투자회사,KOSPI/KOSDAQ,76190,X,X,X,X,X,X,X,X,X,X,6
081940,아시아퍼시픽9호선박투자회사,KOSPI/KOSDAQ,76190,X,X,X,X,X,X,X,X,X,X,6
081970,(주)케이엑스넥스지,KOSPI/KOSDAQ,58221,O,O,X,O,O,O,O,X,X,X,1
082110,동북아8호선박투자회사,KOSPI/KOSDAQ,71531,X,X,X,X,X,X,X,X,X,X,6
082210,옵트론텍,KOSPI/KOSDAQ,273,O,O,O,O,O,O,O,O,O,O,0
082220,(주)프렉코,KOSPI/KOSDAQ,26422,X,X,X,X,X,X,X,X,X,X,6
082240,아시아퍼시픽5호선박투자회사,KOSPI/KOSDAQ,76190,X,X,X,X,X,X,X,X,X,X,6
082250,아시아퍼시픽6호선박투자회사,KOSPI/KOSDAQ,76190,X,X,X,X,X,X,X,X,X,X,6
082260,아시아퍼시픽7호선박투자회사,KOSPI/KOSDAQ,76190,X,X,X,X,X,X,X,X,X,X,6
082270,젬백스,KOSPI/KOSDAQ,29271,O,O,O,O,O,O,O,O,O,O,0
082390,(주)피엘에이,KOSPI/KOSDAQ,26211,X,X,X,X,X,X,X,X,X,X,6
082640,동양생명,KOSPI/KOSDAQ,65110,O,O,O,O,O,O,O,O,X,X,0
082660,코스나인,KOSPI/KOSDAQ,204,O,O,O,O,O,O,X,O,O,O,0
082740,한화엔진,KOSPI/KOSDAQ,29111,O,O,O,O,O,O,O,O,O,O,0
082800,비보존 제약,KOSPI/KOSDAQ,212,O,O,O,O,O,O,O,O,O,O,0
082850,우리바이오,KOSPI/KOSDAQ,108,O,O,O,O,O,O,O,O,O,O,0
082920,비츠로셀,KOSPI/KOSDAQ,28201,O,O,O,O,O,O,O,O,O,O,0
082930,(주)실리콘화일,KOSPI/KOSDAQ,2611,X,X,X,X,X,X,X,X,X,X,6
083120,동북아9호선박투자회사,KOSPI/KOSDAQ,71531,X,X,X,X,X,X,X,X,X,X,6
083160,현대경매부동산일호투자회사,KOSPI/KOSDAQ,64201,X,X,X,X,X,X,X,X,X,X,6
083310,엘오티베큠,KOSPI/KOSDAQ,29271,O,O,O,O,O,O,O,O,O,O,0
083350,동북아10호선박투자회사,KOSPI/KOSDAQ,761,X,X,X,X,X,X,X,X,X,X,6
083360,동북아11호선박투자회사,KOSPI/KOSDAQ,761,X,X,X,X,X,X,X,X,X,X,6
083370,동북아12호선박투자회사,KOSPI/KOSDAQ,761,X,X,X,X,X,X,X,X,X,X,6
083380,동북아13호선박투자회사,KOSPI/KOSDAQ,761,X,X,X,X,X,X,X,X,X,X,6
083390,동북아14호선박투자회사,KOSPI/KOSDAQ,761,X,X,X,X,X,X,X,X,X,X,6
083420,그린케미칼,KOSPI/KOSDAQ,20421,O,O,O,O,O,O,O,O,O,O,0
083450,GST,KOSPI/KOSDAQ,29271,O,O,O,O,O,O,O,O,O,O,0
083470,이엠앤아이,KOSPI/KOSDAQ,201,O,O,O,O,O,O,O,O,O,O,0
083500,에프엔에스테크,KOSPI/KOSDAQ,29272,O,O,O,O,O,O,O,O,O,O,0
083550,케이엠,KOSPI/KOSDAQ,139,O,O,O,O,O,O,O,O,O,O,0
083570,아시아퍼시픽10호선박투자회사,KOSPI/KOSDAQ,76190,X,X,X,X,X,X,X,X,X,X,6
083580,아시아퍼시픽11호선박투자회사,KOSPI/KOSDAQ,76190,X,X,X,X,X,X,X,X,X,X,6
083590,아시아퍼시픽12호선박투자회사,KOSPI/KOSDAQ,76190,X,X,X,X,X,X,X,X,X,X,6
083600,아시아퍼시픽13호선박투자회사,KOSPI/KOSDAQ,76190,X,X,X,X,X,X,X,X,X,X,6
083610,아시아퍼시픽14호선박투자회사,KOSPI/KOSDAQ,76190,X,X,X,X,X,X,X,X,X,X,6
083620,아시아퍼시픽15호선박투자회사,KOSPI/KOSDAQ,76190,X,X,X,X,X,X,X,X,X,X,6
083640,인콘,KOSPI/KOSDAQ,468,O,O,O,O,O,O,O,O,O,O,0
083650,비에이치아이,KOSPI/KOSDAQ,29176,O,O,O,O,O,O,O,O,O,O,0
083660,CSA 코스믹,KOSPI/KOSDAQ,204,O,O,O,O,O,O,O,O,O,O,0
083790,CG인바이츠,KOSPI/KOSDAQ,70113,O,O,O,O,O,O,O,O,O,O,0
083930,아바코,KOSPI/KOSDAQ,29272,O,O,O,O,O,O,O,O,O,O,0
084010,대한제강,KOSPI/KOSDAQ,2411,O,O,O,O,O,O,O,O,O,O,0
084110,휴온스글로벌,KOSPI/KOSDAQ,212,O,O,O,O,O,O,O,O,O,O,0
084160,골든브릿지더블유엠경매부동산일호투자회사,KOSPI/KOSDAQ,64209,X,X,X,X,X,X,X,X,X,X,6
084180,수성웹툰,KOSPI/KOSDAQ,29169,O,O,O,O,O,O,O,O,O,O,0
084240,동북아15호선박투자회사,KOSPI/KOSDAQ,71531,X,X,X,X,X,X,X,X,X,X,6
084370,유진테크,KOSPI/KOSDAQ,29271,O,O,O,O,O,O,O,O,O,O,0
084440,유비온,KOSPI/KOSDAQ,582,O,O,O,O,O,O,O,X,X,X,0
084450,(주)세실,KOSPI/KOSDAQ,21100,X,X,X,X,X,X,X,X,X,X,6
084650,랩지노믹스,KOSPI/KOSDAQ,70113,O,O,O,O,O,O,O,O,O,O,0
084670,동양고속,KOSPI/KOSDAQ,49220,O,O,O,O,O,O,O,O,O,O,0
084680,이월드,KOSPI/KOSDAQ,331,O,O,O,O,O,O,O,O,O,O,0
084690,대상홀딩스,KOSPI/KOSDAQ,64992,O,O,O,O,O,O,O,O,X,X,0
084730,팅크웨어,KOSPI/KOSDAQ,264,O,O,O,O,O,O,O,O,O,O,0
084810,(주)아이알디,KOSPI/KOSDAQ,29271,X,X,X,X,X,X,X,X,X,X,6
084850,아이티엠반도체,KOSPI/KOSDAQ,2629,O,O,O,O,O,O,O,O,O,O,0
084870,TBH글로벌,KOSPI/KOSDAQ,141,O,O,O,O,O,O,O,O,O,O,0
084990,헬릭스미스,KOSPI/KOSDAQ,70113,O,O,O,O,O,O,O,O,O,O,0
085310,엔케이,KOSPI/KOSDAQ,2512,O,O,O,O,O,O,O,O,O,O,0
085370,(주)루트로닉,KOSPI/KOSDAQ,27199,X,X,X,X,X,X,X,X,X,X,6
085450,굿앤리치부동산공경매투자회사1호,KOSPI/KOSDAQ,64201,X,X,X,X,X,X,X,X,X,X,6
085620,미래에셋생명,KOSPI/KOSDAQ,65110,O,O,O,X,O,O,O,O,X,X,1
085660,차바이오텍,KOSPI/KOSDAQ,211,O,O,O,O,O,O,O,O,O,O,0
085670,뉴프렉스,KOSPI/KOSDAQ,2622,O,O,O,O,O,O,O,O,O,O,0
085680,(주)모빌탑,KOSPI/KOSDAQ,58221,X,X,X,X,X,X,X,X,X,X,6
085810,알티캐스트,KOSPI/KOSDAQ,58222,O,O,O,O,O,O,O,O,X,X,0
085910,네오티스,KOSPI/KOSDAQ,303,O,O,O,O,O,O,O,O,O,O,0
085980,(주)세화피앤씨,KOSPI/KOSDAQ,20423,X,X,X,X,X,X,X,X,X,X,6
085990,(주)영찬테크,KOSPI/KOSDAQ,29271,X,X,X,X,X,X,X,X,X,X,6
086040,바이오톡스텍,KOSPI/KOSDAQ,70113,O,O,O,O,O,O,O,O,O,O,0
086060,진바이오텍,KOSPI/KOSDAQ,462,O,O,O,O,O,O,O,O,O,O,0
086080,다이노나(주),KOSPI/KOSDAQ,70113,X,X,X,X,X,X,X,X,X,X,6
086200,(주)제이앤유글로벌,KOSPI/KOSDAQ,2642,X,X,X,X,X,X,X,X,X,X,6
086220,광동헬스바이오,KOSPI/KOSDAQ,108,O,O,O,O,O,O,O,X,X,X,0
086250,(주)화신테크,KOSPI/KOSDAQ,29293,O,X,X,X,X,X,X,X,X,X,5
086280,현대글로비스,KOSPI/KOSDAQ,5299,O,O,O,O,O,O,O,O,O,O,0
086390,유니테스트,KOSPI/KOSDAQ,29271,O,O,O,O,O,O,O,O,O,O,0
086450,동국제약,KOSPI/KOSDAQ,212,O,O,O,O,O,O,O,O,O,O,0
086460,(주)큐러블,KOSPI/KOSDAQ,70113,X,X,X,X,X,X,X,X,X,X,6
086520,에코프로,KOSPI/KOSDAQ,64992,O,O,O,O,O,O,O,O,O,O,0
086670,비엠티,KOSPI/KOSDAQ,29133,O,O,O,O,O,O,O,O,O,O,0
086710,선진뷰티사이언스,KOSPI/KOSDAQ,20499,O,O,O,O,O,O,O,O,O,O,0
086720,(주)코크렙제7호위탁관리부동산투자회사,KOSPI/KOSDAQ,68112,X,X,X,X,X,X,X,X,X,X,6
086790,하나금융지주,KOSPI/KOSDAQ,64992,O,O,O,X,O,O,O,O,X,X,1
086820,바이오솔루션,KOSPI/KOSDAQ,211,O,O,O,O,O,O,O,O,O,O,0
086830,(주)신양오라컴디스플레이,KOSPI/KOSDAQ,264,X,X,X,X,X,X,X,X,X,X,6
086890,이수앱지스,KOSPI/KOSDAQ,213,O,O,O,O,O,O,O,O,O,O,0
086900,메디톡스,KOSPI/KOSDAQ,211,O,O,O,O,O,O,O,O,O,O,0
086960,MDS테크,KOSPI/KOSDAQ,58221,O,O,O,O,O,O,O,O,O,O,0
086980,쇼박스,KOSPI/KOSDAQ,59130,O,O,O,O,O,O,O,O,O,O,0
087010,펩트론,KOSPI/KOSDAQ,211,O,O,O,O,O,O,O,O,O,O,0
087220,(주)스틸플라워,KOSPI/KOSDAQ,2413,X,X,X,X,X,X,X,X,X,X,6
087260,모바일어플라이언스,KOSPI/KOSDAQ,582,O,O,O,O,O,O,O,O,O,O,0
087600,픽셀플러스,KOSPI/KOSDAQ,2629,O,O,O,O,O,O,O,O,O,O,0
087730,(주)이엠네트웍스,KOSPI/KOSDAQ,20202,X,X,X,X,X,X,X,X,X,X,6
088010,동북아21호 선박투자회사,KOSPI/KOSDAQ,71531,X,X,X,X,X,X,X,X,X,X,6
088020,(주)네이쳐글로벌,KOSPI/KOSDAQ,2611,X,X,X,X,X,X,X,X,X,X,6
088130,동아엘텍,KOSPI/KOSDAQ,292,O,O,O,O,O,O,O,O,O,O,0
088260,이리츠코크렙,KOSPI/KOSDAQ,68112,O,O,O,O,O,O,O,O,X,X,0
088280,쏘닉스,KOSPI/KOSDAQ,26129,O,O,O,O,O,O,O,O,O,O,0
088290,이원컴포텍,KOSPI/KOSDAQ,303,O,O,O,O,O,O,O,O,O,O,0
088340,유라클,KOSPI/KOSDAQ,58221,O,O,O,O,O,O,O,O,O,O,0
088350,한화생명,KOSPI/KOSDAQ,65110,O,O,O,O,O,O,O,O,X,X,0
088390,이녹스,KOSPI/KOSDAQ,319,O,O,O,O,O,O,O,O,O,O,0
088510,굿앤리치부동산공경매투자회사2호,KOSPI/KOSDAQ,64201,X,X,X,X,X,X,X,X,X,X,6
088700,(주)마이스코,KOSPI/KOSDAQ,25912,X,X,X,X,X,X,X,X,X,X,6
088790,진도,KOSPI/KOSDAQ,467,O,O,O,O,O,O,O,O,O,O,0
088800,에이스테크,KOSPI/KOSDAQ,2642,O,O,O,O,O,O,O,O,O,O,0
088810,(주)맥스브로,KOSPI/KOSDAQ,2224,X,X,X,X,X,X,X,X,X,X,6
088910,동우팜투테이블,KOSPI/KOSDAQ,10121,O,O,O,O,O,O,O,O,O,O,0
088960,(주)씨티엘테크,KOSPI/KOSDAQ,263,X,X,X,X,X,X,X,X,X,X,6
088980,맥쿼리인프라,KOSPI/KOSDAQ,64201,X,X,O,X,O,X,X,X,X,X,4
089010,켐트로닉스,KOSPI/KOSDAQ,204,O,O,O,O,O,O,O,O,O,O,0
089030,테크윙,KOSPI/KOSDAQ,29271,O,O,O,O,O,O,O,O,O,O,0
089140,넥스턴앤롤코리아,KOSPI/KOSDAQ,292,O,O,O,O,O,O,O,O,O,O,0
089150,케이씨티,KOSPI/KOSDAQ,62021,O,O,O,O,O,O,O,O,O,O,0
089170,동북아27호선박투자회사,KOSPI/KOSDAQ,71531,X,X,X,X,X,X,X,X,X,X,6
089180,동북아28호선박투자회사,KOSPI/KOSDAQ,71531,X,X,X,X,X,X,X,X,X,X,6
089190,동북아29호선박투자회사,KOSPI/KOSDAQ,71531,X,X,X,X,X,X,X,X,X,X,6
089200,동북아30호선박투자회사,KOSPI/KOSDAQ,71531,X,X,X,X,X,X,X,X,X,X,6
089230,THE E&M,KOSPI/KOSDAQ,639,O,O,O,O,O,O,O,O,O,O,0
089240,네오세미테크(주),KOSPI/KOSDAQ,2612,X,X,X,X,X,X,X,X,X,X,6
089470,HDC현대EP,KOSPI/KOSDAQ,204,O,O,O,O,O,O,O,O,O,O,0
089480,(주)평산,KOSPI/KOSDAQ,25912,X,X,X,X,X,X,X,X,X,X,6
089530,(주)에이티세미콘,KOSPI/KOSDAQ,739,O,X,X,O,X,X,X,X,X,X,4
089590,제주항공,KOSPI/KOSDAQ,511,O,O,O,O,O,O,O,O,O,O,0
089600,KT나스미디어,KOSPI/KOSDAQ,71310,O,O,O,O,O,O,O,O,O,O,0
089790,제이티,KOSPI/KOSDAQ,29271,O,O,O,O,O,O,O,O,O,O,0
089850,유비벨록스,KOSPI/KOSDAQ,58221,O,O,O,O,O,O,O,O,O,O,0
089860,롯데렌탈,KOSPI/KOSDAQ,76110,O,O,O,O,O,O,O,O,O,O,0
089890,코세스,KOSPI/KOSDAQ,29271,O,O,O,O,O,O,O,O,O,O,0
089970,브이엠,KOSPI/KOSDAQ,29271,O,O,O,O,O,O,O,O,O,O,0
089980,상아프론테크,KOSPI/KOSDAQ,222,O,O,O,O,O,O,O,O,O,O,0
090080,평화산업,KOSPI/KOSDAQ,303,O,O,O,O,O,O,O,O,O,O,0
090090,(주)디앤샵,KOSPI/KOSDAQ,4791,X,X,X,X,X,X,X,X,X,X,6
090120,잘만테크(주),KOSPI/KOSDAQ,263,O,O,X,O,O,O,O,X,X,X,1
090150,아이윈,KOSPI/KOSDAQ,303,O,O,O,O,O,O,O,O,O,O,0
090350,노루페인트,KOSPI/KOSDAQ,20411,O,O,O,O,O,O,O,O,O,O,0
090360,로보스타,KOSPI/KOSDAQ,29280,O,O,O,O,O,O,O,O,O,O,0
090370,메타랩스,KOSPI/KOSDAQ,141,O,O,O,O,O,O,O,O,O,O,0
090410,덕신이피씨,KOSPI/KOSDAQ,25112,O,O,O,O,O,O,O,O,O,O,0
090430,아모레퍼시픽,KOSPI/KOSDAQ,20423,O,O,O,O,O,O,O,O,O,O,0
090460,비에이치,KOSPI/KOSDAQ,2622,O,O,O,O,O,O,O,O,O,O,0
090470,제이스로보틱스,KOSPI/KOSDAQ,29271,O,O,O,O,O,O,O,O,O,O,0
090540,(주)코크렙제8호위탁관리부동산투자회사,KOSPI/KOSDAQ,68112,X,X,X,X,X,X,X,X,X,X,6
090710,휴림로봇,KOSPI/KOSDAQ,29280,O,O,O,O,O,O,O,O,O,O,0
090730,(주)심팩메탈,KOSPI/KOSDAQ,24113,X,X,X,X,X,X,X,X,X,X,6
090740,(주)와이앤넥스트,KOSPI/KOSDAQ,26224,O,O,X,X,O,O,O,X,X,X,2
090850,현대이지웰,KOSPI/KOSDAQ,58222,O,O,O,O,O,O,O,O,O,O,0
090970,코리아퍼시픽01호선박투자회사,KOSPI/KOSDAQ,76190,X,X,X,X,X,X,X,X,X,X,6
090980,코리아퍼시픽02호선박투자회사,KOSPI/KOSDAQ,76190,X,X,X,X,X,X,X,X,X,X,6
090990,코리아퍼시픽03호선박투자회사,KOSPI/KOSDAQ,76190,X,X,X,X,X,X,X,X,X,X,6
091000,코리아퍼시픽04호선박투자회사,KOSPI/KOSDAQ,76190,X,X,X,X,X,X,X,X,X,X,6
091090,세원이앤씨(주),KOSPI/KOSDAQ,251,O,O,X,O,O,O,O,X,X,X,1
091120,이엠텍,KOSPI/KOSDAQ,262,O,O,O,O,O,O,O,O,O,O,0
091270,(주)유디피,KOSPI/KOSDAQ,58222,X,X,X,X,X,X,X,X,X,X,6
091340,S&K폴리텍,KOSPI/KOSDAQ,2629,O,O,O,O,O,O,O,O,O,O,0
091440,한울소재과학,KOSPI/KOSDAQ,26410,O,O,O,O,O,O,O,O,O,O,0
091580,상신이디피,KOSPI/KOSDAQ,28202,O,O,O,O,O,O,O,O,O,O,0
091590,남화토건,KOSPI/KOSDAQ,411,O,O,O,O,O,O,O,O,O,O,0
091690,(주)디지텍시스템스,KOSPI/KOSDAQ,263,X,X,X,X,X,X,X,X,X,X,6
091700,파트론,KOSPI/KOSDAQ,2629,O,O,O,O,O,O,O,O,O,O,0
091810,트리니티항공,KOSPI/KOSDAQ,511,O,O,O,O,O,O,O,O,O,O,0
091970,나노캠텍,KOSPI/KOSDAQ,2229,O,O,O,O,O,O,O,O,O,O,0
091990,(주)셀트리온헬스케어,KOSPI/KOSDAQ,467,X,X,X,X,X,X,X,X,X,X,6
092040,아미코젠,KOSPI/KOSDAQ,108,O,O,O,O,O,O,O,O,O,O,0
092070,디엔에프,KOSPI/KOSDAQ,2049,O,O,O,O,O,O,O,O,O,O,0
092130,이크레더블,KOSPI/KOSDAQ,63991,O,O,O,O,O,O,O,O,O,O,0
092190,서울바이오시스,KOSPI/KOSDAQ,2612,O,O,O,O,O,O,O,O,O,O,0
092200,디아이씨,KOSPI/KOSDAQ,303,O,O,O,O,O,O,O,O,O,O,0
092220,KEC,KOSPI/KOSDAQ,2612,O,O,O,O,O,O,O,O,O,O,0
092230,KPX홀딩스,KOSPI/KOSDAQ,201,O,O,O,O,O,O,O,O,X,X,0
092300,현우산업,KOSPI/KOSDAQ,2622,O,O,O,O,O,O,O,O,O,O,0
092440,기신정기,KOSPI/KOSDAQ,29293,O,O,O,O,O,O,O,X,X,X,0
092460,한라IMS,KOSPI/KOSDAQ,31114,O,O,O,O,O,O,O,O,O,O,0
092590,럭스피아,KOSPI/KOSDAQ,2611,X,X,O,X,O,O,X,X,X,X,3
092600,앤씨앤,KOSPI/KOSDAQ,2611,O,O,O,O,O,O,O,O,O,O,0
092630,바다로3호선박투자회사,KOSPI/KOSDAQ,76190,X,X,X,X,X,X,X,X,X,X,6
092730,네오팜,KOSPI/KOSDAQ,20423,O,O,O,O,O,O,O,O,O,O,0
092780,DYP,KOSPI/KOSDAQ,301,O,O,O,O,O,O,O,O,O,O,0
092790,넥스틸,KOSPI/KOSDAQ,2419,O,O,O,O,O,O,O,O,O,O,0
092870,엑시콘,KOSPI/KOSDAQ,29271,O,O,O,O,O,O,O,O,O,O,0
092970,거북선1호선박투자회사,KOSPI/KOSDAQ,64999,X,X,X,X,X,X,X,X,X,X,6
093050,LF,KOSPI/KOSDAQ,14111,O,O,O,O,O,O,O,O,O,O,0
093190,빅솔론,KOSPI/KOSDAQ,263,O,O,O,O,O,O,O,O,O,O,0
093230,(주)이아이디,KOSPI/KOSDAQ,467,O,O,X,O,O,O,O,X,X,X,1
093240,형지엘리트,KOSPI/KOSDAQ,14112,O,O,O,O,O,O,O,X,X,X,0
093320,케이아이엔엑스,KOSPI/KOSDAQ,63112,O,O,O,O,O,O,O,O,O,O,0
093370,후성,KOSPI/KOSDAQ,20129,O,O,O,O,O,O,O,O,O,O,0
093380,풍강,KOSPI/KOSDAQ,259,O,O,O,O,O,O,O,X,X,X,0
093400,코리아퍼시픽05호 선박투자회사,KOSPI/KOSDAQ,76190,X,X,X,X,X,X,X,X,X,X,6
093410,코리아퍼시픽06호 선박투자회사,KOSPI/KOSDAQ,76190,X,X,X,X,X,X,X,X,X,X,6
093510,엔지브이아이,KOSPI/KOSDAQ,30399,X,X,O,X,O,O,X,X,X,X,3
093520,매커스,KOSPI/KOSDAQ,4659,O,O,O,O,O,O,O,O,O,O,0
093640,케이알엠,KOSPI/KOSDAQ,2611,O,O,O,O,O,O,O,O,O,O,0
093730,동북아31호선박투자회사,KOSPI/KOSDAQ,71531,X,X,X,X,X,X,X,X,X,X,6
093820,한국 베트남15-1유전 해외자원개발투자회사,KOSPI/KOSDAQ,64201,X,X,X,X,X,X,X,X,X,X,6
093920,서원인텍,KOSPI/KOSDAQ,2642,O,O,O,O,O,O,O,O,O,O,0
094170,동운아나텍,KOSPI/KOSDAQ,2611,O,O,O,O,O,O,O,O,O,O,0
094190,이엘케이(주),KOSPI/KOSDAQ,26299,O,X,X,O,X,X,X,X,X,X,4
094280,효성ITX,KOSPI/KOSDAQ,759,O,O,O,O,O,O,O,O,O,O,0
094360,칩스앤미디어,KOSPI/KOSDAQ,261,O,O,O,O,O,O,O,O,O,O,0
094480,갤럭시아머니트리,KOSPI/KOSDAQ,58221,O,O,O,O,O,O,O,O,O,O,0
094520,미래에셋맵스 오퍼튜니티 베트남 주식혼합형 투자회사 1호,KOSPI/KOSDAQ,64999,X,X,X,X,X,X,X,X,X,X,6
094700,(주)미성포리테크,KOSPI/KOSDAQ,2629,X,X,X,X,X,X,X,X,X,X,6
094800,맵스리얼티,KOSPI/KOSDAQ,642,X,X,O,X,O,X,X,X,X,X,4
094820,일진파워,KOSPI/KOSDAQ,423,O,O,O,O,O,O,O,O,O,O,0
094840,슈프리마에이치큐,KOSPI/KOSDAQ,264,O,O,O,O,O,O,O,O,O,O,0
094850,참좋은여행,KOSPI/KOSDAQ,752,O,O,O,O,O,O,O,O,X,X,0
094860,네오리진,KOSPI/KOSDAQ,58221,O,O,O,O,O,O,O,O,O,O,0
094940,푸른로보틱스,KOSPI/KOSDAQ,263,O,O,O,O,O,O,O,O,O,O,0
094950,GB 블루오션베트남주식혼합형 투자회사 1호,KOSPI/KOSDAQ,64201,X,X,X,X,X,X,X,X,X,X,6
094970,제이엠티,KOSPI/KOSDAQ,2629,O,O,O,O,O,O,O,O,O,O,0
095190,신화프리텍,KOSPI/KOSDAQ,259,O,O,O,O,O,O,O,O,O,O,0
095270,웨이브일렉트로,KOSPI/KOSDAQ,272,O,O,O,O,O,O,O,O,O,O,0
095300,(주)엔에스브이,KOSPI/KOSDAQ,29133,X,X,X,X,X,X,X,X,X,X,6
095340,ISC,KOSPI/KOSDAQ,465,O,O,O,O,O,O,O,O,O,O,0
095500,미래나노텍,KOSPI/KOSDAQ,2229,O,O,O,O,O,O,O,O,O,O,0
095570,AJ네트웍스,KOSPI/KOSDAQ,76320,O,O,O,O,O,O,O,O,O,O,0
095610,테스,KOSPI/KOSDAQ,29271,O,O,O,O,O,O,O,O,O,O,0
095660,네오위즈,KOSPI/KOSDAQ,5821,O,O,O,O,O,O,O,O,O,O,0
095700,제넥신,KOSPI/KOSDAQ,70113,O,O,O,O,O,O,O,O,O,O,0
095720,웅진씽크빅,KOSPI/KOSDAQ,85120,O,O,O,O,O,O,O,O,O,O,0
095910,에스에너지,KOSPI/KOSDAQ,2811,O,O,O,O,O,O,O,O,O,O,0
096040,이트론(주),KOSPI/KOSDAQ,467,O,O,X,O,O,O,O,X,X,X,1
096240,크레버스,KOSPI/KOSDAQ,855,O,O,O,O,O,O,O,O,O,O,0
096250,와이즈넛,KOSPI/KOSDAQ,58221,O,O,O,O,O,O,O,O,O,O,0
096300,한국월드와이드베트남부동산개발특별자산1호투자회사,KOSPI/KOSDAQ,64201,X,X,X,X,X,X,X,X,X,X,6
096350,대창솔루션,KOSPI/KOSDAQ,251,O,O,O,O,O,O,O,O,O,O,0
096530,씨젠,KOSPI/KOSDAQ,2130,O,O,O,O,O,O,O,O,O,O,0
096610,알에프세미,KOSPI/KOSDAQ,2612,O,O,O,O,O,O,O,O,O,O,0
096630,에스코넥,KOSPI/KOSDAQ,26422,O,O,O,O,O,O,O,O,O,O,0
096640,(주)멜파스,KOSPI/KOSDAQ,2629,O,O,X,O,O,O,O,X,X,X,1
096690,에이루트,KOSPI/KOSDAQ,26329,O,O,O,O,O,O,O,O,O,O,0
096760,JW홀딩스,KOSPI/KOSDAQ,64992,O,O,O,O,O,O,O,O,X,X,0
096770,SK이노베이션,KOSPI/KOSDAQ,192,O,O,O,O,O,O,O,O,O,O,0
096870,엘디티,KOSPI/KOSDAQ,2611,O,O,O,O,O,O,O,O,O,O,0
097230,HJ중공업,KOSPI/KOSDAQ,41221,O,O,O,O,O,O,O,O,O,O,0
097520,엠씨넥스,KOSPI/KOSDAQ,26519,O,O,O,O,O,O,O,O,O,O,0
097780,에코볼트,KOSPI/KOSDAQ,303,O,O,O,O,O,O,O,O,O,O,0
097800,윈팩,KOSPI/KOSDAQ,2612,O,O,O,O,O,O,O,O,O,O,0
097870,효성오앤비,KOSPI/KOSDAQ,2031,O,O,O,O,O,O,O,X,X,X,0
097950,CJ제일제당,KOSPI/KOSDAQ,108,O,O,O,O,O,O,O,O,O,O,0
098070,한텍,KOSPI/KOSDAQ,251,O,O,O,O,O,O,O,O,X,X,0
098120,마이크로컨텍솔,KOSPI/KOSDAQ,2629,O,O,O,O,O,O,O,O,O,O,0
098150,한국월드와이드아시아태평양특별자산1호투자회사,KOSPI/KOSDAQ,64201,X,X,X,X,X,X,X,X,X,X,6
098400,(주)엔스퍼트,KOSPI/KOSDAQ,2611,X,X,X,X,X,X,X,X,X,X,6
098460,고영,KOSPI/KOSDAQ,29271,O,O,O,O,O,O,O,O,O,O,0
098660,에스티오,KOSPI/KOSDAQ,1419,O,O,O,O,O,O,O,O,O,O,0
099190,아이센스,KOSPI/KOSDAQ,27112,O,O,O,O,O,O,O,O,O,O,0
099210,코리아퍼시픽07호 선박투자회사,KOSPI/KOSDAQ,76190,X,X,X,X,X,X,X,X,X,X,6
099220,SDN,KOSPI/KOSDAQ,4659,O,O,O,O,O,O,O,O,O,O,0
099320,쎄트렉아이,KOSPI/KOSDAQ,3131,O,O,O,O,O,O,O,O,O,O,0
099340,하나유비에스암바토비니켈해외자원개발1호,KOSPI/KOSDAQ,64201,X,X,X,X,X,X,X,X,X,X,6
099350,하나유비에스암바토비니켈해외자원개발2호,KOSPI/KOSDAQ,64201,X,X,X,X,X,X,X,X,X,X,6
099390,브레인즈컴퍼니,KOSPI/KOSDAQ,58221,O,O,O,O,O,O,O,O,O,O,0
099410,동방선기,KOSPI/KOSDAQ,31114,O,O,O,O,O,O,O,O,O,O,0
099430,바이오플러스,KOSPI/KOSDAQ,211,O,O,O,O,O,O,O,O,O,O,0
099440,스맥,KOSPI/KOSDAQ,29221,O,O,O,O,O,O,O,O,O,O,0
099520,DGI,KOSPI/KOSDAQ,26519,O,O,O,O,O,O,O,O,O,O,0
099660,(주)신텍,KOSPI/KOSDAQ,25130,X,X,X,X,X,X,X,X,X,X,6
099750,이지케어텍,KOSPI/KOSDAQ,58222,O,O,O,O,O,O,O,X,X,X,0
099830,(주)씨그널엔터테인먼트그룹,KOSPI/KOSDAQ,591,X,X,X,X,X,X,X,X,X,X,6
100030,인지소프트,KOSPI/KOSDAQ,58222,O,O,O,O,O,O,O,O,O,O,0
100090,SK오션플랜트,KOSPI/KOSDAQ,2413,O,O,O,O,O,O,O,O,O,O,0
100120,뷰웍스,KOSPI/KOSDAQ,27199,O,O,O,O,O,O,O,O,O,O,0
100130,동국S&C,KOSPI/KOSDAQ,2511,O,O,O,O,O,O,O,O,O,O,0
100220,비상교육,KOSPI/KOSDAQ,5811,O,O,O,O,O,O,O,O,O,O,0
100250,진양홀딩스,KOSPI/KOSDAQ,222,O,O,O,O,O,O,O,O,X,X,0
100590,머큐리,KOSPI/KOSDAQ,2642,O,O,O,O,O,O,O,O,O,O,0
100660,서암기계공업,KOSPI/KOSDAQ,29142,O,O,O,O,O,O,O,O,O,O,0
100700,세운메디칼,KOSPI/KOSDAQ,213,O,O,O,O,O,O,O,O,O,O,0
100790,미래에셋벤처투자,KOSPI/KOSDAQ,649,O,O,O,O,O,O,O,O,O,O,0
100840,SNT에너지,KOSPI/KOSDAQ,29176,O,O,O,O,O,O,O,O,O,O,0
101000,KS인더스트리,KOSPI/KOSDAQ,292,O,O,O,O,O,O,O,O,O,O,0
101060,SBS미디어홀딩스(주),KOSPI/KOSDAQ,602,X,X,X,X,X,X,X,X,X,X,6
101140,인바이오젠,KOSPI/KOSDAQ,46510,O,O,O,O,O,O,O,O,O,O,0
101160,월덱스,KOSPI/KOSDAQ,262,O,O,O,O,O,O,O,O,O,O,0
101170,우림피티에스,KOSPI/KOSDAQ,29142,O,O,O,O,O,O,O,O,O,O,0
101240,씨큐브,KOSPI/KOSDAQ,20131,O,O,O,O,O,O,O,O,O,O,0
101330,모베이스,KOSPI/KOSDAQ,2642,O,O,O,O,O,O,O,O,O,O,0
101360,에코앤드림,KOSPI/KOSDAQ,282,O,O,O,O,O,O,O,O,O,O,0
101380,거북선2호 선박투자회사,KOSPI/KOSDAQ,76190,X,X,X,X,X,X,X,X,X,X,6
101390,아이엠,KOSPI/KOSDAQ,262,O,O,O,O,O,O,O,O,O,O,0
101400,엔시트론,KOSPI/KOSDAQ,2611,O,O,O,O,O,O,O,O,O,O,0
101490,에스앤에스텍,KOSPI/KOSDAQ,2629,O,O,O,O,O,O,O,O,O,O,0
101530,해태제과식품,KOSPI/KOSDAQ,108,O,O,O,O,O,O,O,O,O,O,0
101670,하이드로리튬,KOSPI/KOSDAQ,2511,O,O,O,O,O,O,O,O,O,O,0
101680,한국정밀기계,KOSPI/KOSDAQ,29223,O,O,O,O,O,O,O,O,O,O,0
101730,위메이드맥스,KOSPI/KOSDAQ,5821,O,O,O,O,O,O,O,O,O,O,0
101790,(주)케이알제2호개발전문위탁관리부동산투자회사,KOSPI/KOSDAQ,68129,X,X,X,X,X,X,X,X,X,X,6
101930,인화정공,KOSPI/KOSDAQ,31114,O,O,O,O,O,O,O,O,O,O,0
101970,우양에이치씨,KOSPI/KOSDAQ,2512,O,O,O,O,O,O,O,O,O,O,0
101990,(주)파브코,KOSPI/KOSDAQ,30,X,X,X,X,X,X,X,X,X,X,6
102000,거북선3호 선박투자회사,KOSPI/KOSDAQ,76190,X,X,X,X,X,X,X,X,X,X,6
102120,어보브반도체,KOSPI/KOSDAQ,2612,O,O,O,O,O,O,O,O,O,O,0
102210,(주)트레스,KOSPI/KOSDAQ,31114,O,O,X,O,O,O,O,X,X,X,1
102260,동성케미컬,KOSPI/KOSDAQ,20202,O,O,O,O,O,O,O,O,O,O,0
102280,(주)쌍방울,KOSPI/KOSDAQ,14120,O,O,X,O,O,O,O,X,X,X,1
102370,케이옥션,KOSPI/KOSDAQ,4610,O,O,O,O,O,O,O,O,O,O,0
102460,이연제약,KOSPI/KOSDAQ,212,O,O,O,O,O,O,O,O,O,O,0
102710,이엔에프테크놀로지,KOSPI/KOSDAQ,2049,O,O,O,O,O,O,O,O,O,O,0
102940,코오롱생명과학,KOSPI/KOSDAQ,2110,O,O,O,O,O,O,O,O,X,X,0
102950,아하,KOSPI/KOSDAQ,262,O,O,O,O,O,O,O,X,X,X,0
103130,웅진에너지(주),KOSPI/KOSDAQ,261,X,X,X,X,X,X,X,X,X,X,6
103140,풍산,KOSPI/KOSDAQ,242,O,O,O,O,O,O,O,O,O,O,0
103150,하이트맥주(주),KOSPI/KOSDAQ,11,X,X,X,X,X,X,X,X,X,X,6
103160,풀무원식품 (주),KOSPI/KOSDAQ,46,O,O,X,O,O,O,O,X,X,X,1
103230,에스앤더블류,KOSPI/KOSDAQ,29111,O,O,O,O,O,O,O,O,O,O,0
103590,일진전기,KOSPI/KOSDAQ,2830,O,O,O,O,O,O,O,O,O,O,0
103650,(주)에이치앤아이,KOSPI/KOSDAQ,26292,X,X,X,X,X,X,X,X,X,X,6
103660,씨앗,KOSPI/KOSDAQ,204,X,X,O,X,O,O,X,X,X,X,3
103840,우양,KOSPI/KOSDAQ,103,O,O,O,O,O,O,O,O,O,O,0
104040,디에스엠,KOSPI/KOSDAQ,30399,O,O,O,O,O,O,O,O,O,O,0
104110,(주)신성이엔지,KOSPI/KOSDAQ,292,X,X,X,X,X,X,X,X,X,X,6
104120,(주)신성에프에이,KOSPI/KOSDAQ,292,X,X,X,X,X,X,X,X,X,X,6
104200,NHN벅스,KOSPI/KOSDAQ,639,O,O,O,O,O,O,O,O,O,O,0
104460,디와이피엔에프,KOSPI/KOSDAQ,29163,O,O,O,O,O,O,O,O,O,O,0
104480,티케이케미칼,KOSPI/KOSDAQ,20501,O,O,O,O,O,O,O,O,O,O,0
104540,코렌텍,KOSPI/KOSDAQ,27112,O,O,O,O,O,O,O,O,O,O,0
104620,노랑풍선,KOSPI/KOSDAQ,75210,O,O,O,O,O,O,O,O,O,O,0
104700,한국철강,KOSPI/KOSDAQ,2411,O,O,O,O,O,O,O,O,O,O,0
104830,원익머트리얼즈,KOSPI/KOSDAQ,20121,O,O,O,O,O,O,O,O,O,O,0
105070,금강제강(주),KOSPI/KOSDAQ,24312,X,X,X,X,X,X,X,X,X,X,6
105330,케이엔더블유,KOSPI/KOSDAQ,303,O,O,O,O,O,O,O,O,O,O,0
105380,(주)다산자기관리부동산투자회사,KOSPI/KOSDAQ,6811,X,X,X,X,X,X,X,X,X,X,6
105550,엣지파운드리,KOSPI/KOSDAQ,2629,O,O,O,O,O,O,O,O,O,O,0
105560,KB금융,KOSPI/KOSDAQ,64992,O,O,O,X,O,O,O,O,O,O,1
105630,한세실업,KOSPI/KOSDAQ,14199,O,O,O,O,O,O,O,O,O,O,0
105740,디케이락,KOSPI/KOSDAQ,29133,O,O,O,O,O,O,O,O,O,O,0
105760,포스뱅크,KOSPI/KOSDAQ,291,O,O,O,O,O,O,O,O,X,X,0
105840,우진,KOSPI/KOSDAQ,27216,O,O,O,O,O,O,O,O,O,O,0
106080,케이이엠텍,KOSPI/KOSDAQ,2629,O,O,O,O,O,O,O,O,O,O,0
106190,하이텍팜,KOSPI/KOSDAQ,211,O,O,O,O,O,O,O,O,O,O,0
106240,파인테크닉스,KOSPI/KOSDAQ,28410,O,O,O,O,O,O,O,O,O,O,0
106520,노블엠앤비,KOSPI/KOSDAQ,273,O,O,O,O,O,O,O,O,O,O,0
107590,미원홀딩스,KOSPI/KOSDAQ,649,O,O,O,O,O,O,O,O,X,X,0
107600,새빗켐,KOSPI/KOSDAQ,2049,O,O,O,O,O,O,O,O,O,O,0
107640,한중엔시에스,KOSPI/KOSDAQ,281,O,O,O,O,O,O,O,O,O,O,0
108070,삼성디지털이미징(주),KOSPI/KOSDAQ,27,X,X,X,X,X,X,X,X,X,X,6
108230,톱텍,KOSPI/KOSDAQ,292,O,O,O,O,O,O,O,O,O,O,0
108320,LX세미콘,KOSPI/KOSDAQ,2612,O,O,O,O,O,O,O,O,O,O,0
108380,대양전기공업,KOSPI/KOSDAQ,31114,O,O,O,O,O,O,O,O,O,O,0
108490,로보티즈,KOSPI/KOSDAQ,29299,O,O,O,O,O,O,O,O,O,O,0
108670,LX하우시스,KOSPI/KOSDAQ,2222,O,O,O,O,O,O,O,O,O,O,0
108790,(주)인터파크,KOSPI/KOSDAQ,4791,X,X,X,X,X,X,X,X,X,X,6
108860,셀바스AI,KOSPI/KOSDAQ,5822,O,O,O,O,O,O,O,O,O,O,0
108890,거북선4호선박투자회사,KOSPI/KOSDAQ,76190,X,X,X,X,X,X,X,X,X,X,6
109070,주성코퍼레이션,KOSPI/KOSDAQ,264,O,O,O,O,O,O,O,O,O,O,0
109080,옵티시스,KOSPI/KOSDAQ,26410,O,O,O,O,O,O,O,O,O,O,0
109610,에스와이,KOSPI/KOSDAQ,25112,O,O,O,O,O,O,O,O,O,O,0
109670,씨싸이트,KOSPI/KOSDAQ,14199,O,O,O,O,O,O,O,O,O,O,0
109740,디에스케이,KOSPI/KOSDAQ,29272,O,O,O,O,O,O,O,O,O,O,0
109820,진매트릭스,KOSPI/KOSDAQ,70113,O,O,O,O,O,O,O,O,O,O,0
109860,동일금속,KOSPI/KOSDAQ,24312,O,O,O,O,O,O,O,O,O,O,0
109960,앱토크롬,KOSPI/KOSDAQ,467,O,O,O,O,O,O,O,O,O,O,0
110020,전진바이오팜,KOSPI/KOSDAQ,2049,O,O,O,O,O,O,O,O,O,O,0
110310,(주)모린스,KOSPI/KOSDAQ,2629,X,X,X,X,X,X,X,X,X,X,6
110500,(주)유니드코리아,KOSPI/KOSDAQ,292,X,X,X,X,X,X,X,X,X,X,6
110570,(주)넥솔론,KOSPI/KOSDAQ,2612,X,X,X,X,X,X,X,X,X,X,6
110660,툴코리아(주),KOSPI/KOSDAQ,25933,X,X,X,X,X,X,X,X,X,X,6
110790,크리스에프앤씨,KOSPI/KOSDAQ,1419,O,O,O,O,O,O,O,O,O,O,0
110990,디아이티,KOSPI/KOSDAQ,29272,O,O,O,O,O,O,O,O,O,O,0
111110,호전실업,KOSPI/KOSDAQ,14199,O,O,O,O,O,O,O,O,O,O,0
111380,동인기연,KOSPI/KOSDAQ,151,O,O,O,O,O,O,O,O,O,O,0
111610,(주)세왕,KOSPI/KOSDAQ,42,X,X,X,X,X,X,X,X,X,X,6
111710,남화산업,KOSPI/KOSDAQ,91121,O,O,O,O,O,O,O,O,O,O,0
111770,영원무역,KOSPI/KOSDAQ,46800,O,O,O,O,O,O,O,O,O,O,0
111820,(주)지유온,KOSPI/KOSDAQ,639,O,O,X,O,O,O,O,X,X,X,1
111870,케이에이치미래물산(주),KOSPI/KOSDAQ,265,O,O,X,O,O,O,O,X,X,X,1
112040,위메이드,KOSPI/KOSDAQ,5821,O,O,O,O,O,O,O,O,O,O,0
112190,KC산업,KOSPI/KOSDAQ,412,X,X,O,X,O,O,X,X,X,X,3
112240,(주)에스에프씨,KOSPI/KOSDAQ,2229,O,O,X,O,O,O,O,X,X,X,1
112290,와이씨켐,KOSPI/KOSDAQ,20491,O,O,O,O,O,O,O,O,O,O,0
112610,씨에스윈드,KOSPI/KOSDAQ,2511,O,O,O,O,O,O,O,O,O,O,0
113810,디젠스,KOSPI/KOSDAQ,303,O,O,O,O,O,O,O,O,O,O,0
114090,GKL,KOSPI/KOSDAQ,91249,O,O,O,O,O,O,O,O,O,O,0
114120,크루셜텍(주),KOSPI/KOSDAQ,262,X,X,X,X,X,X,X,X,X,X,6
114130,거북선5호선박투자회사,KOSPI/KOSDAQ,76190,X,X,X,X,X,X,X,X,X,X,6
114140,거북선6호선박투자회사,KOSPI/KOSDAQ,76190,X,X,X,X,X,X,X,X,X,X,6
114190,강원에너지,KOSPI/KOSDAQ,289,O,O,O,O,O,O,O,O,O,O,0
114410,(주)현대푸드시스템,KOSPI/KOSDAQ,56130,X,X,X,X,X,X,X,X,X,X,6
114450,그린생명과학,KOSPI/KOSDAQ,211,O,O,O,O,O,O,O,O,X,X,0
114570,지스마트글로벌(주),KOSPI/KOSDAQ,468,X,X,X,X,X,X,X,X,X,X,6
114630,폴라리스우노,KOSPI/KOSDAQ,20501,O,O,O,O,O,O,O,O,O,O,0
114810,한솔아이원스,KOSPI/KOSDAQ,2927,O,O,O,O,O,O,O,O,O,O,0
114840,아이패밀리에스씨,KOSPI/KOSDAQ,204,O,O,O,O,O,O,O,O,O,O,0
114920,대주이엔티,KOSPI/KOSDAQ,2413,X,X,O,X,O,O,X,X,X,X,3
115160,휴맥스,KOSPI/KOSDAQ,465,O,O,O,O,O,O,O,O,O,O,0
115180,큐리언트,KOSPI/KOSDAQ,70113,O,O,O,O,O,O,O,O,O,O,0
115310,인포바인,KOSPI/KOSDAQ,61299,O,O,O,O,O,O,O,O,O,O,0
115390,(주)락앤락,KOSPI/KOSDAQ,22299,O,X,X,O,O,X,X,X,X,X,3
115440,우리넷,KOSPI/KOSDAQ,2641,O,O,O,O,O,O,O,O,O,O,0
115450,HLB테라퓨틱스,KOSPI/KOSDAQ,467,O,O,O,O,O,O,O,O,O,O,0
115480,씨유메디칼,KOSPI/KOSDAQ,27112,O,O,O,O,O,O,O,O,O,O,0
115500,케이씨에스,KOSPI/KOSDAQ,62021,O,O,O,O,O,O,O,O,O,O,0
115530,씨엔플러스,KOSPI/KOSDAQ,262,O,O,O,O,O,O,O,O,O,O,0
115570,스타플렉스,KOSPI/KOSDAQ,2221,O,O,O,O,O,O,O,O,O,O,0
115610,이미지스,KOSPI/KOSDAQ,2611,O,O,O,O,O,O,O,O,O,O,0
115960,(주)연우,KOSPI/KOSDAQ,22232,O,X,X,X,X,X,X,X,X,X,5
116100,태양기계,KOSPI/KOSDAQ,30320,X,X,O,X,O,O,X,X,X,X,3
117580,대성에너지,KOSPI/KOSDAQ,35200,O,O,O,O,O,O,O,O,O,O,0
117670,알파칩스,KOSPI/KOSDAQ,2611,O,O,O,O,O,O,O,O,O,O,0
117730,티로보틱스,KOSPI/KOSDAQ,29271,O,O,O,O,O,O,O,O,O,O,0
117930,(주)한진해운,KOSPI/KOSDAQ,501,X,X,X,X,X,X,X,X,X,X,6
118000,메타케어,KOSPI/KOSDAQ,4659,O,O,O,O,O,O,O,O,O,O,0
118990,모트렉스,KOSPI/KOSDAQ,303,O,O,O,O,O,O,O,O,O,O,0
119250,(주)에프지엔개발전문자기관리부동산투자회사,KOSPI/KOSDAQ,68,X,X,X,X,X,X,X,X,X,X,6
119500,포메탈,KOSPI/KOSDAQ,259,O,O,O,O,O,O,O,O,O,O,0
119610,인터로조,KOSPI/KOSDAQ,271,O,O,O,O,O,O,O,O,O,O,0
119650,KC코트렐,KOSPI/KOSDAQ,291,O,O,O,O,O,O,O,O,O,O,0
119830,아이텍,KOSPI/KOSDAQ,739,O,O,O,O,O,O,O,O,O,O,0
119850,지엔씨에너지,KOSPI/KOSDAQ,28111,O,O,O,O,O,O,O,O,O,O,0
119860,(주)커넥트웨이브,KOSPI/KOSDAQ,58221,O,X,X,O,O,X,X,X,X,X,3
120030,조선선재,KOSPI/KOSDAQ,2599,O,O,O,O,O,O,O,O,O,O,0
120110,코오롱인더,KOSPI/KOSDAQ,205,O,O,O,O,O,O,O,O,O,O,0
120240,대정화금,KOSPI/KOSDAQ,201,O,O,O,O,O,O,O,O,O,O,0
120780,(주)전우정밀,KOSPI/KOSDAQ,303,X,X,X,X,X,X,X,X,X,X,6
121060,유니포인트,KOSPI/KOSDAQ,620,X,X,O,X,O,O,X,X,X,X,3
121440,골프존홀딩스,KOSPI/KOSDAQ,461,O,O,O,O,O,O,O,O,X,X,0
121550,(주)코크렙제15호기업구조조정부동산투자회사,KOSPI/KOSDAQ,681,X,X,X,X,X,X,X,X,X,X,6
121600,나노신소재,KOSPI/KOSDAQ,2049,O,O,O,O,O,O,O,O,O,O,0
121800,비덴트,KOSPI/KOSDAQ,26421,O,O,O,O,O,O,O,O,O,O,0
121850,코이즈,KOSPI/KOSDAQ,222,O,O,O,O,O,O,O,O,O,O,0
121890,에스디시스템,KOSPI/KOSDAQ,2629,O,O,O,O,O,O,O,O,O,O,0
121910,(주)대우증권그린코리아기업인수목적회사,KOSPI/KOSDAQ,64999,X,X,X,X,X,X,X,X,X,X,6
121950,미래에셋제1호기업인수목적(주),KOSPI/KOSDAQ,6619,X,X,X,X,X,X,X,X,X,X,6
122050,주식회사 아이엘사이언스,KOSPI/KOSDAQ,28422,X,X,X,X,X,X,X,X,X,X,6
122290,동양밸류오션기업인수목적(주),KOSPI/KOSDAQ,64999,X,X,X,X,X,X,X,X,X,X,6
122310,제노레이,KOSPI/KOSDAQ,27111,O,O,O,O,O,O,O,O,O,O,0
122350,삼기,KOSPI/KOSDAQ,303,O,O,O,O,O,O,O,O,O,O,0
122450,KX,KOSPI/KOSDAQ,60221,O,O,O,O,O,O,O,O,O,O,0
122640,예스티,KOSPI/KOSDAQ,29271,O,O,O,O,O,O,O,O,O,O,0
122690,서진오토모티브,KOSPI/KOSDAQ,303,O,O,O,O,O,O,O,O,O,O,0
122750,우리기업인수목적1호(주),KOSPI/KOSDAQ,6619,X,X,X,X,X,X,X,X,X,X,6
122800,(주)썬테크놀로지스,KOSPI/KOSDAQ,24311,X,X,X,X,X,X,X,X,X,X,6
122830,원포유,KOSPI/KOSDAQ,582,X,X,O,X,O,O,X,X,X,X,3
122870,와이지엔터테인먼트,KOSPI/KOSDAQ,59201,O,O,O,O,O,O,O,O,O,O,0
122900,아이마켓코리아,KOSPI/KOSDAQ,46800,O,O,O,O,O,O,O,O,O,O,0
122990,와이솔,KOSPI/KOSDAQ,2629,O,O,O,O,O,O,O,O,O,O,0
123010,알엔티엑스,KOSPI/KOSDAQ,262,O,O,O,O,O,O,O,O,O,O,0
123040,엠에스오토텍,KOSPI/KOSDAQ,303,O,O,O,O,O,O,O,O,O,O,0
123100,(주)원익테라세미콘,KOSPI/KOSDAQ,29271,X,X,X,X,X,X,X,X,X,X,6
123160,히든챔피언제1호기업인수목적(주),KOSPI/KOSDAQ,649,X,X,X,X,X,X,X,X,X,X,6
123260,(주)파인넥스,KOSPI/KOSDAQ,2612,X,X,X,X,X,X,X,X,X,X,6
123290,(주)한국투자신성장1호기업인수목적회사,KOSPI/KOSDAQ,66199,X,X,X,X,X,X,X,X,X,X,6
123300,부국퓨쳐스타즈기업인수목적주식회사,KOSPI/KOSDAQ,64,X,X,X,X,X,X,X,X,X,X,6
123330,제닉,KOSPI/KOSDAQ,204,O,O,O,O,O,O,O,O,O,O,0
123410,코리아에프티,KOSPI/KOSDAQ,303,O,O,O,O,O,O,O,O,O,O,0
123420,위메이드플레이,KOSPI/KOSDAQ,5821,O,O,O,O,O,O,O,O,O,O,0
123550,대신증권그로쓰알파기업인수목적(주),KOSPI/KOSDAQ,64999,X,X,X,X,X,X,X,X,X,X,6
123570,이엠넷,KOSPI/KOSDAQ,71310,O,O,O,O,O,O,O,O,O,O,0
123690,한국화장품,KOSPI/KOSDAQ,46443,O,O,O,O,O,O,O,O,O,O,0
123700,SJM,KOSPI/KOSDAQ,303,O,O,O,O,O,O,O,O,O,O,0
123750,알톤,KOSPI/KOSDAQ,31991,O,O,O,O,O,O,O,O,O,O,0
123840,뉴온,KOSPI/KOSDAQ,108,O,O,O,O,O,O,O,O,X,X,0
123860,아나패스,KOSPI/KOSDAQ,2611,O,O,O,O,O,O,O,O,O,O,0
123890,한국자산신탁,KOSPI/KOSDAQ,642,O,O,O,O,O,O,O,O,X,X,0
123910,에스비아이앤솔로몬드림기업인수목적(주),KOSPI/KOSDAQ,64999,X,X,X,X,X,X,X,X,X,X,6
124050,한화에스브이명장제1호기업인수목적(주),KOSPI/KOSDAQ,66,X,X,X,X,X,X,X,X,X,X,6
124500,아이티센글로벌,KOSPI/KOSDAQ,62021,O,O,O,O,O,O,O,O,O,O,0
124560,태웅로직스,KOSPI/KOSDAQ,5299,O,O,O,O,O,O,O,O,O,O,0
125020,티씨머티리얼즈,KOSPI/KOSDAQ,283,O,O,O,O,O,O,O,O,X,X,0
125210,아모그린텍,KOSPI/KOSDAQ,2629,O,O,O,O,O,O,O,O,O,O,0
125490,한라캐스트,KOSPI/KOSDAQ,303,O,O,O,O,O,O,O,O,X,X,0
126340,비나텍,KOSPI/KOSDAQ,282,O,O,O,O,O,O,O,O,O,O,0
126560,현대퓨처넷,KOSPI/KOSDAQ,61299,O,O,O,O,O,O,O,O,O,O,0
126600,BGF에코머티리얼즈,KOSPI/KOSDAQ,20202,O,O,O,O,O,O,O,O,O,O,0
126640,화신정공,KOSPI/KOSDAQ,303,O,O,O,O,O,O,O,O,O,O,0
126680,아이비케이에스스마트에스엠이기업인수목적1호(주),KOSPI/KOSDAQ,6619,X,X,X,X,X,X,X,X,X,X,6
126700,하이비젼시스템,KOSPI/KOSDAQ,273,O,O,O,O,O,O,O,O,O,O,0
126720,수산인더스트리,KOSPI/KOSDAQ,42311,O,O,O,O,O,O,O,O,O,O,0
126730,코칩,KOSPI/KOSDAQ,2629,O,O,O,O,O,O,O,O,O,O,0
126870,(주)앤에스,KOSPI/KOSDAQ,29174,O,O,X,O,O,O,O,X,X,X,1
126880,제이엔케이글로벌,KOSPI/KOSDAQ,291,O,O,O,O,O,O,O,O,O,O,0
127120,제이에스링크,KOSPI/KOSDAQ,70111,O,O,O,O,O,O,O,O,O,O,0
127160,(주)매직마이크로,KOSPI/KOSDAQ,262,X,X,X,X,X,X,X,X,X,X,6
127710,아시아경제,KOSPI/KOSDAQ,63120,O,O,O,O,O,O,O,O,O,O,0
127980,화인써키트,KOSPI/KOSDAQ,262,O,O,O,O,O,O,O,O,O,O,0
128540,에코캡,KOSPI/KOSDAQ,303,O,O,O,O,O,O,O,O,O,O,0
128660,피제이메탈,KOSPI/KOSDAQ,2429,O,O,O,O,O,O,O,O,O,O,0
128820,대성산업,KOSPI/KOSDAQ,477,O,O,O,O,O,O,O,O,O,O,0
128910,동부티에스블랙펄기업인수목적(주),KOSPI/KOSDAQ,66199,X,X,X,X,X,X,X,X,X,X,6
128940,한미약품,KOSPI/KOSDAQ,21212,O,O,O,O,O,O,O,O,O,O,0
129260,인터지스,KOSPI/KOSDAQ,49301,O,O,O,O,O,O,O,O,O,O,0
129890,앱코,KOSPI/KOSDAQ,26329,O,O,O,O,O,O,O,O,O,O,0
129920,대성하이텍,KOSPI/KOSDAQ,29223,O,O,O,O,O,O,O,O,O,O,0
130500,GH신소재,KOSPI/KOSDAQ,13992,O,O,O,O,O,O,O,O,O,O,0
130580,나이스디앤비,KOSPI/KOSDAQ,75993,O,O,O,O,O,O,O,O,O,O,0
130660,한전산업,KOSPI/KOSDAQ,72129,O,O,O,O,O,O,O,O,O,O,0
130740,티피씨글로벌,KOSPI/KOSDAQ,303,O,O,O,O,O,O,O,O,O,O,0
130960,씨제이이앤엠(주),KOSPI/KOSDAQ,602,X,X,X,X,X,X,X,X,X,X,6
131030,옵투스제약,KOSPI/KOSDAQ,212,O,O,O,O,O,O,O,O,O,O,0
131090,시큐브,KOSPI/KOSDAQ,58221,O,O,O,O,O,O,O,O,O,O,0
131100,티엔엔터테인먼트,KOSPI/KOSDAQ,591,O,O,O,O,O,O,O,O,O,O,0
131180,딜리,KOSPI/KOSDAQ,26323,O,O,O,O,O,O,O,O,O,O,0
131220,대한과학,KOSPI/KOSDAQ,4659,O,O,O,O,O,O,O,O,O,O,0
131290,티에스이,KOSPI/KOSDAQ,27212,O,O,O,O,O,O,O,O,O,O,0
131370,알서포트,KOSPI/KOSDAQ,58222,O,O,O,O,O,O,O,O,O,O,0
131390,(주)원익피앤이,KOSPI/KOSDAQ,281,X,X,X,X,X,X,X,X,X,X,6
131400,이브이첨단소재,KOSPI/KOSDAQ,2622,O,O,O,O,O,O,O,O,O,O,0
131760,파인텍,KOSPI/KOSDAQ,292,O,O,O,O,O,O,O,O,O,O,0
131970,두산테스나,KOSPI/KOSDAQ,739,O,O,O,O,O,O,O,O,O,O,0
133750,메가엠디,KOSPI/KOSDAQ,85503,O,O,O,O,O,O,O,O,O,O,0
133820,화인베스틸,KOSPI/KOSDAQ,24121,O,O,O,O,O,O,O,O,O,O,0
134000,거북선7호선박투자회사,KOSPI/KOSDAQ,76190,X,X,X,X,X,X,X,X,X,X,6
134060,이퓨쳐,KOSPI/KOSDAQ,58111,O,O,O,O,O,O,O,O,O,O,0
134380,미원화학,KOSPI/KOSDAQ,20421,O,O,O,O,O,O,O,O,O,O,0
134580,탑코미디어,KOSPI/KOSDAQ,631,O,O,O,O,O,O,O,O,O,O,0
134780,에스엠화진 주식회사,KOSPI/KOSDAQ,30399,O,O,X,O,O,O,O,X,X,X,1
134790,시디즈,KOSPI/KOSDAQ,32029,O,O,O,O,O,O,O,O,O,O,0
135160,무송지오씨(주),KOSPI/KOSDAQ,28301,X,X,X,X,O,O,X,X,X,X,4
135270,세종머티리얼즈(주),KOSPI/KOSDAQ,242,X,X,X,X,X,X,X,X,X,X,6
136150,원일티엔아이,KOSPI/KOSDAQ,291,O,O,O,O,O,O,O,O,X,X,0
136410,아셈스,KOSPI/KOSDAQ,22212,O,O,O,O,O,O,O,O,O,O,0
136480,하림,KOSPI/KOSDAQ,1012,O,O,O,O,O,O,O,O,O,O,0
136490,선진,KOSPI/KOSDAQ,109,O,O,O,O,O,O,O,O,O,O,0
136510,(주)스마트솔루션즈,KOSPI/KOSDAQ,29272,O,O,X,O,O,O,O,X,X,X,1
136540,윈스테크넷,KOSPI/KOSDAQ,62021,O,O,O,O,O,O,O,O,O,O,0
136660,큐엠씨,KOSPI/KOSDAQ,2927,X,X,O,X,O,O,X,X,X,X,3
137080,나래나노텍,KOSPI/KOSDAQ,292,O,O,O,O,O,O,O,O,O,O,0
137310,에스디바이오센서,KOSPI/KOSDAQ,27112,O,O,O,O,O,O,O,O,O,O,0
137400,피엔티,KOSPI/KOSDAQ,292,O,O,O,O,O,O,O,O,O,O,0
137940,넥스트아이,KOSPI/KOSDAQ,27216,O,O,O,O,O,O,O,O,O,O,0
137950,제이씨케미칼,KOSPI/KOSDAQ,2049,O,O,O,O,O,O,O,O,O,O,0
138040,메리츠금융지주,KOSPI/KOSDAQ,64992,O,O,O,O,O,O,O,O,X,X,0
138070,신진에스엠,KOSPI/KOSDAQ,259,O,O,O,O,O,O,O,O,O,O,0
138080,오이솔루션,KOSPI/KOSDAQ,26410,O,O,O,O,O,O,O,O,O,O,0
138250,(주)엔에스쇼핑,KOSPI/KOSDAQ,47919,X,X,X,X,X,X,X,X,X,X,6
138290,(주)지성이씨에스,KOSPI/KOSDAQ,421,X,X,X,X,X,X,X,X,X,X,6
138360,앤로보틱스,KOSPI/KOSDAQ,292,O,O,O,O,O,O,O,O,O,O,0
138440,(주)이코리아자기관리부동산투자회사,KOSPI/KOSDAQ,681,X,X,X,X,X,X,X,X,X,X,6
138490,코오롱이앤피(주),KOSPI/KOSDAQ,20202,O,O,X,O,O,O,O,X,X,X,1
138580,(주)비즈니스온커뮤니케이션,KOSPI/KOSDAQ,58222,O,X,X,O,O,X,X,X,X,X,3
138610,나이벡,KOSPI/KOSDAQ,213,O,O,O,O,O,O,O,O,O,O,0
138690,(주)엘아이에스,KOSPI/KOSDAQ,29221,X,X,X,X,X,X,X,X,X,X,6
138930,BNK금융지주,KOSPI/KOSDAQ,64992,O,O,O,X,O,O,O,O,X,X,1
139050,BF랩스,KOSPI/KOSDAQ,62021,O,O,X,O,O,O,O,X,X,X,1
139130,iM금융지주,KOSPI/KOSDAQ,64992,O,O,O,X,O,O,O,O,X,X,1
139170,(주)퓨얼셀파워,KOSPI/KOSDAQ,27215,X,X,X,X,X,X,X,X,X,X,6
139200,하이골드오션2호 선박투자회사,KOSPI/KOSDAQ,76190,X,X,X,X,X,X,X,X,X,X,6
139480,이마트,KOSPI/KOSDAQ,471,O,O,O,O,O,O,O,O,O,O,0
139670,키네마스터,KOSPI/KOSDAQ,58222,O,O,O,O,O,O,O,O,O,O,0
139990,아주스틸,KOSPI/KOSDAQ,2419,O,O,O,O,O,O,O,O,O,O,0
140070,서플러스글로벌,KOSPI/KOSDAQ,46539,O,O,O,O,O,O,O,O,O,O,0
140290,청광건설(주),KOSPI/KOSDAQ,412,X,X,X,X,X,X,X,X,X,X,6
140410,메지온,KOSPI/KOSDAQ,70113,O,O,O,O,O,O,O,O,X,X,0
140430,카티스,KOSPI/KOSDAQ,620,O,O,O,O,O,O,O,O,O,O,0
140520,대창스틸,KOSPI/KOSDAQ,24122,O,O,O,O,O,O,O,O,O,O,0
140610,엔솔바이오사이언스,KOSPI/KOSDAQ,70113,X,X,O,X,O,O,X,X,X,X,3
140660,위월드,KOSPI/KOSDAQ,26429,X,X,O,X,O,O,X,X,X,X,3
140670,알에스오토메이션,KOSPI/KOSDAQ,262,O,O,O,O,O,O,O,O,O,O,0
140860,파크시스템스,KOSPI/KOSDAQ,27219,O,O,O,O,O,O,O,O,O,O,0
140890,트러스와이제7호위탁관리부동산투자회사,KOSPI/KOSDAQ,68112,X,X,X,X,X,X,X,X,X,X,6
140910,에이리츠,KOSPI/KOSDAQ,68121,O,O,O,O,O,O,O,O,X,X,0
141000,비아트론,KOSPI/KOSDAQ,29272,O,O,O,O,O,O,O,O,O,O,0
141020,(주)디에스앤엘,KOSPI/KOSDAQ,479,X,X,X,X,X,X,X,X,X,X,6
141070,(주)맥스로텍,KOSPI/KOSDAQ,292,X,X,X,X,X,X,X,X,X,X,6
141080,리가켐바이오,KOSPI/KOSDAQ,70113,O,O,O,O,O,O,O,O,X,X,0
142210,유니트론텍,KOSPI/KOSDAQ,46522,O,O,O,O,O,O,O,O,O,O,0
142280,녹십자엠에스,KOSPI/KOSDAQ,213,O,O,O,O,O,O,O,O,O,O,0
142760,모아라이프플러스,KOSPI/KOSDAQ,701,O,O,O,O,O,O,O,O,O,O,0
143160,아이디스,KOSPI/KOSDAQ,26429,O,O,O,O,O,O,O,O,O,O,0
143210,핸즈코퍼레이션,KOSPI/KOSDAQ,303,O,O,O,O,O,O,O,O,O,O,0
143240,사람인,KOSPI/KOSDAQ,63120,O,O,O,O,O,O,O,O,X,X,0
143540,영우디에스피,KOSPI/KOSDAQ,29272,O,O,O,O,O,O,O,O,O,O,0
144510,지씨셀,KOSPI/KOSDAQ,73909,O,O,O,O,O,O,O,O,O,O,0
144620,코오롱머티리얼(주),KOSPI/KOSDAQ,2050,X,X,X,X,X,X,X,X,X,X,6
144630,씨아이에스(주),KOSPI/KOSDAQ,292,X,X,X,X,X,X,X,X,X,X,6
144740,(주)피엠디아카데미,KOSPI/KOSDAQ,855,X,X,X,X,X,X,X,X,X,X,6
144960,뉴파워프라즈마,KOSPI/KOSDAQ,29271,O,O,O,O,O,O,O,O,O,O,0
145020,휴젤,KOSPI/KOSDAQ,211,O,O,O,O,O,O,O,O,O,O,0
145170,노브랜드,KOSPI/KOSDAQ,14300,O,O,O,O,O,O,O,O,O,O,0
145210,다이나믹디자인,KOSPI/KOSDAQ,292,O,O,O,O,O,O,O,O,O,O,0
145270,케이탑리츠,KOSPI/KOSDAQ,68112,O,O,O,O,O,O,O,O,X,X,0
145720,덴티움,KOSPI/KOSDAQ,27191,O,O,O,O,O,O,O,O,O,O,0
145990,삼양사,KOSPI/KOSDAQ,108,O,O,O,O,O,O,O,O,O,O,0
146060,율촌,KOSPI/KOSDAQ,24131,O,O,O,O,O,O,O,O,O,O,0
146320,비씨엔씨,KOSPI/KOSDAQ,261,O,O,O,O,O,O,O,O,O,O,0
147760,피엠티,KOSPI/KOSDAQ,27212,O,O,O,O,O,O,O,O,O,O,0
147830,제룡산업,KOSPI/KOSDAQ,251,O,O,O,O,O,O,O,O,O,O,0
148140,비디아이(주),KOSPI/KOSDAQ,291,O,O,X,O,O,O,O,X,X,X,1
148150,세경하이테크,KOSPI/KOSDAQ,2629,O,O,O,O,O,O,O,O,O,O,0
148250,알엔투테크놀로지,KOSPI/KOSDAQ,262,O,O,O,O,O,O,O,O,O,O,0
148780,비큐AI,KOSPI/KOSDAQ,58222,O,O,O,O,O,O,O,O,O,O,0
148930,에이치와이티씨,KOSPI/KOSDAQ,25924,O,O,O,O,O,O,O,O,O,O,0
149010,아이케이세미콘,KOSPI/KOSDAQ,2611,X,X,O,X,O,O,X,X,X,X,3
149130,(주)케이비부국제1호개발전문위탁관리부동산투자회사,KOSPI/KOSDAQ,68121,X,X,X,X,X,X,X,X,X,X,6
149300,아퓨어스 주식회사,KOSPI/KOSDAQ,701,X,X,X,X,O,O,X,X,X,X,4
149940,(주)모다,KOSPI/KOSDAQ,26429,X,X,X,X,X,X,X,X,X,X,6
149950,아바텍,KOSPI/KOSDAQ,26211,O,O,O,O,O,O,O,O,O,O,0
149980,하이로닉,KOSPI/KOSDAQ,27199,O,O,O,O,O,O,O,O,O,O,0
150440,피노텍,KOSPI/KOSDAQ,58222,X,X,X,X,X,X,X,X,X,X,6
150840,(주)인트로메딕,KOSPI/KOSDAQ,27199,O,O,X,O,O,O,O,X,X,X,1
150900,파수AI,KOSPI/KOSDAQ,58221,O,O,O,O,O,O,O,O,O,O,0
151750,(주)테라텍,KOSPI/KOSDAQ,292,X,X,X,X,X,X,X,X,X,X,6
151860,KG에코솔루션,KOSPI/KOSDAQ,302,O,O,O,O,O,O,O,O,O,O,0
151910,(주)퓨처코어,KOSPI/KOSDAQ,262,O,O,X,O,O,O,O,X,X,X,1
152330,코리아오토글라스(주),KOSPI/KOSDAQ,2311,X,X,X,X,X,X,X,X,X,X,6
152550,한국투자ANKOR유전해외자원개발특별자산투자회사1호(지분증권),KOSPI/KOSDAQ,642,X,X,X,X,X,X,X,X,X,X,6
153360,하이골드오션3호선박투자회사,KOSPI/KOSDAQ,761,X,X,X,X,X,X,X,X,X,X,6
153460,네이블,KOSPI/KOSDAQ,58222,O,O,O,O,O,O,O,O,O,O,0
153490,우리이앤엘하루틴,KOSPI/KOSDAQ,2612,O,O,O,O,O,O,O,O,O,O,0
153710,옵티팜,KOSPI/KOSDAQ,213,O,O,O,O,O,O,O,O,O,O,0
154030,아시아종묘,KOSPI/KOSDAQ,011,O,O,O,O,O,O,O,O,X,X,0
154040,다산솔루에타,KOSPI/KOSDAQ,2629,O,O,O,O,O,O,O,O,O,O,0
155650,와이엠씨,KOSPI/KOSDAQ,262,O,O,O,O,O,O,O,O,O,O,0
155660,DSR,KOSPI/KOSDAQ,242,O,O,O,O,O,O,O,O,O,O,0
155900,바다로19호선박투자회사,KOSPI/KOSDAQ,76190,X,X,X,X,X,X,X,X,X,X,6
155960,주식회사 지디,KOSPI/KOSDAQ,26211,O,O,X,O,O,O,O,X,X,X,1
156100,엘앤케이바이오,KOSPI/KOSDAQ,27194,O,O,O,O,O,O,O,O,O,O,0
156170,(주)비앤에스미디어,KOSPI/KOSDAQ,263,X,X,X,X,X,X,X,X,X,X,6
158300,(주)에스에이티,KOSPI/KOSDAQ,29271,X,X,X,X,X,X,X,X,X,X,6
158310,참존글로벌(주),KOSPI/KOSDAQ,29280,X,X,X,X,X,X,X,X,X,X,6
158380,삼목강업(주),KOSPI/KOSDAQ,30,X,X,X,X,X,X,X,X,X,X,6
158430,아톤,KOSPI/KOSDAQ,58221,O,O,O,O,O,O,O,O,O,O,0
159010,아스플로,KOSPI/KOSDAQ,29133,O,O,O,O,O,O,O,O,O,O,0
159580,제로투세븐,KOSPI/KOSDAQ,46414,O,O,O,O,O,O,O,O,O,O,0
159650,하이골드오션8호국제선박투자회사,KOSPI/KOSDAQ,761,X,X,X,X,X,X,X,X,X,X,6
159910,에코글로우,KOSPI/KOSDAQ,204,O,O,O,O,O,O,O,O,O,O,0
160190,하이젠알앤엠,KOSPI/KOSDAQ,28111,O,O,O,O,O,O,O,O,O,O,0
160350,(주)웹솔루스,KOSPI/KOSDAQ,58221,X,X,X,X,X,X,X,X,X,X,6
160550,NEW,KOSPI/KOSDAQ,591,O,O,O,O,O,O,O,O,O,O,0
160600,(주)이큐셀,KOSPI/KOSDAQ,2927,O,O,X,O,O,O,O,X,X,X,1
160980,싸이맥스,KOSPI/KOSDAQ,29271,O,O,O,O,O,O,O,O,O,O,0
161000,애경케미칼,KOSPI/KOSDAQ,201,O,O,O,O,O,O,O,O,O,O,0
161390,한국타이어앤테크놀로지,KOSPI/KOSDAQ,221,O,O,O,O,O,O,O,O,O,O,0
161570,주식회사 더 미동,KOSPI/KOSDAQ,26519,X,X,X,X,O,O,X,X,X,X,4
161580,필옵틱스,KOSPI/KOSDAQ,2927,O,O,O,O,O,O,O,O,O,O,0
161890,한국콜마,KOSPI/KOSDAQ,20423,O,O,O,O,O,O,O,O,O,O,0
162120,루켄테크놀러지스,KOSPI/KOSDAQ,289,X,X,O,X,O,O,X,X,X,X,3
162300,신스틸,KOSPI/KOSDAQ,241,O,O,O,O,O,O,O,O,O,O,0
163280,에어레인,KOSPI/KOSDAQ,29175,O,O,O,O,O,O,O,O,O,O,0
163430,(주)디피코,KOSPI/KOSDAQ,302,X,X,X,X,O,X,X,X,X,X,5
163560,동일고무벨트,KOSPI/KOSDAQ,2219,O,O,O,O,O,O,O,O,O,O,0
163730,핑거,KOSPI/KOSDAQ,582,O,O,O,O,O,O,O,O,O,O,0
164060,주식회사 이루다,KOSPI/KOSDAQ,27199,X,X,X,X,O,X,X,X,X,X,5
165270,(주)금오하이텍,KOSPI/KOSDAQ,22223,X,X,X,X,X,X,X,X,X,X,6
166090,하나머티리얼즈,KOSPI/KOSDAQ,2612,O,O,O,O,O,O,O,O,O,O,0
166480,코아스템켐온,KOSPI/KOSDAQ,212,O,O,O,O,O,O,O,O,O,O,0
167380,나무기술 주식회사,KOSPI/KOSDAQ,582,X,X,X,X,X,X,X,X,X,X,6
168330,내츄럴엔도텍,KOSPI/KOSDAQ,70111,O,O,O,O,O,O,O,O,O,O,0
168360,펨트론,KOSPI/KOSDAQ,292,O,O,O,O,O,O,O,O,O,O,0
168490,한국투자패러랠유전해외자원개발특별자산투자회사1호(지분증권),KOSPI/KOSDAQ,64209,X,X,X,X,X,X,X,X,X,X,6
169330,엠브레인,KOSPI/KOSDAQ,71400,O,O,O,O,O,O,O,X,X,X,0
169670,코스텍시스템,KOSPI/KOSDAQ,29271,X,X,O,X,O,O,X,X,X,X,3
170030,현대공업,KOSPI/KOSDAQ,303,O,O,O,O,O,O,O,O,O,O,0
170790,파이오링크,KOSPI/KOSDAQ,26410,O,O,O,O,O,O,O,O,O,O,0
170900,동아에스티,KOSPI/KOSDAQ,212,O,O,O,O,O,O,O,O,O,O,0
170920,엘티씨,KOSPI/KOSDAQ,20119,O,O,O,O,O,O,O,O,O,O,0
171010,램테크놀러지,KOSPI/KOSDAQ,20119,O,O,O,O,O,O,O,O,O,O,0
171090,선익시스템,KOSPI/KOSDAQ,292,O,O,O,O,O,O,O,O,O,O,0
171120,라이온켐텍,KOSPI/KOSDAQ,2049,O,O,O,O,O,O,O,O,O,O,0
172580,하이골드오션12호국제선박투자회사,KOSPI/KOSDAQ,761,X,X,X,X,X,X,X,X,X,X,6
172670,에이엘티,KOSPI/KOSDAQ,2612,O,O,O,O,O,O,O,O,O,O,0
173130,오파스넷,KOSPI/KOSDAQ,62021,O,O,O,O,O,O,O,O,O,O,0
173940,에프엔씨엔터,KOSPI/KOSDAQ,901,O,O,O,O,O,O,O,O,O,O,0
174880,(주)장원테크,KOSPI/KOSDAQ,26422,O,O,X,O,O,O,O,X,X,X,1
174900,앱클론,KOSPI/KOSDAQ,213,O,O,O,O,O,O,O,O,O,O,0
175140,휴먼테크놀로지,KOSPI/KOSDAQ,264,O,O,O,O,O,O,O,O,O,O,0
175250,아이큐어,KOSPI/KOSDAQ,204,O,O,O,O,O,O,O,O,O,O,0
175330,JB금융지주,KOSPI/KOSDAQ,64992,O,O,O,X,O,O,O,O,X,X,1
176440,주식회사 미래오토스,KOSPI/KOSDAQ,26224,X,X,X,X,X,X,X,X,X,X,6
176560,(주)포인트엔지니어링,KOSPI/KOSDAQ,259,X,X,X,X,X,X,X,X,X,X,6
176590,코나솔,KOSPI/KOSDAQ,259,X,X,O,X,O,O,X,X,X,X,3
176750,듀켐바이오,KOSPI/KOSDAQ,212,O,O,O,O,O,O,O,O,O,O,0
177350,베셀,KOSPI/KOSDAQ,222,O,O,O,O,O,O,O,O,O,O,0
177830,파버나인,KOSPI/KOSDAQ,2629,O,O,O,O,O,O,O,O,O,O,0
177900,쓰리에이로직스,KOSPI/KOSDAQ,2611,O,O,O,O,O,O,O,O,O,O,0
178320,서진시스템,KOSPI/KOSDAQ,289,O,O,O,O,O,O,O,O,O,O,0
178600,대동고려삼,KOSPI/KOSDAQ,108,X,X,O,X,O,O,X,X,X,X,3
178780,일월지엠엘,KOSPI/KOSDAQ,468,O,O,O,O,O,O,O,O,O,O,0
178920,PI첨단소재,KOSPI/KOSDAQ,2221,O,O,O,O,O,O,O,O,O,O,0
179280,스탠다드펌(주),KOSPI/KOSDAQ,24212,X,X,X,X,X,X,X,X,X,X,6
179290,엠아이텍,KOSPI/KOSDAQ,27192,O,O,O,O,O,O,O,O,O,O,0
179440,비지스틸(주),KOSPI/KOSDAQ,24199,X,X,X,X,X,X,X,X,X,X,6
179530,애드바이오텍,KOSPI/KOSDAQ,21230,O,O,O,O,O,O,O,O,O,O,0
179720,머니무브,KOSPI/KOSDAQ,649,X,X,O,X,O,O,X,X,X,X,3
179900,유티아이,KOSPI/KOSDAQ,2629,O,O,O,O,O,O,O,O,O,O,0
180060,탑선,KOSPI/KOSDAQ,289,X,X,O,X,O,O,X,X,X,X,3
180400,DXVX,KOSPI/KOSDAQ,729,O,O,O,O,O,O,O,O,O,O,0
180640,한진칼,KOSPI/KOSDAQ,64992,O,O,O,O,O,O,O,O,O,O,0
181340,(주)이즈미디어,KOSPI/KOSDAQ,27212,X,X,X,X,X,X,X,X,X,X,6
181710,NHN,KOSPI/KOSDAQ,5821,O,O,O,O,O,O,O,O,O,O,0
181980,주식회사 자원메디칼,KOSPI/KOSDAQ,27199,X,X,X,X,X,X,X,X,X,X,6
182360,큐브엔터,KOSPI/KOSDAQ,59201,O,O,O,O,O,O,O,O,O,O,0
182400,엔케이젠바이오텍코리아,KOSPI/KOSDAQ,211,O,O,O,O,O,O,O,O,O,O,0
182690,테라셈(주),KOSPI/KOSDAQ,465,X,X,X,X,X,X,X,X,X,X,6
183190,아세아시멘트,KOSPI/KOSDAQ,23311,O,O,O,O,O,O,O,O,O,O,0
183300,코미코,KOSPI/KOSDAQ,29271,O,O,O,O,O,O,O,O,O,O,0
183350,(주)엘피케이로보틱스,KOSPI/KOSDAQ,29280,X,X,X,X,O,O,X,X,X,X,4
183410,(주)골프존클라우드,KOSPI/KOSDAQ,27211,X,X,X,X,X,X,X,X,X,X,6
183490,엔지켐생명과학,KOSPI/KOSDAQ,211,O,O,O,O,O,O,O,O,X,X,0
184230,SGA솔루션즈,KOSPI/KOSDAQ,582,O,O,O,O,O,O,O,O,O,O,0
185190,수프로,KOSPI/KOSDAQ,46204,X,X,O,X,O,O,X,X,X,X,3
185280,(주)이푸른,KOSPI/KOSDAQ,46203,X,X,X,X,X,X,X,X,X,X,6
185490,아이진,KOSPI/KOSDAQ,70113,O,O,O,O,O,O,O,O,O,O,0
185750,종근당,KOSPI/KOSDAQ,212,O,O,O,O,O,O,O,O,O,O,0
186230,그린플러스,KOSPI/KOSDAQ,24222,O,O,O,O,O,O,O,O,O,O,0
187220,디티앤씨,KOSPI/KOSDAQ,729,O,O,O,O,O,O,O,O,O,O,0
187270,신화콘텍,KOSPI/KOSDAQ,2812,O,O,O,O,O,O,O,O,O,O,0
187420,HLB제넥스,KOSPI/KOSDAQ,211,O,O,O,O,O,O,O,O,O,O,0
187660,페니트리움바이오,KOSPI/KOSDAQ,70113,O,O,O,O,O,O,O,O,O,O,0
187770,(주)판타지오,KOSPI/KOSDAQ,73901,X,X,X,X,X,X,X,X,X,X,6
187790,나노,KOSPI/KOSDAQ,20129,O,O,O,O,O,O,O,O,O,O,0
187870,디바이스,KOSPI/KOSDAQ,29271,O,O,O,O,O,O,O,O,O,O,0
188040,바이오포트,KOSPI/KOSDAQ,108,O,O,O,O,O,O,O,O,O,O,0
188260,세니젠,KOSPI/KOSDAQ,339,O,O,O,O,O,O,O,O,O,O,0
189300,인텔리안테크,KOSPI/KOSDAQ,26429,O,O,O,O,O,O,O,O,O,O,0
189330,씨이랩,KOSPI/KOSDAQ,582,O,O,O,O,O,O,O,O,O,O,0
189350,코셋,KOSPI/KOSDAQ,26410,X,X,O,X,O,O,X,X,X,X,3
189540,(주)씨티네트웍스,KOSPI/KOSDAQ,26410,X,X,X,X,X,X,X,X,X,X,6
189690,포시에스,KOSPI/KOSDAQ,58222,O,O,O,O,O,O,O,X,X,X,0
189700,(주)디피앤케이,KOSPI/KOSDAQ,141,X,X,X,X,X,X,X,X,X,X,6
189860,서전기전,KOSPI/KOSDAQ,28123,O,O,O,O,O,O,O,O,O,O,0
189980,흥국에프엔비,KOSPI/KOSDAQ,11209,O,O,O,O,O,O,O,O,O,O,0
190510,나무가,KOSPI/KOSDAQ,262,O,O,O,O,O,O,O,O,O,O,0
190650,코리아에셋투자증권,KOSPI/KOSDAQ,66121,O,O,O,O,O,O,O,X,X,X,0
191410,육일씨엔에쓰,KOSPI/KOSDAQ,262,O,O,O,O,O,O,O,O,O,O,0
191420,테고사이언스,KOSPI/KOSDAQ,211,O,O,O,O,O,O,O,O,O,O,0
191600,블루탑,KOSPI/KOSDAQ,2622,X,X,O,X,O,O,X,X,X,X,3
192080,더블유게임즈,KOSPI/KOSDAQ,5821,O,O,O,O,O,O,O,O,O,O,0
192240,(주)나이코,KOSPI/KOSDAQ,179,X,X,X,X,X,X,X,X,X,X,6
192250,케이사인,KOSPI/KOSDAQ,58221,O,O,O,O,O,O,O,O,X,X,0
192390,윈하이텍,KOSPI/KOSDAQ,2511,O,O,O,O,O,O,O,O,O,O,0
192400,쿠쿠홀딩스,KOSPI/KOSDAQ,649,O,O,O,O,O,O,O,O,X,X,0
192410,오늘이엔엠,KOSPI/KOSDAQ,2642,O,O,O,O,O,O,O,O,O,O,0
192440,슈피겐코리아,KOSPI/KOSDAQ,339,O,O,O,O,O,O,O,O,O,O,0
192520,(주)경남은행,KOSPI/KOSDAQ,64121,O,O,X,X,O,O,O,X,X,X,2
192530,(주)광주은행,KOSPI/KOSDAQ,64121,O,O,X,X,O,O,O,X,X,X,2
192650,드림텍,KOSPI/KOSDAQ,2629,O,O,O,O,O,O,O,O,O,O,0
192820,코스맥스,KOSPI/KOSDAQ,20423,O,O,O,O,O,O,O,O,O,O,0
193250,링크드,KOSPI/KOSDAQ,2629,O,O,O,O,O,O,O,O,O,O,0
194370,제이에스코퍼레이션,KOSPI/KOSDAQ,15121,O,O,O,O,O,O,O,O,O,O,0
194480,데브시스터즈,KOSPI/KOSDAQ,58212,O,O,O,O,O,O,O,O,X,X,0
194510,(주)넥스쳐,KOSPI/KOSDAQ,5821,O,O,X,O,O,O,O,X,X,X,1
194610,(주)우성아이비,KOSPI/KOSDAQ,339,X,X,X,X,O,O,X,X,X,X,4
194700,노바렉스,KOSPI/KOSDAQ,108,O,O,O,O,O,O,O,O,O,O,0
194860,(주)에스와이이노베이션,KOSPI/KOSDAQ,22232,X,X,X,X,X,X,X,X,X,X,6
195440,(주)퓨전,KOSPI/KOSDAQ,58221,X,X,X,X,X,X,X,X,X,X,6
195500,마니커에프앤지,KOSPI/KOSDAQ,10121,O,O,O,O,O,O,O,O,O,O,0
195870,해성디에스,KOSPI/KOSDAQ,262,O,O,O,O,O,O,O,O,O,O,0
195940,HK이노엔,KOSPI/KOSDAQ,212,O,O,O,O,O,O,O,O,O,O,0
195990,에이비프로바이오,KOSPI/KOSDAQ,29223,O,O,O,O,O,O,O,O,O,O,0
196170,알테오젠,KOSPI/KOSDAQ,70113,O,O,O,O,O,O,O,O,O,O,0
196300,HLB펩,KOSPI/KOSDAQ,211,O,O,O,O,O,O,O,O,O,O,0
196450,코아시아씨엠,KOSPI/KOSDAQ,273,O,O,O,O,O,O,O,O,O,O,0
196490,디에이테크놀로지,KOSPI/KOSDAQ,29271,O,O,O,O,O,O,O,O,O,O,0
196700,웹스,KOSPI/KOSDAQ,20203,O,O,O,O,O,O,O,O,O,O,0
197140,디지캡,KOSPI/KOSDAQ,58221,O,O,O,O,O,O,O,O,O,O,0
197210,(주)리드,KOSPI/KOSDAQ,29272,X,X,X,X,X,X,X,X,X,X,6
198080,캐프,KOSPI/KOSDAQ,26224,O,O,O,O,O,O,O,O,O,O,0
198440,강동씨앤엘,KOSPI/KOSDAQ,233,O,O,O,O,O,O,O,O,O,O,0
198940,한주라이트메탈,KOSPI/KOSDAQ,24212,O,O,O,O,O,O,O,O,O,O,0
199150,데이터스트림즈,KOSPI/KOSDAQ,58221,X,X,O,X,O,O,X,X,X,X,3
199290,바이오프로테크,KOSPI/KOSDAQ,271,X,X,O,X,O,O,X,X,X,X,3
199430,케이엔알시스템,KOSPI/KOSDAQ,272,O,O,O,O,O,O,O,O,O,O,0
199480,뱅크웨어글로벌,KOSPI/KOSDAQ,58222,O,O,O,O,O,O,O,O,X,X,0
199550,레이저옵텍,KOSPI/KOSDAQ,27112,O,O,O,O,O,O,O,O,O,O,0
199730,바이오인프라,KOSPI/KOSDAQ,70113,O,O,O,O,O,O,O,O,X,X,0
199800,툴젠,KOSPI/KOSDAQ,701,O,O,O,O,O,O,O,O,O,O,0
199820,제일일렉트릭,KOSPI/KOSDAQ,28123,O,O,O,O,O,O,O,O,O,O,0
199870,(주)배터리솔루션즈,KOSPI/KOSDAQ,24213,X,X,X,X,X,X,X,X,X,X,6
200130,콜마비앤에이치,KOSPI/KOSDAQ,211,O,O,O,O,O,O,O,O,O,O,0
200230,텔콘RF제약,KOSPI/KOSDAQ,212,O,O,O,O,O,O,O,O,O,O,0
200350,아티스트스튜디오,KOSPI/KOSDAQ,591,O,O,O,O,O,O,O,O,O,O,0
200470,에이팩트,KOSPI/KOSDAQ,261,O,O,O,O,O,O,O,O,O,O,0
200580,메디쎄이,KOSPI/KOSDAQ,27199,X,X,O,X,O,O,X,X,X,X,3
200670,휴메딕스,KOSPI/KOSDAQ,212,O,O,O,O,O,O,O,O,O,O,0
200710,에이디테크놀로지,KOSPI/KOSDAQ,2611,O,O,O,O,O,O,O,O,O,O,0
200780,비씨월드제약,KOSPI/KOSDAQ,212,O,O,O,O,O,O,O,O,O,O,0
200880,서연이화,KOSPI/KOSDAQ,303,O,O,O,O,O,O,O,O,O,O,0
201490,미투온,KOSPI/KOSDAQ,5821,O,O,O,O,O,O,O,O,O,O,0
202960,판도라티비,KOSPI/KOSDAQ,58221,X,X,O,X,O,O,X,X,X,X,3
203400,에이비온,KOSPI/KOSDAQ,70113,O,O,O,O,O,O,O,O,O,O,0
203450,유니온바이오메트릭스,KOSPI/KOSDAQ,26429,O,O,O,O,O,O,O,O,O,O,0
203650,드림시큐리티,KOSPI/KOSDAQ,582,O,O,O,O,O,O,O,O,O,O,0
203690,아크솔루션스,KOSPI/KOSDAQ,171,O,O,O,O,O,O,O,O,O,O,0
204020,그리티,KOSPI/KOSDAQ,14120,O,O,O,O,O,O,O,O,O,O,0
204210,JK리버스톤리츠,KOSPI/KOSDAQ,681,O,O,O,O,O,O,O,O,X,X,0
204270,제이앤티씨,KOSPI/KOSDAQ,262,O,O,O,O,O,O,O,O,O,O,0
204320,HL만도,KOSPI/KOSDAQ,303,O,O,O,O,O,O,O,O,O,O,0
204440,대우기업인수목적2호(주),KOSPI/KOSDAQ,66199,X,X,X,X,X,X,X,X,X,X,6
204610,티쓰리,KOSPI/KOSDAQ,5821,O,O,O,O,O,O,O,O,O,O,0
204620,글로벌텍스프리,KOSPI/KOSDAQ,661,O,O,O,O,O,O,O,O,O,O,0
204630,(주)스튜디오 산타클로스 엔터테인먼트,KOSPI/KOSDAQ,901,O,O,X,O,O,O,O,X,X,X,1
204650,케이티비기업인수목적1호(주),KOSPI/KOSDAQ,661,X,X,X,X,X,X,X,X,X,X,6
204690,(주)다린,KOSPI/KOSDAQ,22232,X,X,X,X,X,X,X,X,X,X,6
204760,현대에이블기업인수목적1호(주),KOSPI/KOSDAQ,661,X,X,X,X,X,X,X,X,X,X,6
204840,지엘팜텍,KOSPI/KOSDAQ,464,O,O,O,O,O,O,O,O,O,O,0
204990,(주)코썬바이오,KOSPI/KOSDAQ,10897,X,X,X,X,X,X,X,X,X,X,6
205100,엑셈,KOSPI/KOSDAQ,58221,O,O,O,O,O,O,O,O,O,O,0
205290,(주)케미메디,KOSPI/KOSDAQ,701,X,X,X,X,X,X,X,X,X,X,6
205470,휴마시스,KOSPI/KOSDAQ,213,O,O,O,O,O,O,O,O,O,O,0
205500,넥써쓰,KOSPI/KOSDAQ,582,O,O,O,O,O,O,O,O,O,O,0
206400,베노티앤알,KOSPI/KOSDAQ,424,O,O,O,O,O,O,O,O,O,O,0
206560,덱스터,KOSPI/KOSDAQ,59120,O,O,O,O,O,O,O,O,O,O,0
206640,바디텍메드,KOSPI/KOSDAQ,213,O,O,O,O,O,O,O,O,O,O,0
206650,유바이오로직스,KOSPI/KOSDAQ,212,O,O,O,O,O,O,O,O,O,O,0
206660,골든브릿지제2호기업인수목적(주),KOSPI/KOSDAQ,661,X,X,X,X,X,X,X,X,X,X,6
206950,볼빅,KOSPI/KOSDAQ,33309,X,X,O,X,O,O,X,X,X,X,3
207230,디와이엘엔제이(주),KOSPI/KOSDAQ,28303,X,X,X,X,X,X,X,X,X,X,6
207490,에이펙스인텍,KOSPI/KOSDAQ,28422,X,X,O,X,O,O,X,X,X,X,3
207720,엔에이치에스엘기업인수목적(주),KOSPI/KOSDAQ,66199,X,X,X,X,X,X,X,X,X,X,6
207760,미스터블루,KOSPI/KOSDAQ,63991,O,O,O,O,O,O,O,O,O,O,0
207930,에스케이제1호기업인수목적(주),KOSPI/KOSDAQ,661,X,X,X,X,X,X,X,X,X,X,6
207940,삼성바이오로직스,KOSPI/KOSDAQ,211,O,O,O,O,O,O,O,O,O,O,0
208140,정다운,KOSPI/KOSDAQ,101,O,O,O,O,O,O,O,O,O,O,0
208340,(주)파멥신,KOSPI/KOSDAQ,212,O,O,X,O,O,O,O,X,X,X,1
208350,지란지교시큐리티,KOSPI/KOSDAQ,582,O,O,O,O,O,O,O,O,O,O,0
208370,셀바스헬스케어,KOSPI/KOSDAQ,271,O,O,O,O,O,O,O,O,O,O,0
208640,썸에이지,KOSPI/KOSDAQ,582,O,O,O,O,O,O,O,O,O,O,0
208710,포톤,KOSPI/KOSDAQ,262,O,O,O,O,O,O,O,O,O,O,0
208850,이비테크,KOSPI/KOSDAQ,28909,X,X,O,X,O,O,X,X,X,X,3
208860,다산디엠씨,KOSPI/KOSDAQ,58222,O,O,O,O,O,O,O,O,O,O,0
208870,하나머스트3호기업인수목적(주),KOSPI/KOSDAQ,66199,X,X,X,X,X,X,X,X,X,X,6
208890,미래엔에듀파트너,KOSPI/KOSDAQ,857,X,X,O,X,O,O,X,X,X,X,3
209640,와이제이링크,KOSPI/KOSDAQ,29299,O,O,O,O,O,O,O,O,O,O,0
210120,캔버스엔,KOSPI/KOSDAQ,59114,O,O,O,O,O,O,O,O,O,O,0
210540,디와이파워,KOSPI/KOSDAQ,29241,O,O,O,O,O,O,O,O,O,O,0
210610,소프트캠프(주),KOSPI/KOSDAQ,58222,X,X,X,X,X,X,X,X,X,X,6
210980,SK디앤디,KOSPI/KOSDAQ,68122,O,O,O,O,O,O,O,O,O,O,0
211050,인카금융서비스,KOSPI/KOSDAQ,66202,O,O,O,O,O,O,O,O,X,X,0
211270,AP위성,KOSPI/KOSDAQ,264,O,O,O,O,O,O,O,O,O,O,0
212310,오건에코텍,KOSPI/KOSDAQ,27192,X,X,O,X,O,O,X,X,X,X,3
212560,네오오토,KOSPI/KOSDAQ,303,O,O,O,O,O,O,O,O,O,O,0
212710,아이에스티이,KOSPI/KOSDAQ,261,O,O,O,O,O,O,O,O,O,O,0
213090,(주)미래테크놀로지,KOSPI/KOSDAQ,58221,X,X,X,X,X,X,X,X,X,X,6
213420,덕산네오룩스,KOSPI/KOSDAQ,262,O,O,O,O,O,O,O,O,O,O,0
213500,한솔제지,KOSPI/KOSDAQ,171,O,O,O,O,O,O,O,O,O,O,0
214150,클래시스,KOSPI/KOSDAQ,271,O,O,O,O,O,O,O,O,O,O,0
214180,헥토이노베이션,KOSPI/KOSDAQ,63991,O,O,O,O,O,O,O,O,O,O,0
214260,라파스,KOSPI/KOSDAQ,20423,O,O,O,O,O,O,O,O,O,O,0
214270,FSN,KOSPI/KOSDAQ,582,O,O,O,O,O,O,O,O,O,O,0
214310,(주)로아앤코,KOSPI/KOSDAQ,71531,O,O,X,O,O,O,O,X,X,X,1
214320,이노션,KOSPI/KOSDAQ,71310,O,O,O,O,O,O,O,O,O,O,0
214330,금호에이치티,KOSPI/KOSDAQ,303,O,O,O,O,O,O,O,O,O,O,0
214370,케어젠,KOSPI/KOSDAQ,211,O,O,O,O,O,O,O,O,O,O,0
214390,경보제약,KOSPI/KOSDAQ,211,O,O,O,O,O,O,O,O,O,O,0
214420,토니모리,KOSPI/KOSDAQ,20423,O,O,O,O,O,O,O,O,O,O,0
214430,아이쓰리시스템,KOSPI/KOSDAQ,2629,O,O,O,O,O,O,O,O,O,O,0
214450,파마리서치,KOSPI/KOSDAQ,213,O,O,O,O,O,O,O,O,O,O,0
214610,롤링스톤,KOSPI/KOSDAQ,27199,O,O,O,O,O,O,O,O,O,O,0
214680,디알텍,KOSPI/KOSDAQ,271,O,O,O,O,O,O,O,O,O,O,0
214870,(주)한울비앤씨,KOSPI/KOSDAQ,465,O,X,X,O,O,O,X,X,X,X,2
215000,골프존,KOSPI/KOSDAQ,58219,O,O,O,O,O,O,O,O,O,O,0
215050,(주)비엔디생활건강,KOSPI/KOSDAQ,20421,X,X,X,X,X,X,X,X,X,X,6
215090,솔디펜스,KOSPI/KOSDAQ,272,O,O,O,O,O,O,O,O,O,O,0
215100,로보로보,KOSPI/KOSDAQ,28909,O,O,O,O,O,O,O,O,O,O,0
215200,메가스터디교육,KOSPI/KOSDAQ,85503,O,O,O,O,O,O,O,O,O,O,0
215360,우리산업,KOSPI/KOSDAQ,303,O,O,O,O,O,O,O,O,O,O,0
215380,우정바이오,KOSPI/KOSDAQ,701,O,O,O,O,O,O,O,O,O,O,0
215480,토박스코리아,KOSPI/KOSDAQ,474,O,O,O,O,O,O,O,O,O,O,0
215570,크로넥스,KOSPI/KOSDAQ,70113,X,X,O,X,O,O,X,X,X,X,3
215580,대우기업인수목적3호(주),KOSPI/KOSDAQ,66199,X,X,X,X,X,X,X,X,X,X,6
215600,신라젠,KOSPI/KOSDAQ,70113,O,O,O,O,O,O,O,O,O,O,0
215750,미래에셋제3호기업인수목적(주),KOSPI/KOSDAQ,66199,X,X,X,X,X,X,X,X,X,X,6
215790,이노인스트루먼트,KOSPI/KOSDAQ,264,O,O,O,O,O,O,O,O,O,O,0
216050,인크로스,KOSPI/KOSDAQ,71310,O,O,O,O,O,O,O,O,O,O,0
216080,제테마,KOSPI/KOSDAQ,213,O,O,O,O,O,O,O,O,O,O,0
216280,원텍(주),KOSPI/KOSDAQ,27112,X,X,X,X,X,X,X,X,X,X,6
216400,인바이츠바이오코아,KOSPI/KOSDAQ,70113,O,O,O,O,O,O,O,X,X,X,0
217190,제너셈,KOSPI/KOSDAQ,29271,O,O,O,O,O,O,X,O,O,O,0
217270,넵튠,KOSPI/KOSDAQ,582,O,O,O,O,O,O,O,O,O,O,0
217320,썬테크,KOSPI/KOSDAQ,28111,X,X,O,X,O,O,X,X,X,X,3
217330,싸이토젠,KOSPI/KOSDAQ,70113,O,O,O,O,O,O,O,O,O,O,0
217480,에스디생명공학,KOSPI/KOSDAQ,20423,O,O,O,O,O,O,O,O,X,X,0
217500,러셀,KOSPI/KOSDAQ,292,O,O,O,O,O,O,O,O,O,O,0
217590,티엠씨,KOSPI/KOSDAQ,2830,O,O,O,O,O,O,O,O,X,X,0
217600,(주)켐온,KOSPI/KOSDAQ,701,X,X,X,X,X,X,X,X,X,X,6
217620,선샤인푸드,KOSPI/KOSDAQ,561,O,X,X,O,O,X,X,X,X,X,3
217730,강스템바이오텍,KOSPI/KOSDAQ,211,O,O,O,O,O,O,O,O,O,O,0
217810,엔에이치기업인수목적7호 주식회사,KOSPI/KOSDAQ,661,X,X,X,X,X,X,X,X,X,X,6
217820,원익피앤이,KOSPI/KOSDAQ,292,O,O,O,O,O,O,O,O,O,O,0
217880,틸론,KOSPI/KOSDAQ,58222,O,O,O,O,O,O,X,X,X,X,0
217910,에스제이켐,KOSPI/KOSDAQ,20129,X,X,O,X,O,O,X,X,X,X,3
217950,파마리서치바이오,KOSPI/KOSDAQ,212,O,O,O,O,O,O,O,X,X,X,0
218150,미래생명자원,KOSPI/KOSDAQ,109,O,O,O,O,O,O,O,O,X,X,0
218410,RFHIC,KOSPI/KOSDAQ,264,O,O,O,O,O,O,O,O,O,O,0
218710,키움제3호기업인수목적주식회사,KOSPI/KOSDAQ,661,X,X,X,X,X,X,X,X,X,X,6
219130,타이거일렉,KOSPI/KOSDAQ,2622,O,O,O,O,O,O,O,O,O,O,0
219420,링크제니시스,KOSPI/KOSDAQ,58222,O,O,O,O,O,O,O,O,O,O,0
219550,디와이디,KOSPI/KOSDAQ,464,O,O,O,O,O,O,O,O,O,O,0
219580,골든브릿지제3호기업인수목적(주),KOSPI/KOSDAQ,66199,X,X,X,X,X,X,X,X,X,X,6
219750,한국비티비,KOSPI/KOSDAQ,271,O,O,O,O,O,O,O,O,O,O,0
219860,한화에이스기업인수목적2호(주),KOSPI/KOSDAQ,661,X,X,X,X,X,X,X,X,X,X,6
219960,유안타제2호기업인수목적(주),KOSPI/KOSDAQ,661,X,X,X,X,X,X,X,X,X,X,6
220100,퓨쳐켐,KOSPI/KOSDAQ,212,O,O,O,O,O,O,O,O,O,O,0
220110,(주)드림티엔터테인먼트,KOSPI/KOSDAQ,73901,X,X,X,X,X,X,X,X,X,X,6
220180,핸디소프트,KOSPI/KOSDAQ,58222,O,O,O,O,O,O,O,O,O,O,0
220250,(주)카이노스메드,KOSPI/KOSDAQ,70113,X,X,X,X,X,X,X,X,X,X,6
220260,켐트로스,KOSPI/KOSDAQ,204,O,O,O,O,O,O,O,O,O,O,0
220630,주식회사 맘스터치앤컴퍼니,KOSPI/KOSDAQ,463,X,X,X,X,X,X,X,X,X,X,6
221200,유진기업인수목적3호(주),KOSPI/KOSDAQ,661,X,X,X,X,X,X,X,X,X,X,6
221610,자안바이오 주식회사,KOSPI/KOSDAQ,20411,X,X,X,X,X,X,X,X,X,X,6
221670,(주)주노콜렉션,KOSPI/KOSDAQ,15121,X,X,X,X,X,X,X,X,X,X,6
221800,지구홀딩스,KOSPI/KOSDAQ,72911,O,O,O,O,O,O,O,O,X,X,0
221840,하이즈항공,KOSPI/KOSDAQ,313,O,O,O,O,O,O,O,O,O,O,0
221950,케이비드림투게더제3호기업인수목적 주식회사,KOSPI/KOSDAQ,661,X,X,X,X,X,X,X,X,X,X,6
221980,케이디켐,KOSPI/KOSDAQ,2049,O,O,O,O,O,O,O,O,O,O,0
222040,코스맥스엔비티,KOSPI/KOSDAQ,108,O,O,O,O,O,O,O,O,O,O,0
222080,씨아이에스,KOSPI/KOSDAQ,292,O,O,O,O,O,O,O,O,O,O,0
222110,팬젠,KOSPI/KOSDAQ,212,O,O,O,O,O,O,O,O,O,O,0
222160,NPX,KOSPI/KOSDAQ,292,O,O,O,O,O,O,O,O,O,O,0
222390,케이비제8호기업인수목적 주식회사,KOSPI/KOSDAQ,661,X,X,X,X,X,X,X,X,X,X,6
222420,쎄노텍,KOSPI/KOSDAQ,23993,O,O,O,O,O,O,O,O,O,O,0
222520,(주)솔트웍스,KOSPI/KOSDAQ,58222,X,X,X,X,X,X,X,X,X,X,6
222670,플럼라인생명과학,KOSPI/KOSDAQ,701,X,X,O,X,O,O,X,X,X,X,3
222800,심텍,KOSPI/KOSDAQ,2622,O,O,O,O,O,O,O,O,O,O,0
222810,(주)세토피아,KOSPI/KOSDAQ,241,O,O,X,O,O,O,O,X,X,X,1
222980,한국맥널티,KOSPI/KOSDAQ,108,O,O,O,O,O,O,O,O,X,X,0
223040,교보5호기업인수목적(주),KOSPI/KOSDAQ,661,X,X,X,X,X,X,X,X,X,X,6
223220,로지스몬,KOSPI/KOSDAQ,529,X,X,O,X,O,O,X,X,X,X,3
223250,드림씨아이에스,KOSPI/KOSDAQ,70113,O,O,O,O,O,O,O,O,O,O,0
223310,사토시홀딩스,KOSPI/KOSDAQ,468,O,O,O,O,O,O,O,O,X,X,0
224020,(주)에스케이씨에스,KOSPI/KOSDAQ,22291,X,X,X,X,X,X,X,X,X,X,6
224060,더코디,KOSPI/KOSDAQ,262,O,O,O,O,O,O,O,O,O,O,0
224090,(주)정다운,KOSPI/KOSDAQ,1011,X,X,X,X,X,X,X,X,X,X,6
224110,에이텍모빌리티,KOSPI/KOSDAQ,26429,O,O,O,O,O,O,O,O,O,O,0
224760,엔에스컴퍼니,KOSPI/KOSDAQ,412,X,X,O,X,O,O,X,X,X,X,3
224810,엄지하우스,KOSPI/KOSDAQ,424,X,X,O,X,O,O,X,X,X,X,3
224880,에스지에이클라우드서비스 주식회사,KOSPI/KOSDAQ,582,X,X,X,X,X,X,X,X,X,X,6
225190,LK삼양,KOSPI/KOSDAQ,273,O,O,O,O,O,O,O,O,O,O,0
225220,제놀루션,KOSPI/KOSDAQ,211,O,O,O,O,O,O,O,O,O,O,0
225330,(주)씨엠에스에듀,KOSPI/KOSDAQ,85501,X,X,X,X,X,X,X,X,X,X,6
225430,케이엠제약,KOSPI/KOSDAQ,204,O,O,O,O,O,O,O,O,O,O,0
225440,이베스트기업인수목적3호(주),KOSPI/KOSDAQ,64999,X,X,X,X,X,X,X,X,X,X,6
225530,HC보광산업,KOSPI/KOSDAQ,239,O,O,O,O,O,O,O,O,O,O,0
225570,넥슨게임즈,KOSPI/KOSDAQ,582,O,O,O,O,O,O,O,O,O,O,0
225590,패션플랫폼,KOSPI/KOSDAQ,141,O,O,O,O,O,O,O,O,O,O,0
225650,(주)쿠첸,KOSPI/KOSDAQ,28511,X,X,X,X,X,X,X,X,X,X,6
225850,(주)미애부,KOSPI/KOSDAQ,464,X,X,X,X,X,X,X,X,X,X,6
225860,(주)엠앤씨생명과학,KOSPI/KOSDAQ,20423,X,X,X,X,X,X,X,X,X,X,6
226320,잇츠한불,KOSPI/KOSDAQ,20423,O,O,O,O,O,O,O,O,O,O,0
226330,신테카바이오,KOSPI/KOSDAQ,582,O,O,O,O,O,O,O,O,O,O,0
226340,본느,KOSPI/KOSDAQ,204,O,O,O,O,O,O,O,O,O,O,0
226350,(주)아이엠텍,KOSPI/KOSDAQ,2629,X,X,X,X,X,X,X,X,X,X,6
226360,케이에이치건설 주식회사,KOSPI/KOSDAQ,412,O,O,X,O,O,O,O,X,X,X,1
226400,오스테오닉,KOSPI/KOSDAQ,27199,O,O,O,O,O,O,O,O,O,O,0
226440,(주)시스네오텍,KOSPI/KOSDAQ,292,O,O,X,O,O,O,O,X,X,X,1
226590,엠디바이스,KOSPI/KOSDAQ,262,O,O,O,O,O,O,O,O,O,O,0
226610,(주)한국비엔씨,KOSPI/KOSDAQ,271,X,X,X,X,X,X,X,X,X,X,6
226850,키움 제4호 기업인수목적 주식회사,KOSPI/KOSDAQ,66199,X,X,X,X,X,X,X,X,X,X,6
226950,올릭스,KOSPI/KOSDAQ,70113,O,O,O,O,O,O,O,O,X,X,0
227100,프로브잇,KOSPI/KOSDAQ,682,O,O,O,O,O,X,X,X,X,X,1
227420,도부,KOSPI/KOSDAQ,132,X,X,O,X,O,O,X,X,X,X,3
227610,아우딘퓨쳐스,KOSPI/KOSDAQ,20423,O,O,O,O,O,O,O,O,O,O,0
227840,현대코퍼레이션홀딩스,KOSPI/KOSDAQ,463,O,O,O,O,O,O,O,O,X,X,0
227950,엔투텍,KOSPI/KOSDAQ,292,O,O,O,O,O,O,O,O,O,O,0
228180,(주)비엘사이언스,KOSPI/KOSDAQ,701,X,X,X,X,X,X,X,X,X,X,6
228340,동양파일,KOSPI/KOSDAQ,23325,O,O,O,O,O,O,O,O,O,O,0
228670,레이,KOSPI/KOSDAQ,27111,O,O,O,O,O,O,O,O,O,O,0
228760,지노믹트리,KOSPI/KOSDAQ,701,O,O,O,O,O,O,O,O,O,O,0
228850,레이언스,KOSPI/KOSDAQ,27111,O,O,O,O,O,O,O,O,O,O,0
229000,젠큐릭스,KOSPI/KOSDAQ,213,O,O,O,O,O,O,O,O,O,O,0
229480,줌인터넷(주),KOSPI/KOSDAQ,63120,X,X,X,X,X,X,X,X,X,X,6
229500,노브메타파마,KOSPI/KOSDAQ,70113,X,X,O,X,O,O,X,X,X,X,3
229640,LS에코에너지,KOSPI/KOSDAQ,64992,O,O,O,O,O,O,O,O,O,O,0
230240,에치에프알,KOSPI/KOSDAQ,264,O,O,O,O,O,O,O,O,O,O,0
230360,에코마케팅,KOSPI/KOSDAQ,71310,O,O,O,O,O,O,O,O,O,O,0
230400,(주)자비스,KOSPI/KOSDAQ,271,X,X,X,X,X,X,X,X,X,X,6
230490,동부제4호기업인수목적주식회사,KOSPI/KOSDAQ,661,X,X,X,X,X,X,X,X,X,X,6
230980,비유테크놀러지,KOSPI/KOSDAQ,582,O,O,O,O,O,O,O,O,O,O,0
232140,와이씨,KOSPI/KOSDAQ,292,O,O,O,O,O,O,O,O,O,O,0
232270,케이비제9호기업인수목적(주),KOSPI/KOSDAQ,661,X,X,X,X,X,X,X,X,X,X,6
232290,에스지에이시스템즈(주),KOSPI/KOSDAQ,582,X,X,X,X,X,X,X,X,X,X,6
232330,에스케이제3호기업인수목적(주),KOSPI/KOSDAQ,661,X,X,X,X,X,X,X,X,X,X,6
232360,아스팩오일(주),KOSPI/KOSDAQ,192,X,X,X,X,X,X,X,X,X,X,6
232530,이엠티,KOSPI/KOSDAQ,28202,X,X,O,X,O,O,X,X,X,X,3
232680,라온로보틱스,KOSPI/KOSDAQ,29280,O,O,O,O,O,O,O,O,O,O,0
232830,아이티센피엔에스,KOSPI/KOSDAQ,58221,O,O,O,O,O,O,O,O,O,O,0
233190,(주)미래자원엠엘,KOSPI/KOSDAQ,1090,X,X,X,X,X,X,X,X,X,X,6
233250,메디안디노스틱,KOSPI/KOSDAQ,213,X,X,O,X,O,O,X,X,X,X,3
233990,질경이,KOSPI/KOSDAQ,20423,X,X,O,X,O,O,X,X,X,X,3
234030,싸이닉솔루션,KOSPI/KOSDAQ,26112,O,O,O,O,O,O,O,O,X,X,0
234070,에이원큐브텍,KOSPI/KOSDAQ,76310,X,X,O,X,O,O,X,X,X,X,3
234080,JW생명과학,KOSPI/KOSDAQ,212,O,O,O,O,O,O,O,O,X,X,0
234100,폴라리스세원,KOSPI/KOSDAQ,303,O,O,O,O,O,O,O,O,O,O,0
234300,에스트래픽,KOSPI/KOSDAQ,6202,O,O,O,O,O,O,O,O,O,O,0
234340,헥토파이낸셜,KOSPI/KOSDAQ,661,O,O,O,O,O,O,O,O,O,O,0
234690,녹십자웰빙,KOSPI/KOSDAQ,212,O,O,O,O,O,O,O,O,O,O,0
234920,자이글,KOSPI/KOSDAQ,28511,O,O,O,O,O,O,O,O,O,O,0
235010,하이에이아이1호기업인수목적(주),KOSPI/KOSDAQ,66199,X,X,X,X,X,X,X,X,X,X,6
235090,(주)태경피엔에스,KOSPI/KOSDAQ,292,X,X,X,X,X,X,X,X,X,X,6
235980,메드팩토,KOSPI/KOSDAQ,70113,O,O,O,O,O,O,O,O,X,X,0
236030,씨알푸드,KOSPI/KOSDAQ,105,X,X,O,X,O,O,X,X,X,X,3
236200,슈프리마,KOSPI/KOSDAQ,26410,O,O,O,O,O,O,O,O,O,O,0
236340,메디젠휴먼케어,KOSPI/KOSDAQ,70113,X,X,O,X,O,O,X,X,X,X,3
236810,엔비티,KOSPI/KOSDAQ,71310,O,O,O,O,O,O,O,O,X,X,0
237690,에스티팜,KOSPI/KOSDAQ,212,O,O,O,O,O,O,O,O,O,O,0
237720,케이엠제약(주),KOSPI/KOSDAQ,20422,X,X,X,X,X,X,X,X,X,X,6
237750,피앤씨테크,KOSPI/KOSDAQ,28123,O,O,O,O,O,O,O,O,O,O,0
237820,플레이디,KOSPI/KOSDAQ,71310,O,O,O,O,O,O,O,O,O,O,0
237880,클리오,KOSPI/KOSDAQ,20423,O,O,O,O,O,O,O,O,O,O,0
238090,앤디포스,KOSPI/KOSDAQ,222,O,O,O,O,O,O,O,O,O,O,0
238120,얼라인드,KOSPI/KOSDAQ,273,O,O,O,O,O,O,O,O,O,O,0
238170,(주)엔에스엠,KOSPI/KOSDAQ,202,O,X,X,O,O,X,X,X,X,X,3
238200,비피도,KOSPI/KOSDAQ,108,O,O,O,O,O,O,O,O,X,X,0
238490,힘스,KOSPI/KOSDAQ,29272,O,O,O,O,O,O,O,O,X,X,0
238500,솔루믹스,KOSPI/KOSDAQ,739,X,O,O,O,O,O,X,X,X,X,1
239340,이스트에이드,KOSPI/KOSDAQ,631,O,O,O,O,O,O,O,O,O,O,0
239610,에이치엘사이언스,KOSPI/KOSDAQ,108,O,O,O,O,O,O,O,O,X,X,0
239890,피엔에이치테크,KOSPI/KOSDAQ,20119,O,O,O,O,O,O,O,O,O,O,0
240340,(주)인터코스,KOSPI/KOSDAQ,20423,X,X,X,X,X,X,X,X,X,X,6
240540,한국제4호기업인수목적(주),KOSPI/KOSDAQ,661,X,X,X,X,X,X,X,X,X,X,6
240550,동방메디컬,KOSPI/KOSDAQ,271,O,O,O,O,O,O,O,O,O,O,0
240600,유진테크놀로지,KOSPI/KOSDAQ,259,O,O,O,O,O,O,O,O,O,O,0
240810,원익IPS,KOSPI/KOSDAQ,292,O,O,O,O,O,O,O,O,O,O,0
241510,이에스산업(주),KOSPI/KOSDAQ,29193,X,X,X,X,X,X,X,X,X,X,6
241520,DSC인베스트먼트,KOSPI/KOSDAQ,64209,O,O,O,O,O,O,O,O,X,X,0
241560,두산밥캣,KOSPI/KOSDAQ,29241,O,O,O,O,O,O,O,O,O,O,0
241590,화승엔터프라이즈,KOSPI/KOSDAQ,15219,O,O,O,O,O,O,O,O,O,O,0
241690,유니테크노,KOSPI/KOSDAQ,30331,O,O,O,O,O,O,O,O,O,O,0
241710,코스메카코리아,KOSPI/KOSDAQ,20423,O,O,O,O,O,O,O,O,O,O,0
241770,메카로,KOSPI/KOSDAQ,261,O,O,O,O,O,O,O,O,O,O,0
241790,티이엠씨씨엔에스,KOSPI/KOSDAQ,292,O,O,O,O,O,O,O,O,O,O,0
241820,피씨엘,KOSPI/KOSDAQ,213,O,O,O,O,O,X,X,X,X,X,1
241840,에이스토리,KOSPI/KOSDAQ,591,O,O,O,O,O,O,O,O,O,O,0
242040,나무기술,KOSPI/KOSDAQ,582,O,O,O,O,O,O,O,O,O,O,0
242350,(주)피엔아이컴퍼니,KOSPI/KOSDAQ,620,X,X,X,X,X,X,X,X,X,X,6
242420,주식회사 본느,KOSPI/KOSDAQ,204,X,X,X,X,X,X,X,X,X,X,6
242850,(주)영현무역,KOSPI/KOSDAQ,461,X,X,X,X,X,X,X,X,X,X,6
243070,휴온스,KOSPI/KOSDAQ,212,O,O,O,O,O,O,O,O,O,O,0
243840,신흥에스이씨,KOSPI/KOSDAQ,28202,O,O,O,O,O,O,O,O,O,O,0
243870,아이티센코어,KOSPI/KOSDAQ,62021,X,X,O,X,O,O,X,X,X,X,3
244460,올리패스,KOSPI/KOSDAQ,211,O,O,O,O,O,O,O,O,O,O,0
244880,나눔테크,KOSPI/KOSDAQ,27199,X,X,O,X,O,O,X,X,X,X,3
244920,에이플러스에셋,KOSPI/KOSDAQ,66202,O,O,O,O,O,O,O,O,X,X,0
245030,(주)스페이스솔루션,KOSPI/KOSDAQ,582,X,X,X,X,X,X,X,X,X,X,6
245450,씨앤에스링크,KOSPI/KOSDAQ,264,X,X,O,X,O,O,X,X,X,X,3
245620,EDGC,KOSPI/KOSDAQ,70113,O,O,O,O,O,O,O,O,O,O,0
246250,에스엘에스바이오,KOSPI/KOSDAQ,739,O,O,O,O,O,O,O,O,O,O,0
246690,TS인베스트먼트,KOSPI/KOSDAQ,64209,O,O,O,O,O,O,O,O,X,X,0
246710,티앤알바이오팹,KOSPI/KOSDAQ,21100,O,O,O,O,O,O,O,O,O,O,0
246720,아스타,KOSPI/KOSDAQ,213,O,O,O,O,O,O,O,O,O,O,0
246830,(주)시냅스엠,KOSPI/KOSDAQ,63120,X,X,X,X,X,X,X,X,X,X,6
246960,SCL사이언스,KOSPI/KOSDAQ,213,O,O,O,O,O,O,O,O,O,O,0
247300,(주)인프라웨어테크놀러지,KOSPI/KOSDAQ,58222,X,X,X,X,X,X,X,X,X,X,6
247540,에코프로비엠,KOSPI/KOSDAQ,28202,O,O,O,O,O,O,O,O,O,O,0
247660,나노씨엠에스,KOSPI/KOSDAQ,2629,O,O,O,O,O,O,O,O,O,O,0
248020,(주)젬,KOSPI/KOSDAQ,28410,X,X,X,X,X,X,X,X,X,X,6
248070,솔루엠,KOSPI/KOSDAQ,2629,O,O,O,O,O,O,O,O,O,O,0
248170,샘표식품,KOSPI/KOSDAQ,108,O,O,O,O,O,O,O,O,X,X,0
249420,일동제약,KOSPI/KOSDAQ,212,O,O,O,O,O,O,O,O,O,O,0
250000,보라티알,KOSPI/KOSDAQ,4632,O,O,O,O,O,O,O,O,O,O,0
250030,진코스텍,KOSPI/KOSDAQ,20423,O,O,O,O,O,O,O,X,X,X,0
250060,모비스,KOSPI/KOSDAQ,620,O,O,O,O,O,O,O,O,O,O,0
250300,(주)제이에스피브이,KOSPI/KOSDAQ,28909,X,X,X,X,X,X,X,X,X,X,6
250930,예선테크,KOSPI/KOSDAQ,22291,O,O,O,O,O,O,O,O,O,O,0
251120,바이오에프디엔씨,KOSPI/KOSDAQ,2110,O,O,O,O,O,O,O,O,O,O,0
251270,넷마블,KOSPI/KOSDAQ,5821,O,O,O,O,O,O,O,O,O,O,0
251280,안지오랩,KOSPI/KOSDAQ,70113,X,X,O,X,O,O,X,X,X,X,3
251370,와이엠티,KOSPI/KOSDAQ,201,O,O,O,O,O,O,O,O,O,O,0
251540,(주)에스와이제이,KOSPI/KOSDAQ,141,X,X,X,X,X,X,X,X,X,X,6
251630,브이원텍,KOSPI/KOSDAQ,29272,O,O,O,O,O,O,O,O,O,O,0
251960,엠에프엠코리아(주),KOSPI/KOSDAQ,143,X,X,X,X,X,X,X,X,X,X,6
251970,펌텍코리아,KOSPI/KOSDAQ,22232,O,O,O,O,O,O,O,O,O,O,0
252370,(주)유쎌,KOSPI/KOSDAQ,20423,X,X,X,X,X,X,X,X,X,X,6
252500,세화피앤씨,KOSPI/KOSDAQ,204,O,O,O,O,O,O,O,O,O,O,0
252940,에스엠로보틱스(주),KOSPI/KOSDAQ,33402,X,X,X,X,X,X,X,X,X,X,6
252990,샘씨엔에스,KOSPI/KOSDAQ,2629,O,O,O,O,O,O,O,O,O,O,0
253450,스튜디오드래곤,KOSPI/KOSDAQ,59114,O,O,O,O,O,O,O,O,O,O,0
253590,네오셈,KOSPI/KOSDAQ,292,O,O,O,O,O,O,O,O,O,O,0
253610,루트락,KOSPI/KOSDAQ,467,X,X,O,X,O,O,X,X,X,X,3
253840,수젠텍,KOSPI/KOSDAQ,213,O,O,O,O,O,O,O,O,O,O,0
254120,자비스,KOSPI/KOSDAQ,292,O,O,O,O,O,O,O,O,O,O,0
254160,제이엠멀티,KOSPI/KOSDAQ,16101,X,X,O,X,O,O,X,X,X,X,3
254490,미래반도체,KOSPI/KOSDAQ,467,O,O,O,O,O,O,O,O,O,O,0
255220,SG,KOSPI/KOSDAQ,23991,O,O,O,O,O,O,O,O,O,O,0
255440,야스,KOSPI/KOSDAQ,29272,O,O,O,O,O,O,O,O,O,O,0
256090,패션플랫폼(주),KOSPI/KOSDAQ,14112,X,X,X,X,X,X,X,X,X,X,6
256150,한독크린텍,KOSPI/KOSDAQ,29175,O,O,O,O,O,O,O,O,O,O,0
256630,포인트엔지니어링,KOSPI/KOSDAQ,25923,O,O,O,O,O,O,O,O,O,O,0
256840,한국비엔씨,KOSPI/KOSDAQ,211,O,O,O,O,O,O,O,O,O,O,0
256940,킵스파마,KOSPI/KOSDAQ,212,O,O,O,O,O,O,O,O,O,O,0
257370,피엔티엠에스,KOSPI/KOSDAQ,292,O,O,O,O,O,O,O,O,O,O,0
257720,실리콘투,KOSPI/KOSDAQ,46800,O,O,O,O,O,O,O,O,O,O,0
257730,신한제3호기업인수목적 주식회사,KOSPI/KOSDAQ,661,X,X,X,X,X,X,X,X,X,X,6
257990,(주)나우코스,KOSPI/KOSDAQ,20423,O,O,O,O,O,O,O,X,X,X,0
258050,테크트랜스,KOSPI/KOSDAQ,25923,X,X,O,X,O,O,X,X,X,X,3
258250,(주)셀젠텍,KOSPI/KOSDAQ,582,X,X,X,X,X,X,X,X,X,X,6
258540,(주)에스엘테라퓨틱스,KOSPI/KOSDAQ,70113,X,X,X,X,X,X,X,X,X,X,6
258610,케일럼,KOSPI/KOSDAQ,251,O,O,O,O,O,O,O,O,O,O,0
258790,소프트캠프,KOSPI/KOSDAQ,582,O,O,O,O,O,O,O,O,O,O,0
258830,세종메디칼,KOSPI/KOSDAQ,27199,O,O,O,O,O,O,O,O,O,O,0
259630,엠플러스,KOSPI/KOSDAQ,292,O,O,O,O,O,O,O,O,O,O,0
259960,크래프톤,KOSPI/KOSDAQ,5821,O,O,O,O,O,O,O,O,O,O,0
260490,(주)캐로스,KOSPI/KOSDAQ,29176,X,X,X,X,X,X,X,X,X,X,6
260660,알리코제약,KOSPI/KOSDAQ,213,O,O,O,O,O,O,O,O,O,O,0
260870,SK시그넷,KOSPI/KOSDAQ,2811,X,X,O,X,O,O,X,X,X,X,3
260930,씨티케이,KOSPI/KOSDAQ,20423,O,O,O,O,O,O,O,O,O,O,0
260970,에스앤디,KOSPI/KOSDAQ,108,O,O,O,O,O,O,O,O,X,X,0
261200,덴티스,KOSPI/KOSDAQ,271,O,O,O,O,O,O,O,O,O,O,0
261520,이지스,KOSPI/KOSDAQ,58221,O,O,O,O,O,O,O,O,X,X,0
261780,아리바이오랩,KOSPI/KOSDAQ,70113,O,O,O,O,O,O,O,O,O,O,0
262260,에이프로,KOSPI/KOSDAQ,289,O,O,O,O,O,O,O,O,O,O,0
262760,(주)엔케이맥스,KOSPI/KOSDAQ,21212,X,X,X,X,X,X,X,X,X,X,6
262830,대신밸런스제4호기업인수목적(주),KOSPI/KOSDAQ,66199,X,X,X,X,X,X,X,X,X,X,6
262840,아이퀘스트,KOSPI/KOSDAQ,58222,O,O,O,O,O,O,O,O,O,O,0
263020,디케이앤디,KOSPI/KOSDAQ,22214,O,O,O,O,O,O,O,O,O,O,0
263050,유틸렉스,KOSPI/KOSDAQ,211,O,O,O,O,O,O,O,O,O,O,0
263540,주식회사 어스앤에어로스페이스,KOSPI/KOSDAQ,31322,X,X,X,X,O,X,X,X,X,X,5
263600,덕우전자,KOSPI/KOSDAQ,2629,O,O,O,O,O,O,O,O,O,O,0
263690,디알젬,KOSPI/KOSDAQ,27111,O,O,O,O,O,O,O,O,O,O,0
263700,케어랩스,KOSPI/KOSDAQ,713,O,O,O,O,O,O,O,O,X,X,0
263720,디앤씨미디어,KOSPI/KOSDAQ,581,O,O,O,O,O,O,O,O,O,O,0
263750,펄어비스,KOSPI/KOSDAQ,58211,O,O,O,O,O,O,O,O,O,O,0
263770,유에스티,KOSPI/KOSDAQ,241,O,O,O,O,O,O,O,O,O,O,0
263800,데이타솔루션,KOSPI/KOSDAQ,465,O,O,O,O,O,O,O,O,O,O,0
263810,상신전자,KOSPI/KOSDAQ,2629,O,O,O,O,O,O,O,O,O,O,0
263860,지니언스,KOSPI/KOSDAQ,58221,O,O,O,O,O,O,O,O,O,O,0
263920,휴엠앤씨,KOSPI/KOSDAQ,33999,O,O,O,O,O,O,O,O,O,O,0
264290,한화에이스기업인수목적3호(주),KOSPI/KOSDAQ,661,X,X,X,X,X,X,X,X,X,X,6
264450,유비쿼스,KOSPI/KOSDAQ,26410,O,O,O,O,O,O,O,O,O,O,0
264660,씨앤지하이테크,KOSPI/KOSDAQ,29271,O,O,O,O,O,O,O,O,O,O,0
264850,이랜시스,KOSPI/KOSDAQ,262,O,O,O,O,O,O,O,O,O,O,0
264900,크라운제과,KOSPI/KOSDAQ,106,O,O,O,O,O,O,O,O,O,O,0
265480,미래에셋대우기업인수목적1호(주),KOSPI/KOSDAQ,661,X,X,X,X,X,X,X,X,X,X,6
265520,AP시스템,KOSPI/KOSDAQ,29272,O,O,O,O,O,O,O,O,O,O,0
265560,영화테크,KOSPI/KOSDAQ,3033,O,O,O,O,O,O,O,O,O,O,0
265740,엔에프씨,KOSPI/KOSDAQ,20423,O,O,O,O,O,O,O,O,O,O,0
265920,한화수성기업인수목적(주),KOSPI/KOSDAQ,66199,X,X,X,X,X,X,X,X,X,X,6
266170,레드우즈,KOSPI/KOSDAQ,59114,O,O,O,O,O,O,O,X,X,X,0
266350,팡스카이,KOSPI/KOSDAQ,5821,O,O,O,O,O,O,O,X,X,X,0
266470,바이오인프라생명과학,KOSPI/KOSDAQ,70113,X,X,O,X,O,O,X,X,X,X,3
266870,(주)파워풀엑스,KOSPI/KOSDAQ,204,X,X,X,X,O,X,X,X,X,X,5
267060,명진홀딩스(주),KOSPI/KOSDAQ,102,X,X,X,X,X,X,X,X,X,X,6
267080,세븐브로이맥주,KOSPI/KOSDAQ,11112,O,O,O,O,O,O,O,X,X,X,0
267250,HD현대,KOSPI/KOSDAQ,64992,O,O,O,O,O,O,O,O,O,O,0
267260,HD현대일렉트릭,KOSPI/KOSDAQ,281,O,O,O,O,O,O,O,O,O,O,0
267270,HD건설기계,KOSPI/KOSDAQ,29241,O,O,O,O,O,O,O,O,O,O,0
267290,경동도시가스,KOSPI/KOSDAQ,35200,O,O,O,O,O,O,O,O,O,O,0
267320,나인테크,KOSPI/KOSDAQ,292,O,O,O,O,O,O,O,O,O,O,0
267790,배럴,KOSPI/KOSDAQ,1419,O,O,O,O,O,O,O,O,O,O,0
267810,(주)앙츠,KOSPI/KOSDAQ,95120,X,X,X,X,X,X,X,X,X,X,6
267850,아시아나IDT,KOSPI/KOSDAQ,62021,O,O,O,O,O,O,O,O,O,O,0
267980,매일유업,KOSPI/KOSDAQ,104,O,O,O,O,O,O,O,O,O,O,0
268280,미원에스씨,KOSPI/KOSDAQ,201,O,O,O,O,O,O,O,O,O,O,0
268600,(주)셀리버리,KOSPI/KOSDAQ,70113,X,X,X,X,X,X,X,X,X,X,6
269620,시스웍,KOSPI/KOSDAQ,272,O,O,O,O,O,O,O,O,O,O,0
270020,주식회사 이십일스토어,KOSPI/KOSDAQ,239,X,X,X,X,X,X,X,X,X,X,6
270210,에스알바이오텍,KOSPI/KOSDAQ,20423,X,X,O,X,O,O,X,X,X,X,3
270520,앱튼,KOSPI/KOSDAQ,721,O,O,O,O,O,O,O,O,O,O,0
270660,에브리봇,KOSPI/KOSDAQ,28519,O,O,O,O,O,O,O,O,O,O,0
270870,뉴트리,KOSPI/KOSDAQ,108,O,O,O,O,O,O,O,O,X,X,0
271400,(주)알로이스,KOSPI/KOSDAQ,26421,X,X,X,X,X,X,X,X,X,X,6
271560,오리온,KOSPI/KOSDAQ,108,O,O,O,O,O,O,O,O,O,O,0
271740,한국제5호기업인수목적(주),KOSPI/KOSDAQ,66199,X,X,X,X,X,X,X,X,X,X,6
271780,비엔에프머티리얼즈(주),KOSPI/KOSDAQ,24229,X,X,X,X,X,X,X,X,X,X,6
271830,팸텍,KOSPI/KOSDAQ,29271,O,O,O,O,O,O,O,O,O,O,0
271850,(주)다이오진,KOSPI/KOSDAQ,701,X,X,X,X,X,X,X,X,X,X,6
271940,일진하이솔루스,KOSPI/KOSDAQ,319,O,O,O,O,O,O,O,O,O,O,0
271980,제일약품,KOSPI/KOSDAQ,212,O,O,O,O,O,O,O,O,O,O,0
272110,케이엔제이,KOSPI/KOSDAQ,261,O,O,O,O,O,O,O,O,O,O,0
272210,한화시스템,KOSPI/KOSDAQ,26299,O,O,O,O,O,O,O,O,O,O,0
272290,이녹스첨단소재,KOSPI/KOSDAQ,2629,O,O,O,O,O,O,O,O,O,O,0
272420,(주)극동자동화,KOSPI/KOSDAQ,423,X,X,X,X,X,X,X,X,X,X,6
272450,진에어,KOSPI/KOSDAQ,511,O,O,O,O,O,O,O,O,O,O,0
272550,삼양패키징,KOSPI/KOSDAQ,22232,O,O,O,O,O,O,O,O,O,O,0
273060,와이즈버즈,KOSPI/KOSDAQ,713,O,O,O,O,O,O,O,O,O,O,0
273640,와이엠텍,KOSPI/KOSDAQ,2812,O,O,O,O,O,O,O,O,O,O,0
274090,켄코아에어로스페이스,KOSPI/KOSDAQ,31322,O,O,O,O,O,O,O,O,O,O,0
274400,이노시뮬레이션,KOSPI/KOSDAQ,58221,O,O,O,O,O,O,O,O,O,O,0
275630,에스에스알,KOSPI/KOSDAQ,582,O,O,O,O,O,O,O,X,X,X,0
276040,스코넥,KOSPI/KOSDAQ,5821,O,O,O,O,O,O,O,O,X,X,0
276240,엘리비젼,KOSPI/KOSDAQ,26519,X,X,O,X,O,O,X,X,X,X,3
276730,한울앤제주,KOSPI/KOSDAQ,11112,O,O,O,O,O,O,O,O,O,O,0
276920,아이비케이에스제7호기업인수목적주식회사,KOSPI/KOSDAQ,6619,X,X,X,X,X,X,X,X,X,X,6
277070,린드먼아시아,KOSPI/KOSDAQ,64209,O,O,O,O,O,O,O,O,X,X,0
277410,인산가,KOSPI/KOSDAQ,108,O,O,O,O,O,O,O,O,O,O,0
277480,신한제4호기업인수목적(주),KOSPI/KOSDAQ,66199,X,X,X,X,X,X,X,X,X,X,6
277810,레인보우로보틱스,KOSPI/KOSDAQ,29280,O,O,O,O,O,O,O,O,O,O,0
277880,티에스아이,KOSPI/KOSDAQ,292,O,O,O,O,O,O,O,O,O,O,0
278280,천보,KOSPI/KOSDAQ,201,O,O,O,O,O,O,O,O,O,O,0
278380,주식회사 원바이오젠,KOSPI/KOSDAQ,21309,X,X,X,X,X,X,X,X,X,X,6
278470,에이피알,KOSPI/KOSDAQ,20423,O,O,O,O,O,O,O,O,O,O,0
278650,HLB바이오스텝,KOSPI/KOSDAQ,70113,O,O,O,O,O,O,O,O,O,O,0
278990,EMB,KOSPI/KOSDAQ,281,O,O,O,O,O,O,O,X,X,X,0
279060,이노벡스,KOSPI/KOSDAQ,272,X,X,O,X,O,O,X,X,X,X,3
279410,한화에이스기업인수목적4호(주),KOSPI/KOSDAQ,661,X,X,X,X,X,X,X,X,X,X,6
279570,케이뱅크,KOSPI/KOSDAQ,64121,O,O,O,X,O,O,O,O,X,X,1
279600,미디어젠,KOSPI/KOSDAQ,58222,O,O,O,O,O,O,O,O,O,O,0
280360,롯데웰푸드,KOSPI/KOSDAQ,108,O,O,O,O,O,O,O,O,O,O,0
281310,(주)바이오시네틱스,KOSPI/KOSDAQ,70113,X,X,X,X,X,X,X,X,X,X,6
281410,한국제6호기업인수목적 주식회사,KOSPI/KOSDAQ,66199,X,X,X,X,X,X,X,X,X,X,6
281740,레이크머티리얼즈,KOSPI/KOSDAQ,204,O,O,O,O,O,O,O,O,O,O,0
281820,케이씨텍,KOSPI/KOSDAQ,272,O,O,O,O,O,O,O,O,O,O,0
282330,BGF리테일,KOSPI/KOSDAQ,47122,O,O,O,O,O,O,O,O,O,O,0
282690,동아타이어공업주식회사,KOSPI/KOSDAQ,221,X,X,X,X,O,X,X,X,X,X,5
282720,금양그린파워,KOSPI/KOSDAQ,423,O,O,O,O,O,O,O,O,O,O,0
282880,코윈테크,KOSPI/KOSDAQ,292,O,O,O,O,O,O,O,O,O,O,0
283100,(주)노보믹스,KOSPI/KOSDAQ,701,X,X,X,X,O,X,X,X,X,X,5
284420,주식회사 휴럼,KOSPI/KOSDAQ,108,X,X,X,X,X,X,X,X,X,X,6
284610,(주)티에스트릴리온,KOSPI/KOSDAQ,20423,X,X,X,X,X,X,X,X,X,X,6
284620,카이노스메드,KOSPI/KOSDAQ,701,O,O,O,O,O,O,O,O,O,O,0
284740,쿠쿠홈시스,KOSPI/KOSDAQ,762,O,O,O,O,O,O,O,O,O,O,0
285130,SK케미칼,KOSPI/KOSDAQ,20202,O,O,O,O,O,O,O,O,O,O,0
285490,노바텍,KOSPI/KOSDAQ,339,O,O,O,O,O,O,O,O,O,O,0
285770,주식회사 라이프사이언스테크놀로지,KOSPI/KOSDAQ,58221,X,X,X,X,X,X,X,X,X,X,6
285800,진영,KOSPI/KOSDAQ,2221,O,O,O,O,O,O,O,O,O,O,0
286000,(주)씨엔티드림,KOSPI/KOSDAQ,20423,X,X,X,X,O,X,X,X,X,X,5
286750,나노실리칸첨단소재,KOSPI/KOSDAQ,20129,O,O,O,O,O,O,O,O,O,O,0
286940,롯데이노베이트,KOSPI/KOSDAQ,62021,O,O,O,O,O,O,O,O,O,O,0
287410,(주)제이시스메디칼,KOSPI/KOSDAQ,271,O,X,X,O,O,X,X,X,X,X,3
287840,인투셀,KOSPI/KOSDAQ,70113,O,O,O,O,O,O,O,O,O,O,0
288330,파라택시스코리아,KOSPI/KOSDAQ,739,O,O,O,O,O,O,O,O,X,X,0
288490,(주)나라소프트,KOSPI/KOSDAQ,58222,X,X,X,X,O,X,X,X,X,X,5
288620,에스프리즘,KOSPI/KOSDAQ,281,O,O,O,O,O,O,O,O,O,O,0
288980,모아데이타,KOSPI/KOSDAQ,58222,O,O,O,O,O,O,O,O,O,O,0
289010,아이스크림에듀,KOSPI/KOSDAQ,58190,O,O,O,O,O,O,O,O,O,O,0
289080,SV인베스트먼트,KOSPI/KOSDAQ,649,O,O,O,O,O,O,O,X,O,O,0
289170,바이오텐,KOSPI/KOSDAQ,108,X,X,O,X,O,O,X,X,X,X,3
289220,자이언트스텝,KOSPI/KOSDAQ,59113,O,O,O,O,O,O,O,O,O,O,0
289860,(주)지슨,KOSPI/KOSDAQ,58221,X,X,X,X,O,X,X,X,X,X,5
289930,웨이비스,KOSPI/KOSDAQ,261,O,O,O,O,O,O,O,O,O,O,0
290090,트윔,KOSPI/KOSDAQ,58222,O,O,O,O,O,O,O,O,O,O,0
290120,DH오토리드,KOSPI/KOSDAQ,30399,O,O,O,O,O,O,O,O,O,O,0
290270,휴네시온,KOSPI/KOSDAQ,582,O,O,O,O,O,O,O,O,O,O,0
290380,(주)대유,KOSPI/KOSDAQ,2031,O,O,X,O,O,O,O,X,X,X,1
290510,(주)코리아센터,KOSPI/KOSDAQ,58221,X,X,X,X,X,X,X,X,X,X,6
290520,신도기연,KOSPI/KOSDAQ,29272,O,O,O,O,O,O,O,O,O,O,0
290550,디케이티,KOSPI/KOSDAQ,26224,O,O,O,O,O,O,O,O,O,O,0
290560,파라택시스이더리움,KOSPI/KOSDAQ,58221,O,O,O,O,O,O,O,O,O,O,0
290650,엘앤씨바이오,KOSPI/KOSDAQ,212,O,O,O,O,O,O,O,O,O,O,0
290660,다이나믹솔루션,KOSPI/KOSDAQ,27199,O,O,O,O,O,O,O,O,O,O,0
290670,대보마그네틱,KOSPI/KOSDAQ,28909,O,O,O,O,O,O,O,O,O,O,0
290690,소룩스,KOSPI/KOSDAQ,28422,O,O,O,O,O,O,O,O,O,O,0
290720,푸드나무,KOSPI/KOSDAQ,47912,O,O,O,O,O,O,O,O,O,O,0
290740,액트로,KOSPI/KOSDAQ,262,O,O,O,O,O,O,O,O,O,O,0
291210,한국제7호기업인수목적 주식회사,KOSPI/KOSDAQ,66199,X,X,X,X,X,X,X,X,X,X,6
291230,엔피,KOSPI/KOSDAQ,759,O,O,O,O,O,O,O,O,X,X,0
291650,압타머사이언스,KOSPI/KOSDAQ,701,O,O,O,O,O,O,O,O,O,O,0
291810,핀텔,KOSPI/KOSDAQ,58222,O,O,O,O,O,O,O,O,O,O,0
293480,하나제약,KOSPI/KOSDAQ,212,O,O,O,O,O,O,O,O,O,O,0
293490,카카오게임즈,KOSPI/KOSDAQ,5821,O,O,O,O,O,O,O,O,O,O,0
293580,나우IB,KOSPI/KOSDAQ,64919,O,O,O,O,O,O,O,O,O,O,0
293780,압타바이오,KOSPI/KOSDAQ,70113,O,O,O,O,O,O,O,O,O,O,0
293940,신한알파리츠,KOSPI/KOSDAQ,6811,O,O,O,O,O,O,O,X,X,X,0
294090,이오플로우,KOSPI/KOSDAQ,27199,O,O,O,O,O,O,O,O,O,O,0
294140,레몬,KOSPI/KOSDAQ,20501,O,O,O,O,O,O,O,O,O,O,0
294570,쿠콘,KOSPI/KOSDAQ,639,O,O,O,O,O,O,O,O,O,O,0
294630,서남,KOSPI/KOSDAQ,289,O,O,O,O,O,O,O,O,O,O,0
294870,IPARK현대산업개발,KOSPI/KOSDAQ,411,O,O,O,O,O,O,O,O,O,O,0
295310,에이치브이엠,KOSPI/KOSDAQ,24219,O,O,O,O,O,O,O,O,O,O,0
296160,프로젠,KOSPI/KOSDAQ,70113,X,X,O,X,O,O,X,X,X,X,3
296520,가이아코퍼레이션,KOSPI/KOSDAQ,46499,X,X,O,X,O,O,X,X,X,X,3
296640,이노에이엑스,KOSPI/KOSDAQ,58222,O,O,O,O,O,O,O,O,O,O,0
297090,씨에스베어링,KOSPI/KOSDAQ,29141,O,O,O,O,O,O,O,O,O,O,0
297570,알로이스,KOSPI/KOSDAQ,264,O,O,O,O,O,O,O,O,O,O,0
297890,HB솔루션,KOSPI/KOSDAQ,29272,O,O,O,O,O,O,O,O,O,O,0
298000,효성화학,KOSPI/KOSDAQ,201,O,O,O,O,O,O,O,O,O,O,0
298020,효성티앤씨,KOSPI/KOSDAQ,2050,O,O,O,O,O,O,O,O,O,O,0
298040,효성중공업,KOSPI/KOSDAQ,281,O,O,O,O,O,O,O,O,O,O,0
298050,HS효성첨단소재,KOSPI/KOSDAQ,205,O,O,O,O,O,O,O,O,O,O,0
298060,풍전약품,KOSPI/KOSDAQ,212,O,O,O,O,O,O,O,O,O,O,0
298380,에이비엘바이오,KOSPI/KOSDAQ,211,O,O,O,O,O,O,O,O,O,O,0
298540,더네이쳐홀딩스,KOSPI/KOSDAQ,144,O,O,O,O,O,O,O,O,X,X,0
298690,에어부산,KOSPI/KOSDAQ,511,O,O,O,O,O,O,O,O,O,O,0
298830,슈어소프트테크,KOSPI/KOSDAQ,582,O,O,O,O,O,O,O,O,X,X,0
298870,우리벤처파트너스(주),KOSPI/KOSDAQ,649,X,X,X,X,X,X,X,X,X,X,6
299030,하나기술,KOSPI/KOSDAQ,29299,O,O,O,O,O,O,O,O,O,O,0
299170,더블유에스아이,KOSPI/KOSDAQ,464,O,O,O,O,O,O,O,O,O,O,0
299480,지앤이헬스케어,KOSPI/KOSDAQ,13999,X,X,O,X,O,O,X,X,X,X,3
299660,셀리드,KOSPI/KOSDAQ,701,O,O,O,O,O,O,O,O,O,O,0
299670,(주)에스엠비나,KOSPI/KOSDAQ,14112,X,X,X,X,X,X,X,X,X,X,6
299900,위지윅스튜디오,KOSPI/KOSDAQ,59120,O,O,O,O,O,O,O,O,O,O,0
299910,(주)애닉,KOSPI/KOSDAQ,5821,X,X,X,X,O,X,X,X,X,X,5
300080,플리토,KOSPI/KOSDAQ,63120,O,O,O,O,O,O,O,O,O,O,0
300120,라온피플,KOSPI/KOSDAQ,582,O,O,O,O,O,O,O,O,O,O,0
300720,한일시멘트,KOSPI/KOSDAQ,23311,O,O,O,O,O,O,O,O,O,O,0
301300,바이브컴퍼니,KOSPI/KOSDAQ,58222,O,O,O,O,O,O,O,O,O,O,0
302430,이노메트리,KOSPI/KOSDAQ,29299,O,O,O,O,O,O,O,O,O,O,0
302440,SK바이오사이언스,KOSPI/KOSDAQ,211,O,O,O,O,O,O,O,O,O,O,0
302550,리메드,KOSPI/KOSDAQ,27199,O,O,O,O,O,O,O,O,O,O,0
302920,더콘텐츠온,KOSPI/KOSDAQ,59130,X,X,O,X,O,O,X,X,X,X,3
303030,지니틱스,KOSPI/KOSDAQ,261,O,O,O,O,O,O,O,O,O,O,0
303360,프로티아,KOSPI/KOSDAQ,271,O,O,O,O,O,O,O,O,O,O,0
303530,이노뎁,KOSPI/KOSDAQ,582,O,O,O,O,O,O,O,O,O,O,0
303810,동국생명과학,KOSPI/KOSDAQ,212,O,O,O,O,O,O,O,O,X,X,0
304100,솔트룩스,KOSPI/KOSDAQ,58222,O,O,O,O,O,O,O,O,O,O,0
304360,에스바이오메딕스,KOSPI/KOSDAQ,212,O,O,O,O,O,O,O,O,O,O,0
304840,피플바이오,KOSPI/KOSDAQ,213,O,O,O,O,O,O,O,O,O,O,0
305090,마이크로디지탈,KOSPI/KOSDAQ,271,O,O,O,O,O,O,O,O,O,O,0
306040,에스제이그룹,KOSPI/KOSDAQ,15129,O,O,O,O,O,O,O,O,O,O,0
306200,세아제강,KOSPI/KOSDAQ,2413,O,O,O,O,O,O,O,O,O,O,0
306620,지아이에스,KOSPI/KOSDAQ,292,O,O,O,O,O,O,O,O,O,O,0
307070,에스케이에이씨피씨제4호기업인수목적(주),KOSPI/KOSDAQ,661,X,X,X,X,X,X,X,X,X,X,6
307160,하나머스트제6호기업인수목적(주),KOSPI/KOSDAQ,66199,X,X,X,X,X,X,X,X,X,X,6
307180,아이엘,KOSPI/KOSDAQ,284,O,O,O,O,O,O,O,O,O,O,0
307280,원바이오젠,KOSPI/KOSDAQ,213,O,O,O,O,O,O,O,O,O,O,0
307750,국전,KOSPI/KOSDAQ,212,O,O,O,O,O,O,O,O,O,O,0
307870,비투엔,KOSPI/KOSDAQ,582,O,O,O,O,O,O,O,O,O,O,0
307930,컴퍼니케이,KOSPI/KOSDAQ,649,O,O,O,O,O,O,O,O,O,O,0
307950,현대오토에버,KOSPI/KOSDAQ,582,O,O,O,O,O,O,O,O,O,O,0
308080,바이젠셀,KOSPI/KOSDAQ,701,O,O,O,O,O,O,O,O,O,O,0
308100,형지글로벌,KOSPI/KOSDAQ,4741,O,O,O,O,O,O,O,O,O,O,0
308170,씨티알모빌리티,KOSPI/KOSDAQ,303,O,O,O,O,O,O,O,O,O,O,0
308430,셀비온,KOSPI/KOSDAQ,212,O,O,O,O,O,O,O,O,O,O,0
308700,(주)테크엔,KOSPI/KOSDAQ,28422,X,X,X,X,O,X,X,X,X,X,5
309710,아이티켐,KOSPI/KOSDAQ,21100,O,O,O,O,O,O,O,O,X,X,0
309900,주식회사 티티씨디펜스,KOSPI/KOSDAQ,739,X,X,X,X,X,X,X,X,X,X,6
309930,조이웍스앤코,KOSPI/KOSDAQ,475,O,O,O,O,O,O,O,O,O,O,0
309960,LB인베스트먼트,KOSPI/KOSDAQ,64991,O,O,O,O,O,O,O,O,O,O,0
310200,애니플러스,KOSPI/KOSDAQ,591,O,O,O,O,O,O,O,O,O,O,0
310210,보로노이,KOSPI/KOSDAQ,701,O,O,O,O,O,O,O,O,X,X,0
310840,엔에이치기업인수목적13호 주식회사,KOSPI/KOSDAQ,661,X,X,X,X,X,X,X,X,X,X,6
310870,디와이씨,KOSPI/KOSDAQ,303,O,O,O,O,O,O,O,O,O,O,0
311060,엘에이티,KOSPI/KOSDAQ,29271,O,O,O,O,O,O,O,X,X,X,0
311270,키움제5호기업인수목적 주식회사,KOSPI/KOSDAQ,661,X,X,X,X,X,X,X,X,X,X,6
311320,지오엘리먼트,KOSPI/KOSDAQ,262,O,O,O,O,O,O,O,O,O,O,0
311390,네오크레마,KOSPI/KOSDAQ,108,O,O,O,O,O,O,O,O,X,X,0
311690,CJ 바이오사이언스,KOSPI/KOSDAQ,701,O,O,O,O,O,O,O,O,O,O,0
311840,주식회사 대원모방,KOSPI/KOSDAQ,13212,X,X,X,X,X,X,X,X,X,X,6
311960,인터로이드,KOSPI/KOSDAQ,58222,X,X,O,X,O,O,X,X,X,X,3
312610,에이에프더블류,KOSPI/KOSDAQ,242,O,O,O,O,O,O,O,O,O,O,0
313750,유안타제4호기업인수목적 주식회사,KOSPI/KOSDAQ,66199,X,X,X,X,X,X,X,X,X,X,6
313760,캐리,KOSPI/KOSDAQ,2811,O,O,O,O,O,O,O,O,O,O,0
314130,지놈앤컴퍼니,KOSPI/KOSDAQ,211,O,O,O,O,O,O,O,O,O,O,0
314140,알피바이오,KOSPI/KOSDAQ,212,O,O,O,O,O,O,O,O,O,O,0
314930,바이오다인,KOSPI/KOSDAQ,2719,O,O,O,O,O,O,O,O,O,O,0
315640,딥노이드,KOSPI/KOSDAQ,582,O,O,O,O,O,O,O,O,O,O,0
316140,우리금융지주,KOSPI/KOSDAQ,64992,O,O,O,O,O,O,O,O,X,X,0
317030,케이비제17호기업인수목적 주식회사,KOSPI/KOSDAQ,661,X,X,X,X,X,X,X,X,X,X,6
317120,라닉스,KOSPI/KOSDAQ,26112,O,O,O,O,O,O,O,O,O,O,0
317240,TS트릴리온,KOSPI/KOSDAQ,204,O,O,O,O,O,O,O,O,O,O,0
317320,한화에스비아이기업인수목적 주식회사,KOSPI/KOSDAQ,66199,X,X,X,X,X,X,X,X,X,X,6
317330,덕산테코피아,KOSPI/KOSDAQ,2049,O,O,O,O,O,O,O,O,O,O,0
317400,자이에스앤디,KOSPI/KOSDAQ,681,O,O,O,O,O,O,O,O,O,O,0
317450,명인제약,KOSPI/KOSDAQ,21212,O,O,O,O,O,O,O,O,X,X,0
317530,에피소드컴퍼니,KOSPI/KOSDAQ,59111,O,O,O,O,O,O,O,O,O,O,0
317690,퀀타매트릭스,KOSPI/KOSDAQ,27199,O,O,O,O,O,O,O,O,O,O,0
317770,엑스페릭스,KOSPI/KOSDAQ,262,O,O,O,O,O,O,O,O,O,O,0
317830,에스피시스템스,KOSPI/KOSDAQ,29280,O,O,O,O,O,O,O,O,O,O,0
317850,대모,KOSPI/KOSDAQ,29242,O,O,O,O,O,O,O,O,O,O,0
317860,노드메이슨,KOSPI/KOSDAQ,20423,O,O,O,O,O,O,O,X,X,X,0
317870,엔바이오니아,KOSPI/KOSDAQ,339,O,O,O,O,O,O,O,O,O,O,0
318000,KBG,KOSPI/KOSDAQ,20202,O,O,O,O,O,O,O,O,O,O,0
318010,팜스빌,KOSPI/KOSDAQ,108,O,O,O,O,O,O,O,O,X,X,0
318020,포인트모바일,KOSPI/KOSDAQ,263,O,O,O,O,O,O,O,O,O,O,0
318060,그래피,KOSPI/KOSDAQ,20202,O,O,O,O,O,O,O,O,X,X,0
318160,셀바이오휴먼텍,KOSPI/KOSDAQ,139,O,O,O,O,O,O,O,O,O,O,0
318410,비비씨,KOSPI/KOSDAQ,204,O,O,O,O,O,O,O,O,O,O,0
318660,타임기술,KOSPI/KOSDAQ,582,X,X,O,X,O,O,X,X,X,X,3
319400,현대무벡스,KOSPI/KOSDAQ,291,O,O,O,O,O,O,O,O,O,O,0
319660,피에스케이,KOSPI/KOSDAQ,29271,O,O,O,O,O,O,O,O,O,O,0
320000,한울반도체,KOSPI/KOSDAQ,292,O,O,O,O,O,O,O,O,O,O,0
321260,프로이천,KOSPI/KOSDAQ,261,O,O,O,O,O,O,O,O,O,O,0
321370,센서뷰,KOSPI/KOSDAQ,262,O,O,O,O,O,O,O,O,O,O,0
321550,티움바이오,KOSPI/KOSDAQ,70113,O,O,O,O,O,O,O,O,X,X,0
321820,아티스트컴퍼니,KOSPI/KOSDAQ,901,O,O,O,O,O,O,O,O,O,O,0
322000,HD현대에너지솔루션,KOSPI/KOSDAQ,2612,O,O,O,O,O,O,O,O,O,O,0
322180,LS티라유텍,KOSPI/KOSDAQ,582,O,O,O,O,O,O,O,O,O,O,0
322190,베른 주식회사,KOSPI/KOSDAQ,30201,X,X,X,X,X,X,X,X,X,X,6
322310,오로스테크놀로지,KOSPI/KOSDAQ,292,O,O,O,O,O,O,O,O,O,O,0
322510,제이엘케이,KOSPI/KOSDAQ,582,O,O,O,O,O,O,O,O,O,O,0
322780,코퍼스코리아,KOSPI/KOSDAQ,591,O,O,O,O,O,O,O,O,O,O,0
322970,무진메디,KOSPI/KOSDAQ,70113,X,X,O,X,O,O,X,X,X,X,3
323210,이베스트이안기업인수목적1호 주식회사,KOSPI/KOSDAQ,661,X,X,X,X,X,X,X,X,X,X,6
323230,엠에프엠코리아(주),KOSPI/KOSDAQ,143,X,X,X,X,X,X,X,X,X,X,6
323280,태성,KOSPI/KOSDAQ,292,O,O,O,O,O,O,O,O,O,O,0
323350,다원넥스뷰,KOSPI/KOSDAQ,292,O,O,O,O,O,O,O,O,O,O,0
323410,카카오뱅크,KOSPI/KOSDAQ,64121,O,O,O,O,O,O,O,O,X,X,0
323940,케이비제18호기업인수목적 주식회사,KOSPI/KOSDAQ,661,X,X,X,X,X,X,X,X,X,X,6
323990,박셀바이오,KOSPI/KOSDAQ,70113,O,O,O,O,O,O,O,O,X,X,0
326030,SK바이오팜,KOSPI/KOSDAQ,7011,O,O,O,O,O,O,O,O,O,O,0
327260,RF머트리얼즈,KOSPI/KOSDAQ,26299,O,O,O,O,O,O,O,O,O,O,0
327610,펨토바이오메드,KOSPI/KOSDAQ,271,X,X,O,X,O,O,X,X,X,X,3
327970,케어룸의료산업 주식회사,KOSPI/KOSDAQ,27199,X,X,X,X,X,X,X,X,X,X,6
328130,루닛,KOSPI/KOSDAQ,58222,O,O,O,O,O,O,O,O,O,O,0
328380,솔트웨어,KOSPI/KOSDAQ,620,O,O,O,O,O,O,O,O,O,O,0
329020,주식회사 오션스톤,KOSPI/KOSDAQ,463,X,X,X,X,X,X,X,X,X,X,6
329050,주식회사 구스앤홈,KOSPI/KOSDAQ,13221,X,X,X,X,X,X,X,X,X,X,6
329180,HD현대중공업,KOSPI/KOSDAQ,31113,O,O,O,O,O,O,O,O,O,O,0
329560,상상인이안제2호기업인수목적 주식회사,KOSPI/KOSDAQ,66199,X,X,X,X,X,X,X,X,X,X,6
330350,위더스제약,KOSPI/KOSDAQ,212,O,O,O,O,O,O,O,O,O,O,0
330590,롯데리츠,KOSPI/KOSDAQ,681,O,O,O,O,O,O,O,O,X,X,0
330730,스톤브릿지벤처스,KOSPI/KOSDAQ,649,O,O,O,O,O,O,O,O,O,O,0
330860,네패스아크,KOSPI/KOSDAQ,739,O,O,O,O,O,O,O,O,O,O,0
330990,케이비제19호기업인수목적 주식회사,KOSPI/KOSDAQ,661,X,X,X,X,X,X,X,X,X,X,6
331380,포커스에이아이,KOSPI/KOSDAQ,265,O,O,O,O,O,O,O,O,O,O,0
331520,밸로프,KOSPI/KOSDAQ,582,O,O,O,O,O,O,O,O,O,O,0
331660,한국미라클피플사,KOSPI/KOSDAQ,20422,X,X,O,X,O,O,X,X,X,X,3
331740,아우토크립트,KOSPI/KOSDAQ,58222,O,O,O,O,O,O,O,O,X,X,0
331920,셀레믹스,KOSPI/KOSDAQ,211,O,O,O,O,O,O,O,O,O,O,0
332190,오션스바이오,KOSPI/KOSDAQ,27199,X,X,X,X,O,O,X,X,X,X,4
332290,누보,KOSPI/KOSDAQ,203,O,O,O,O,O,O,O,O,O,O,0
332370,아이디피,KOSPI/KOSDAQ,26329,O,O,O,O,O,O,O,O,O,O,0
332570,PS일렉트로닉스,KOSPI/KOSDAQ,26299,O,O,O,O,O,O,O,O,O,O,0
332710,하나금융14호기업인수목적 주식회사,KOSPI/KOSDAQ,66199,X,X,X,X,X,X,X,X,X,X,6
333050,이노테나,KOSPI/KOSDAQ,582,O,O,O,O,O,O,O,O,O,O,0
333430,일승,KOSPI/KOSDAQ,311,O,O,O,O,O,O,O,O,O,O,0
333620,엔시스,KOSPI/KOSDAQ,28909,O,O,O,O,O,O,O,O,O,O,0
334890,이지스밸류플러스리츠,KOSPI/KOSDAQ,681,O,O,O,O,O,O,O,X,X,X,0
334970,프레스티지바이오로직스,KOSPI/KOSDAQ,212,O,O,O,O,O,O,O,X,X,X,0
335810,프리시젼바이오,KOSPI/KOSDAQ,27199,O,O,O,O,O,O,O,O,O,O,0
335870,윙스풋,KOSPI/KOSDAQ,474,O,O,O,O,O,O,O,O,O,O,0
335890,(주)비올메디컬,KOSPI/KOSDAQ,271,O,O,X,O,O,O,O,X,X,X,1
336040,타스컴,KOSPI/KOSDAQ,27199,X,X,O,X,O,O,X,X,X,X,3
336060,웨이버스,KOSPI/KOSDAQ,582,O,O,O,O,O,O,O,O,O,O,0
336260,두산퓨얼셀,KOSPI/KOSDAQ,28111,O,O,O,O,O,O,O,O,X,X,0
336370,솔루스첨단소재,KOSPI/KOSDAQ,26299,O,O,O,O,O,O,O,O,O,O,0
336570,원텍,KOSPI/KOSDAQ,271,O,O,O,O,O,O,O,O,O,O,0
336680,탑런토탈솔루션,KOSPI/KOSDAQ,262,O,O,O,O,O,O,O,O,O,O,0
337450,에스케이제5호기업인수목적 주식회사,KOSPI/KOSDAQ,66199,X,X,X,X,X,X,X,X,X,X,6
337840,유엑스엔,KOSPI/KOSDAQ,27112,X,X,O,X,O,O,X,X,X,X,3
337930,젝시믹스,KOSPI/KOSDAQ,639,O,O,O,O,O,O,O,O,O,O,0
338100,NH프라임리츠,KOSPI/KOSDAQ,681,O,O,O,O,O,O,O,O,X,X,0
338220,뷰노,KOSPI/KOSDAQ,582,O,O,O,O,O,O,O,O,O,O,0
338840,와이바이오로직스,KOSPI/KOSDAQ,70113,O,O,O,O,O,O,O,O,O,O,0
339770,교촌에프앤비,KOSPI/KOSDAQ,46313,O,O,O,O,O,O,O,O,O,O,0
339950,아이비김영,KOSPI/KOSDAQ,85503,O,O,O,O,O,O,O,O,O,O,0
340120,하이제5호기업인수목적 주식회사,KOSPI/KOSDAQ,66199,X,X,X,X,X,X,X,X,X,X,6
340350,에스케이제6호기업인수목적 주식회사,KOSPI/KOSDAQ,66199,X,X,X,X,X,X,X,X,X,X,6
340360,다보링크,KOSPI/KOSDAQ,264,O,O,O,O,O,O,O,O,O,O,0
340440,세림B&G,KOSPI/KOSDAQ,222,O,O,O,O,O,O,O,O,O,O,0
340450,지씨지놈,KOSPI/KOSDAQ,739,O,O,O,O,O,O,O,O,X,X,0
340570,티앤엘,KOSPI/KOSDAQ,213,O,O,O,O,O,O,O,O,O,O,0
340810,시선AI,KOSPI/KOSDAQ,58221,O,O,O,O,O,O,O,O,O,O,0
340930,유일에너테크,KOSPI/KOSDAQ,29299,O,O,O,O,O,O,O,O,O,O,0
341160,하나금융15호기업인수목적 주식회사,KOSPI/KOSDAQ,66199,X,X,X,X,X,X,X,X,X,X,6
341170,퓨쳐메디신,KOSPI/KOSDAQ,70113,O,O,O,X,O,O,O,X,X,X,1
341310,주식회사 이앤에치,KOSPI/KOSDAQ,13992,X,X,X,X,O,X,X,X,X,X,5
342550,케이비제20호기업인수목적 주식회사,KOSPI/KOSDAQ,66199,X,X,X,X,X,X,X,X,X,X,6
342870,오아,KOSPI/KOSDAQ,47320,O,O,O,O,O,O,O,O,X,X,0
343090,에이치엘비사이언스(주),KOSPI/KOSDAQ,213,O,X,X,X,O,X,X,X,X,X,4
343510,하나금융16호기업인수목적 주식회사,KOSPI/KOSDAQ,66199,X,X,X,X,X,X,X,X,X,X,6
344050,신영해피투모로우제6호기업인수목적 주식회사,KOSPI/KOSDAQ,66199,X,X,X,X,X,X,X,X,X,X,6
344820,KCC글라스,KOSPI/KOSDAQ,2311,O,O,O,O,O,O,O,O,O,O,0
344860,이노진,KOSPI/KOSDAQ,20423,O,O,O,O,O,O,O,O,O,O,0
346010,타이드,KOSPI/KOSDAQ,262,X,X,O,X,O,O,X,X,X,X,3
347000,센코,KOSPI/KOSDAQ,27212,O,O,O,O,O,O,O,O,O,O,0
347140,케이프이에스제4호기업인수목적 주식회사,KOSPI/KOSDAQ,6499,X,X,X,X,X,X,X,X,X,X,6
347700,스피어,KOSPI/KOSDAQ,58222,O,O,O,O,O,O,O,O,O,O,0
347740,피엔케이피부임상연구센타,KOSPI/KOSDAQ,739,O,O,O,O,O,O,O,O,O,O,0
347770,핌스,KOSPI/KOSDAQ,26212,O,O,O,O,O,O,O,O,O,O,0
347850,디앤디파마텍,KOSPI/KOSDAQ,70113,O,O,O,O,O,O,O,O,O,O,0
347860,알체라,KOSPI/KOSDAQ,58222,O,O,O,O,O,O,O,O,X,X,0
347890,엠엑스온,KOSPI/KOSDAQ,27216,O,O,O,O,O,O,O,O,O,O,0
348030,모비릭스,KOSPI/KOSDAQ,5821,O,O,O,O,O,O,O,O,O,O,0
348080,큐라티스,KOSPI/KOSDAQ,70113,O,O,O,O,O,O,O,O,O,O,0
348150,고바이오랩,KOSPI/KOSDAQ,70113,O,O,O,O,O,O,O,O,O,O,0
348210,넥스틴,KOSPI/KOSDAQ,29271,O,O,O,O,O,O,O,O,O,O,0
348340,뉴로메카,KOSPI/KOSDAQ,29280,O,O,O,O,O,O,O,O,O,O,0
348350,위드텍,KOSPI/KOSDAQ,27213,O,O,O,O,O,O,O,O,O,O,0
348370,엔켐,KOSPI/KOSDAQ,20119,O,O,O,O,O,O,O,O,O,O,0
348840,주식회사 데이드림엔터테인먼트,KOSPI/KOSDAQ,591,X,X,X,X,X,X,X,X,X,X,6
348950,제이알글로벌리츠,KOSPI/KOSDAQ,681,O,O,O,O,O,O,O,O,X,X,0
349720,이베스트기업인수목적5호 주식회사,KOSPI/KOSDAQ,66199,X,X,X,X,X,X,X,X,X,X,6
350520,이지스레지던스리츠,KOSPI/KOSDAQ,681,O,O,O,O,O,O,O,O,X,X,0
351020,미쥬,KOSPI/KOSDAQ,141,O,O,O,O,O,O,O,X,X,X,0
351320,넥사다이내믹스,KOSPI/KOSDAQ,29272,O,O,O,O,O,O,O,O,O,O,0
351330,이삭엔지니어링,KOSPI/KOSDAQ,62021,O,O,O,O,O,O,O,O,O,O,0
351340,아이비케이에스제13호기업인수목적 주식회사,KOSPI/KOSDAQ,6619,X,X,X,X,X,X,X,X,X,X,6
351870,차이커뮤니케이션,KOSPI/KOSDAQ,71310,O,O,O,O,O,O,O,O,O,O,0
352090,스톰테크,KOSPI/KOSDAQ,22211,O,O,O,O,O,O,O,O,O,O,0
352480,씨앤씨인터내셔널,KOSPI/KOSDAQ,20423,O,O,O,O,O,O,O,O,O,O,0
352700,씨앤투스,KOSPI/KOSDAQ,205,O,O,O,O,O,O,O,O,O,O,0
352770,셀레스트라,KOSPI/KOSDAQ,213,O,O,O,O,O,O,O,O,O,O,0
352820,하이브,KOSPI/KOSDAQ,592,O,O,O,O,O,O,O,O,O,O,0
352910,오비고,KOSPI/KOSDAQ,620,O,O,O,O,O,O,O,O,O,O,0
352940,인바이오,KOSPI/KOSDAQ,2032,O,O,O,O,O,O,O,O,O,O,0
353060,에이치엠씨아이비제5호기업인수목적 주식회사,KOSPI/KOSDAQ,66199,X,X,X,X,X,X,X,X,X,X,6
353070,에이치엠씨아이비제4호기업인수목적 주식회사,KOSPI/KOSDAQ,66199,X,X,X,X,X,X,X,X,X,X,6
353190,휴럼,KOSPI/KOSDAQ,108,O,O,O,O,O,O,O,O,X,X,0
353200,대덕전자,KOSPI/KOSDAQ,2622,O,O,O,O,O,O,O,O,O,O,0
353490,미래에셋대우기업인수목적 5호 주식회사,KOSPI/KOSDAQ,661,X,X,X,X,X,X,X,X,X,X,6
353590,오토앤,KOSPI/KOSDAQ,4521,O,O,O,O,O,O,O,O,O,O,0
353810,이지바이오,KOSPI/KOSDAQ,109,O,O,O,O,O,O,O,O,O,O,0
354200,엔젠바이오,KOSPI/KOSDAQ,739,O,O,O,O,O,O,O,O,O,O,0
354230,주식회사 폭스소프트,KOSPI/KOSDAQ,58221,X,X,X,X,X,X,X,X,X,X,6
354320,알멕,KOSPI/KOSDAQ,24222,O,O,O,O,O,O,O,O,O,O,0
354390,바스칸바이오제약,KOSPI/KOSDAQ,212,X,X,O,X,O,O,X,X,X,X,3
355150,코스텍시스,KOSPI/KOSDAQ,261,O,O,O,O,O,O,O,O,O,O,0
355390,크라우드웍스,KOSPI/KOSDAQ,582,O,O,O,O,O,O,O,O,O,O,0
355690,에이텀,KOSPI/KOSDAQ,262,O,O,O,O,O,O,O,O,O,O,0
356680,엑스게이트,KOSPI/KOSDAQ,58221,O,O,O,O,O,O,O,O,O,O,0
356860,티엘비,KOSPI/KOSDAQ,2622,O,O,O,O,O,O,O,O,O,O,0
356890,싸이버원,KOSPI/KOSDAQ,582,O,O,O,O,O,O,O,O,O,O,0
357120,코람코라이프인프라리츠,KOSPI/KOSDAQ,6811,O,O,O,O,O,O,O,O,X,X,0
357230,에이치피오,KOSPI/KOSDAQ,108,O,O,O,O,O,O,O,O,X,X,0
357250,미래에셋맵스리츠,KOSPI/KOSDAQ,681,O,O,O,O,O,O,O,O,X,X,0
357430,마스턴프리미어리츠,KOSPI/KOSDAQ,681,O,O,O,O,O,O,O,X,X,X,0
357550,석경에이티,KOSPI/KOSDAQ,20129,O,O,O,O,O,O,O,O,O,O,0
357580,아모센스,KOSPI/KOSDAQ,262,O,O,O,O,O,O,O,O,O,O,0
357780,솔브레인,KOSPI/KOSDAQ,204,O,O,O,O,O,O,O,O,O,O,0
357880,SKAI,KOSPI/KOSDAQ,58222,O,O,O,O,O,O,O,O,X,X,0
358570,지아이이노베이션,KOSPI/KOSDAQ,70113,O,O,O,O,O,O,O,O,X,X,0
359090,씨엔알리서치,KOSPI/KOSDAQ,739,O,O,O,O,O,O,O,O,O,O,0
360070,탑머티리얼,KOSPI/KOSDAQ,28202,O,O,O,O,O,O,O,O,O,O,0
360350,코셈,KOSPI/KOSDAQ,27219,O,O,O,O,O,O,O,O,O,O,0
361390,제노코,KOSPI/KOSDAQ,26429,O,O,O,O,O,O,O,O,O,O,0
361570,알비더블유,KOSPI/KOSDAQ,59201,O,O,O,O,O,O,O,O,O,O,0
361610,SK아이이테크놀로지,KOSPI/KOSDAQ,282,O,O,O,O,O,O,O,O,O,O,0
361670,삼영에스앤씨,KOSPI/KOSDAQ,2629,O,O,O,O,O,O,O,O,O,O,0
362320,청담글로벌,KOSPI/KOSDAQ,46443,O,O,O,O,O,O,O,O,O,O,0
362990,드림인사이트,KOSPI/KOSDAQ,71310,O,O,O,O,O,O,O,O,O,O,0
363250,진시스템,KOSPI/KOSDAQ,271,O,O,O,O,O,O,O,O,O,O,0
363260,모비데이즈,KOSPI/KOSDAQ,713,O,O,O,O,O,O,O,O,O,O,0
363280,티와이홀딩스,KOSPI/KOSDAQ,64992,O,O,O,O,O,O,O,O,X,X,0
364950,에이아이코리아,KOSPI/KOSDAQ,29271,O,O,O,O,O,O,O,O,X,X,0
365270,큐라클,KOSPI/KOSDAQ,70113,O,O,O,O,O,O,O,O,O,O,0
365330,에스와이스틸텍,KOSPI/KOSDAQ,2511,O,O,O,O,O,O,O,O,O,O,0
365340,성일하이텍,KOSPI/KOSDAQ,201,O,O,O,O,O,O,O,O,O,O,0
365550,ESR켄달스퀘어리츠,KOSPI/KOSDAQ,681,O,O,O,O,O,O,O,O,X,X,0
365590,하이딥,KOSPI/KOSDAQ,261,O,O,O,O,O,O,O,O,O,O,0
365900,브이씨,KOSPI/KOSDAQ,3330,O,O,O,O,O,O,O,O,O,O,0
366030,공구우먼,KOSPI/KOSDAQ,144,O,O,O,O,O,O,O,O,O,O,0
366330,신한제7호기업인수목적 주식회사,KOSPI/KOSDAQ,66199,X,X,X,X,X,X,X,X,X,X,6
367000,플래티어,KOSPI/KOSDAQ,58222,O,O,O,O,O,O,O,O,O,O,0
367340,디비금융제8호기업인수목적 주식회사,KOSPI/KOSDAQ,649,X,X,X,X,X,X,X,X,X,X,6
367360,디비금융제9호기업인수목적 주식회사,KOSPI/KOSDAQ,661,X,X,X,X,X,X,X,X,X,X,6
367460,유안타제7호기업인수목적 주식회사,KOSPI/KOSDAQ,66199,X,X,X,X,X,X,X,X,X,X,6
367480,유안타제8호기업인수목적 주식회사,KOSPI/KOSDAQ,661,X,X,X,X,X,X,X,X,X,X,6
368030,(주)창대정밀,KOSPI/KOSDAQ,29293,X,X,X,X,O,O,X,X,X,X,4
368600,아이씨에이치,KOSPI/KOSDAQ,262,O,O,O,O,O,O,O,O,O,O,0
368770,파이버프로,KOSPI/KOSDAQ,27219,O,O,O,O,O,O,O,O,O,O,0
368970,오에스피,KOSPI/KOSDAQ,109,O,O,O,O,O,O,O,O,O,O,0
369370,블리츠웨이엔터테인먼트,KOSPI/KOSDAQ,901,O,O,O,O,O,O,O,O,X,X,0
370090,퓨런티어,KOSPI/KOSDAQ,27213,O,O,O,O,O,O,O,O,O,O,0
371950,풍원정밀,KOSPI/KOSDAQ,262,O,O,O,O,O,O,O,O,O,O,0
372170,윤성에프앤씨,KOSPI/KOSDAQ,292,O,O,O,O,O,O,O,O,O,O,0
372290,하나머스트7호기업인수목적 주식회사,KOSPI/KOSDAQ,66199,X,X,X,X,X,X,X,X,X,X,6
372320,큐로셀,KOSPI/KOSDAQ,70113,O,O,O,X,O,O,O,O,X,X,1
372800,아이티아이즈,KOSPI/KOSDAQ,58221,O,O,O,O,O,O,O,O,O,O,0
372910,한컴라이프케어,KOSPI/KOSDAQ,27199,O,O,O,O,O,O,O,O,O,O,0
373110,엑셀세라퓨틱스,KOSPI/KOSDAQ,211,O,O,O,O,O,O,O,O,O,O,0
373160,데이원컴퍼니,KOSPI/KOSDAQ,85669,O,O,O,O,O,O,O,O,O,O,0
373170,엠아이큐브솔루션,KOSPI/KOSDAQ,58221,O,O,O,O,O,O,O,O,O,O,0
373200,엑스플러스,KOSPI/KOSDAQ,339,O,O,O,O,O,O,O,O,O,O,0
373220,LG에너지솔루션,KOSPI/KOSDAQ,28202,O,O,O,O,O,O,O,O,O,O,0
373340,유진기업인수목적6호 주식회사,KOSPI/KOSDAQ,66199,X,X,X,X,X,X,X,X,X,X,6
375500,DL이앤씨,KOSPI/KOSDAQ,412,O,O,O,O,O,O,O,O,O,O,0
376180,피코그램,KOSPI/KOSDAQ,339,O,O,O,O,O,O,O,O,O,O,0
376190,주식회사 엘비루셈,KOSPI/KOSDAQ,2611,X,X,X,X,X,X,X,X,X,X,6
376270,HEM파마,KOSPI/KOSDAQ,70111,O,O,O,O,O,O,O,O,O,O,0
376290,씨유테크,KOSPI/KOSDAQ,26224,O,O,O,O,O,O,O,O,O,O,0
376300,디어유,KOSPI/KOSDAQ,58222,O,O,O,O,O,O,O,O,O,O,0
376900,로킷헬스케어,KOSPI/KOSDAQ,21309,O,O,O,O,O,O,O,O,O,O,0
376930,노을,KOSPI/KOSDAQ,27112,O,O,O,O,O,O,O,O,O,O,0
376980,원티드랩,KOSPI/KOSDAQ,58221,O,O,O,O,O,O,O,O,O,O,0
377030,비트맥스,KOSPI/KOSDAQ,582,O,O,O,O,O,O,O,O,O,O,0
377190,디앤디플랫폼리츠,KOSPI/KOSDAQ,681,O,O,O,O,O,O,O,X,X,X,0
377220,프롬바이오,KOSPI/KOSDAQ,108,O,O,O,O,O,O,O,O,X,X,0
377300,카카오페이,KOSPI/KOSDAQ,66199,O,O,O,O,O,O,O,O,O,O,0
377330,이지트로닉스,KOSPI/KOSDAQ,2811,O,O,O,O,O,O,O,O,O,O,0
377400,하이제6호기업인수목적 주식회사,KOSPI/KOSDAQ,66199,X,X,X,X,X,X,X,X,X,X,6
377450,리파인,KOSPI/KOSDAQ,63991,O,O,O,O,O,O,O,O,X,X,0
377460,큐에이드,KOSPI/KOSDAQ,953,O,O,O,O,O,O,O,O,O,O,0
377480,마음AI,KOSPI/KOSDAQ,58222,O,O,O,O,O,O,O,O,O,O,0
377630,삼성기업인수목적4호(주),KOSPI/KOSDAQ,661,X,X,X,X,X,X,X,X,X,X,6
377740,바이오노트,KOSPI/KOSDAQ,213,O,O,O,O,O,O,O,O,O,O,0
378340,필에너지,KOSPI/KOSDAQ,29299,O,O,O,O,O,O,O,O,O,O,0
378800,샤페론,KOSPI/KOSDAQ,211,O,O,O,O,O,O,O,O,O,O,0
378850,화승알앤에이,KOSPI/KOSDAQ,30399,O,O,O,O,O,O,O,O,O,O,0
379390,이성씨엔아이,KOSPI/KOSDAQ,72129,X,X,O,X,O,O,X,X,X,X,3
380320,삼성머스트기업인수목적5호 주식회사,KOSPI/KOSDAQ,661,X,X,X,X,X,X,X,X,X,X,6
380440,엔에이치기업인수목적19호 주식회사,KOSPI/KOSDAQ,661,X,X,X,X,X,X,X,X,X,X,6
380540,옵티코어,KOSPI/KOSDAQ,266,O,O,O,O,O,O,O,O,O,O,0
380550,뉴로핏,KOSPI/KOSDAQ,58222,O,O,O,O,O,O,O,O,X,X,0
381620,제닉스로보틱스,KOSPI/KOSDAQ,29299,O,O,O,O,O,O,O,O,O,O,0
381970,케이카,KOSPI/KOSDAQ,45120,O,O,O,O,O,O,O,O,O,O,0
382150,온코크로스,KOSPI/KOSDAQ,70111,O,O,O,O,O,O,O,O,O,O,0
382480,지아이텍,KOSPI/KOSDAQ,292,O,O,O,O,O,O,O,O,O,O,0
382800,지앤비에스 에코,KOSPI/KOSDAQ,29271,O,O,O,O,O,O,O,O,O,O,0
382840,원준,KOSPI/KOSDAQ,292,O,O,O,O,O,O,O,O,O,O,0
382900,범한퓨얼셀,KOSPI/KOSDAQ,28111,O,O,O,O,O,O,O,O,O,O,0
383220,F&F,KOSPI/KOSDAQ,14111,O,O,O,O,O,O,O,O,O,O,0
383310,에코프로에이치엔,KOSPI/KOSDAQ,204,O,O,O,O,O,O,O,O,O,O,0
383800,LX홀딩스,KOSPI/KOSDAQ,64992,O,O,O,O,O,O,O,O,X,X,0
383930,디티앤씨알오,KOSPI/KOSDAQ,70113,O,O,O,O,O,O,O,O,O,O,0
384470,코어라인소프트,KOSPI/KOSDAQ,58222,O,O,O,O,O,O,O,O,X,X,0
386580,한화플러스제2호기업인수목적(주),KOSPI/KOSDAQ,661,X,X,X,X,X,X,X,X,X,X,6
387310,대신밸런스제10호기업인수목적 주식회사,KOSPI/KOSDAQ,66199,X,X,X,X,X,X,X,X,X,X,6
387570,파인메딕스,KOSPI/KOSDAQ,27199,O,O,O,O,O,O,O,O,O,O,0
388050,지투파워,KOSPI/KOSDAQ,28123,O,O,O,O,O,O,O,O,O,O,0
388210,씨엠티엑스,KOSPI/KOSDAQ,26299,O,O,O,O,O,O,O,O,X,X,0
388220,하나금융19호기업인수목적 주식회사,KOSPI/KOSDAQ,661,X,X,X,X,X,X,X,X,X,X,6
388610,지에프씨생명과학,KOSPI/KOSDAQ,20495,O,O,O,O,O,O,O,O,X,X,0
388720,유일로보틱스,KOSPI/KOSDAQ,292,O,O,O,O,O,O,O,O,O,O,0
388790,라이콤,KOSPI/KOSDAQ,264,O,O,O,O,O,O,O,O,O,O,0
388800,유진기업인수목적7호 주식회사,KOSPI/KOSDAQ,66199,X,X,X,X,O,X,X,X,X,X,5
388870,파로스아이바이오,KOSPI/KOSDAQ,70113,O,O,O,X,O,O,O,O,X,X,1
389020,자람테크놀로지,KOSPI/KOSDAQ,261,O,O,O,O,O,O,O,O,O,O,0
389030,지니너스,KOSPI/KOSDAQ,70113,O,O,O,O,O,O,O,O,O,O,0
389140,포바이포,KOSPI/KOSDAQ,59113,O,O,O,O,O,O,O,O,X,X,0
389260,대명에너지,KOSPI/KOSDAQ,4112,O,O,O,O,O,O,O,O,O,O,0
389470,인벤티지랩,KOSPI/KOSDAQ,701,O,O,O,O,O,O,O,O,O,O,0
389500,에스비비테크,KOSPI/KOSDAQ,291,O,O,O,O,O,O,O,O,O,O,0
389650,넥스트바이오메디컬,KOSPI/KOSDAQ,27199,O,O,O,O,O,O,O,O,O,O,0
389680,유디엠텍,KOSPI/KOSDAQ,58222,O,O,O,O,O,O,O,O,O,O,0
390110,애니메디솔루션,KOSPI/KOSDAQ,27199,X,X,O,X,O,O,X,X,X,X,3
391060,엔에이치기업인수목적20호(주),KOSPI/KOSDAQ,661,X,X,X,X,X,X,X,X,X,X,6
391710,코닉오토메이션,KOSPI/KOSDAQ,292,O,O,O,O,O,O,O,O,O,O,0
393210,토마토시스템,KOSPI/KOSDAQ,582,O,O,O,O,O,O,O,O,O,O,0
393360,신한제8호기업인수목적 주식회사,KOSPI/KOSDAQ,661,X,X,X,X,X,X,X,X,X,X,6
393890,더블유씨피,KOSPI/KOSDAQ,28202,O,O,O,O,O,O,O,O,O,O,0
393970,대진첨단소재,KOSPI/KOSDAQ,22213,O,O,O,O,O,O,O,O,O,O,0
394280,오픈엣지테크놀로지,KOSPI/KOSDAQ,582,O,O,O,O,O,O,O,O,O,O,0
394420,리센스메디컬,KOSPI/KOSDAQ,27199,O,O,O,O,O,O,O,O,X,X,0
394800,쓰리빌리언,KOSPI/KOSDAQ,701,O,O,O,O,O,O,O,O,O,O,0
395400,SK리츠,KOSPI/KOSDAQ,68112,O,O,O,O,O,O,O,O,X,X,0
396270,넥스트칩,KOSPI/KOSDAQ,26112,O,O,O,O,O,O,O,O,O,O,0
396300,세아메카닉스,KOSPI/KOSDAQ,259,O,O,O,O,O,O,O,O,O,O,0
396470,워트,KOSPI/KOSDAQ,29271,O,O,O,O,O,O,O,O,O,O,0
396690,미래에셋글로벌리츠,KOSPI/KOSDAQ,6811,O,O,O,O,O,O,O,X,X,X,0
396770,엔에이치기업인수목적22호 주식회사,KOSPI/KOSDAQ,661,X,X,X,X,X,X,X,X,X,X,6
397030,에이프릴바이오,KOSPI/KOSDAQ,70113,O,O,O,O,O,O,O,O,X,X,0
397500,대신밸런스제11호기업인수목적,KOSPI/KOSDAQ,66199,X,X,X,X,X,X,X,X,X,X,6
397810,애드포러스,KOSPI/KOSDAQ,713,O,O,O,O,O,O,O,O,X,X,0
397880,교보11호기업인수목적 주식회사,KOSPI/KOSDAQ,661,X,X,X,X,X,X,X,X,X,X,6
398120,에스지헬스케어,KOSPI/KOSDAQ,27111,O,O,O,O,O,O,O,O,O,O,0
399720,가온칩스,KOSPI/KOSDAQ,26112,O,O,O,O,O,O,O,O,O,O,0
400560,하나금융20호기업인수목적 주식회사,KOSPI/KOSDAQ,66199,X,X,X,X,X,X,X,X,X,X,6
400760,NH올원리츠,KOSPI/KOSDAQ,6812,O,O,O,O,O,O,O,O,X,X,0
400840,하이제7호기업인수목적 주식회사,KOSPI/KOSDAQ,66199,X,X,X,X,X,X,X,X,X,X,6
402030,코난테크놀로지,KOSPI/KOSDAQ,58221,O,O,O,O,O,O,O,O,O,O,0
402340,SK스퀘어,KOSPI/KOSDAQ,64992,O,O,O,O,O,O,O,O,O,O,0
402420,켈스,KOSPI/KOSDAQ,27199,X,X,O,X,O,O,X,X,X,X,3
402490,그린리소스,KOSPI/KOSDAQ,261,O,O,O,O,O,O,O,O,O,O,0
403360,라피치,KOSPI/KOSDAQ,58221,X,X,O,X,O,O,X,X,X,X,3
403490,우듬지팜,KOSPI/KOSDAQ,103,O,O,O,O,O,O,O,O,O,O,0
403550,쏘카,KOSPI/KOSDAQ,76110,O,O,O,O,O,O,O,O,O,O,0
403810,아이엘로보틱스,KOSPI/KOSDAQ,262,X,X,X,X,O,O,X,X,X,X,4
403850,더핑크퐁컴퍼니,KOSPI/KOSDAQ,591,O,O,O,O,O,O,O,O,O,O,0
403870,HPSP,KOSPI/KOSDAQ,29271,O,O,O,O,O,O,O,O,O,O,0
404950,디비금융제10호기업인수목적 주식회사,KOSPI/KOSDAQ,649,X,X,X,X,X,X,X,X,X,X,6
404990,신한서부티엔디리츠,KOSPI/KOSDAQ,68112,O,O,O,O,O,O,O,O,X,X,0
405000,플라즈맵,KOSPI/KOSDAQ,27199,O,O,O,O,O,O,O,O,O,O,0
405100,큐알티,KOSPI/KOSDAQ,73909,O,O,O,O,O,O,O,O,O,O,0
405350,아이비케이에스제17호기업인수목적 주식회사,KOSPI/KOSDAQ,66199,X,X,X,X,X,X,X,X,X,X,6
405640,신한제9호기업인수목적 주식회사,KOSPI/KOSDAQ,66199,X,X,X,X,O,X,X,X,X,X,5
405920,나라셀라,KOSPI/KOSDAQ,46331,O,O,O,O,O,O,O,O,O,O,0
406760,하나금융21호기업인수목적 주식회사,KOSPI/KOSDAQ,66199,X,X,X,X,O,X,X,X,X,X,5
406820,뷰티스킨,KOSPI/KOSDAQ,20423,O,O,O,O,O,O,O,O,O,O,0
407400,꿈비,KOSPI/KOSDAQ,32099,O,O,O,O,O,O,O,O,O,O,0
408470,한패스,KOSPI/KOSDAQ,64999,O,O,O,O,O,O,O,O,O,O,0
408900,스튜디오미르,KOSPI/KOSDAQ,59112,O,O,O,O,O,O,O,O,O,O,0
408920,메쎄이상,KOSPI/KOSDAQ,759,O,O,O,O,O,O,O,O,O,O,0
409570,한국제10호기업인수목적 주식회사,KOSPI/KOSDAQ,661,X,X,X,X,X,X,X,X,X,X,6
411080,샌즈랩,KOSPI/KOSDAQ,582,O,O,O,O,O,O,O,O,O,O,0
412350,레이저쎌,KOSPI/KOSDAQ,29271,O,O,O,O,O,O,O,O,O,O,0
412540,제일엠앤에스,KOSPI/KOSDAQ,292,O,O,O,O,O,O,O,O,O,O,0
412930,미래에셋비전기업인수목적1호 주식회사,KOSPI/KOSDAQ,66199,X,X,X,X,O,X,X,X,X,X,5
413300,티엘엔지니어링,KOSPI/KOSDAQ,72129,X,X,O,X,O,O,X,X,X,X,3
413390,엠오티,KOSPI/KOSDAQ,29299,O,O,O,O,O,O,O,O,O,O,0
413600,키움제6호기업인수목적 주식회사,KOSPI/KOSDAQ,661,X,X,X,X,O,X,X,X,X,X,5
413630,씨피시스템,KOSPI/KOSDAQ,222,O,O,O,O,O,O,O,O,O,O,0
413640,비아이매트릭스,KOSPI/KOSDAQ,5822,O,O,O,O,O,O,O,O,O,O,0
415380,스튜디오삼익,KOSPI/KOSDAQ,47520,O,O,O,O,O,O,O,O,O,O,0
415580,상상인제3호기업인수목적 주식회사,KOSPI/KOSDAQ,661,X,X,X,X,O,X,X,X,X,X,5
415640,KB발해인프라,KOSPI/KOSDAQ,642,X,X,O,X,O,X,X,X,X,X,4
416180,신성에스티,KOSPI/KOSDAQ,30399,O,O,O,O,O,O,O,O,O,O,0
417010,나노팀,KOSPI/KOSDAQ,291,O,O,O,O,O,O,O,O,O,O,0
417180,핑거스토리,KOSPI/KOSDAQ,63991,O,O,O,O,O,O,O,O,O,O,0
417200,LS머트리얼즈,KOSPI/KOSDAQ,26291,O,O,O,O,O,O,O,O,O,O,0
417310,코람코더원리츠,KOSPI/KOSDAQ,68112,O,O,O,O,O,O,O,O,X,X,0
417500,제이아이테크,KOSPI/KOSDAQ,204,O,O,O,O,O,O,O,O,O,O,0
417790,트루엔,KOSPI/KOSDAQ,265,O,O,O,O,O,O,O,O,O,O,0
417840,저스템,KOSPI/KOSDAQ,29271,O,O,O,O,O,O,O,O,O,O,0
417860,오브젠,KOSPI/KOSDAQ,58222,O,O,O,O,O,O,O,O,O,O,0
417970,모델솔루션,KOSPI/KOSDAQ,292,O,O,O,O,O,O,O,O,O,O,0
418170,하나금융22호기업인수목적 주식회사,KOSPI/KOSDAQ,661,X,X,X,X,O,X,X,X,X,X,5
418210,신한제10호기업인수목적 주식회사,KOSPI/KOSDAQ,661,O,X,X,X,X,X,X,X,X,X,5
418250,시큐레터,KOSPI/KOSDAQ,58221,O,O,O,O,O,O,O,O,O,O,0
418420,라온텍,KOSPI/KOSDAQ,262,O,O,O,O,O,O,O,O,O,O,0
418470,KT밀리의서재,KOSPI/KOSDAQ,581,O,O,O,O,O,O,O,O,O,O,0
418550,제이오,KOSPI/KOSDAQ,721,O,O,O,O,O,O,O,O,O,O,0
418620,E8,KOSPI/KOSDAQ,582,O,O,O,O,O,O,O,O,O,O,0
419050,삼기에너지솔루션즈,KOSPI/KOSDAQ,303,O,O,O,O,O,O,O,O,O,O,0
419080,엔젯,KOSPI/KOSDAQ,29272,O,O,O,O,O,O,O,O,O,O,0
419120,산돌,KOSPI/KOSDAQ,58222,O,O,O,O,O,O,O,O,O,O,0
419270,신영해피투모로우제7호기업인수목적 주식회사,KOSPI/KOSDAQ,66199,X,X,X,X,X,X,X,X,X,X,6
419530,SAMG엔터,KOSPI/KOSDAQ,59112,O,O,O,O,O,O,O,O,O,O,0
419540,비스토스,KOSPI/KOSDAQ,27199,O,O,O,O,O,O,O,O,O,O,0
419700,이브이파킹서비스(주),KOSPI/KOSDAQ,465,X,X,X,X,O,X,X,X,X,X,5
420570,제이투케이바이오,KOSPI/KOSDAQ,20423,O,O,O,O,O,O,O,O,O,O,0
420770,기가비스,KOSPI/KOSDAQ,292,O,O,O,O,O,O,O,O,O,O,0
421800,교보12호기업인수목적 주식회사,KOSPI/KOSDAQ,66199,X,X,X,X,O,X,X,X,X,X,5
422040,엔에이치기업인수목적23호 주식회사,KOSPI/KOSDAQ,66199,O,X,X,X,O,X,X,X,X,X,4
424140,케이비제21호기업인수목적 주식회사,KOSPI/KOSDAQ,661,O,X,X,X,O,X,X,X,X,X,4
424760,벨로크,KOSPI/KOSDAQ,620,O,O,O,O,O,O,O,O,O,O,0
424870,이뮨온시아,KOSPI/KOSDAQ,70113,O,O,O,O,O,O,O,O,X,X,0
424960,스마트레이더시스템,KOSPI/KOSDAQ,272,O,O,O,O,O,O,O,O,O,O,0
424980,마이크로투나노,KOSPI/KOSDAQ,26129,O,O,O,O,O,O,O,O,O,O,0
425040,티이엠씨,KOSPI/KOSDAQ,20121,O,O,O,O,O,O,O,O,O,O,0
425290,삼성기업인수목적6호 주식회사,KOSPI/KOSDAQ,661,O,X,X,X,O,X,X,X,X,X,4
425420,티에프이,KOSPI/KOSDAQ,262,O,O,O,O,O,O,O,O,O,O,0
426550,아이비케이에스제19호기업인수목적 주식회사,KOSPI/KOSDAQ,66199,X,X,X,X,X,X,X,X,X,X,6
426670,대신밸런스제12호기업인수목적 주식회사,KOSPI/KOSDAQ,66199,X,X,X,X,X,X,X,X,X,X,6
427950,하나금융23호기업인수목적 주식회사,KOSPI/KOSDAQ,661,X,X,X,X,X,X,X,X,X,X,6
429270,시지트로닉스,KOSPI/KOSDAQ,26129,O,O,O,O,O,O,O,O,O,O,0
430220,신영해피투모로우제8호기업인수목적 주식회사,KOSPI/KOSDAQ,66199,O,X,X,X,O,X,X,X,X,X,4
430230,하나금융24호기업인수목적 주식회사,KOSPI/KOSDAQ,66199,X,X,X,X,O,X,X,X,X,X,5
430460,한화플러스제3호기업인수목적(주),KOSPI/KOSDAQ,661,X,X,X,X,O,X,X,X,X,X,5
430690,한싹,KOSPI/KOSDAQ,58221,O,O,O,O,O,O,O,O,O,O,0
430700,유안타제9호기업인수목적 주식회사,KOSPI/KOSDAQ,66199,O,X,X,X,O,X,X,X,X,X,4
431190,케이쓰리아이,KOSPI/KOSDAQ,582,O,O,O,O,O,O,O,O,O,O,0
432320,KB스타리츠,KOSPI/KOSDAQ,68112,O,O,O,O,O,O,O,O,X,X,0
432430,와이랩,KOSPI/KOSDAQ,591,O,O,O,O,O,O,O,O,O,O,0
432470,케이엔에스,KOSPI/KOSDAQ,29299,O,O,O,O,O,O,O,O,O,O,0
432720,퀄리타스반도체,KOSPI/KOSDAQ,26112,O,O,O,O,O,O,O,O,O,O,0
432980,엠에프씨,KOSPI/KOSDAQ,21100,O,O,O,O,O,O,O,O,O,O,0
433530,키움제7호기업인수목적 주식회사,KOSPI/KOSDAQ,66199,X,X,X,X,O,X,X,X,X,X,5
434190,탈로스,KOSPI/KOSDAQ,28202,X,X,O,X,O,O,X,X,X,X,3
434480,모니터랩,KOSPI/KOSDAQ,58221,O,O,O,O,O,O,O,O,O,O,0
435380,유안타제10호기업인수목적 주식회사,KOSPI/KOSDAQ,661,O,X,X,X,O,X,X,X,X,X,4
435570,에르코스,KOSPI/KOSDAQ,107,O,O,O,O,O,O,O,O,O,O,0
435620,하나금융25호기업인수목적 주식회사,KOSPI/KOSDAQ,66199,O,X,X,X,O,X,X,X,X,X,4
435870,에스케이증권제8호기업인수목적 주식회사,KOSPI/KOSDAQ,66199,O,X,X,X,O,X,X,X,X,X,4
436530,케이비제22호기업인수목적 주식회사,KOSPI/KOSDAQ,661,X,X,X,X,X,X,X,X,X,X,6
436610,한국제11호기업인수목적 주식회사,KOSPI/KOSDAQ,66199,X,X,X,X,O,X,X,X,X,X,5
437730,삼현,KOSPI/KOSDAQ,303,O,O,O,O,O,O,O,O,O,O,0
437780,엔에이치기업인수목적24호 주식회사,KOSPI/KOSDAQ,6619,O,X,X,X,O,X,X,X,X,X,4
438220,대신밸런스제13호기업인수목적(주),KOSPI/KOSDAQ,66199,X,X,X,X,O,X,X,X,X,X,5
438580,엔에이치기업인수목적25호 주식회사,KOSPI/KOSDAQ,66199,O,X,X,X,O,X,X,X,X,X,4
438700,버넥트,KOSPI/KOSDAQ,58222,O,O,O,O,O,O,O,O,O,O,0
439090,마녀공장,KOSPI/KOSDAQ,204,O,O,O,O,O,O,O,O,O,O,0
439250,삼성기업인수목적7호 주식회사,KOSPI/KOSDAQ,66199,O,X,X,X,O,X,X,X,X,X,4
439260,대한조선,KOSPI/KOSDAQ,3111,O,O,O,O,O,O,O,O,X,X,0
439410,엔에이치기업인수목적26호,KOSPI/KOSDAQ,6619,O,X,X,X,O,X,X,X,X,X,4
439580,블루엠텍,KOSPI/KOSDAQ,467,O,O,O,O,O,O,O,O,O,O,0
439730,아이비케이에스제20호기업인수목적 주식회사,KOSPI/KOSDAQ,661,O,X,X,X,O,X,X,X,X,X,4
439960,코스모로보틱스,KOSPI/KOSDAQ,27199,O,X,O,X,O,X,X,X,X,X,3
440110,파두,KOSPI/KOSDAQ,26112,O,O,O,O,O,O,O,O,O,O,0
440200,케이비제23호기업인수목적 주식회사,KOSPI/KOSDAQ,66199,X,X,X,X,X,X,X,X,X,X,6
440290,HB인베스트먼트,KOSPI/KOSDAQ,649,O,O,O,O,O,O,O,O,O,O,0
440320,오픈놀,KOSPI/KOSDAQ,58222,O,O,O,O,O,O,O,O,O,O,0
440790,교보13호기업인수목적 주식회사,KOSPI/KOSDAQ,66199,O,X,X,X,O,X,X,X,X,X,4
440820,엔에이치기업인수목적27호(주),KOSPI/KOSDAQ,66199,O,X,X,X,O,X,X,X,X,X,4
441270,파인엠텍,KOSPI/KOSDAQ,26299,O,O,O,O,O,O,O,O,O,O,0
442130,유진기업인수목적9호 주식회사,KOSPI/KOSDAQ,66199,O,X,X,X,O,X,X,X,X,X,4
442310,대신밸런스제14호기업인수목적(주),KOSPI/KOSDAQ,661,O,X,X,X,O,X,X,X,X,X,4
442770,아이비케이에스제21호기업인수목적 주식회사,KOSPI/KOSDAQ,661,O,X,X,X,O,X,X,X,X,X,4
442900,미래에셋드림기업인수목적1호 주식회사,KOSPI/KOSDAQ,66199,O,X,X,X,O,X,X,X,X,X,4
443060,HD현대마린솔루션,KOSPI/KOSDAQ,7212,O,O,O,O,O,O,O,O,O,O,0
443250,레뷰코퍼레이션,KOSPI/KOSDAQ,71310,O,O,O,O,O,O,O,O,O,O,0
443670,에스피소프트,KOSPI/KOSDAQ,620,O,O,O,O,O,O,O,O,O,O,0
444530,심플랫폼,KOSPI/KOSDAQ,58222,O,O,O,O,O,O,O,O,O,O,0
444920,유안타제11호기업인수목적 주식회사,KOSPI/KOSDAQ,661,O,O,X,X,O,O,O,X,X,X,2
445090,에이직랜드,KOSPI/KOSDAQ,26112,O,O,O,O,O,O,O,O,O,O,0
445180,퓨릿,KOSPI/KOSDAQ,20119,O,O,O,O,O,O,O,O,O,O,0
445360,비엔케이제1호기업인수목적(주),KOSPI/KOSDAQ,66199,O,X,X,X,O,X,X,X,X,X,4
445680,큐리옥스바이오시스템즈,KOSPI/KOSDAQ,271,O,O,O,O,O,O,O,O,O,O,0
445970,신영해피투모로우제9호기업인수목적 주식회사,KOSPI/KOSDAQ,66199,O,X,X,X,O,X,X,X,X,X,4
446070,유니드비티플러스,KOSPI/KOSDAQ,16102,O,O,O,O,O,O,O,O,O,O,0
446150,유안타제12호기업인수목적 주식회사,KOSPI/KOSDAQ,661,O,O,X,X,O,O,O,X,X,X,2
446190,미래에셋비전기업인수목적2호 주식회사,KOSPI/KOSDAQ,66199,O,X,X,X,O,X,X,X,X,X,4
446440,에피바이오텍,KOSPI/KOSDAQ,70113,X,X,O,X,O,O,X,X,X,X,3
446540,메가터치,KOSPI/KOSDAQ,28201,O,O,O,O,O,O,O,O,O,O,0
446600,(주)카이바이오텍,KOSPI/KOSDAQ,212,X,X,X,X,O,X,X,X,X,X,5
446750,하나26호기업인수목적 주식회사,KOSPI/KOSDAQ,661,O,X,X,X,O,X,X,X,X,X,4
446840,지슨,KOSPI/KOSDAQ,272,O,O,O,O,O,O,O,O,X,X,0
447690,아이오바이오,KOSPI/KOSDAQ,27199,X,X,O,X,O,O,X,X,X,X,3
448280,에코아이,KOSPI/KOSDAQ,716,O,O,O,O,O,O,O,O,O,O,0
448370,하나27호기업인수목적 주식회사,KOSPI/KOSDAQ,66199,O,X,X,X,X,X,X,X,X,X,5
448710,코츠테크놀로지,KOSPI/KOSDAQ,26310,O,O,O,O,O,O,O,O,O,O,0
448730,삼성FN리츠,KOSPI/KOSDAQ,6811,O,O,O,O,O,O,O,O,X,X,0
448740,삼성기업인수목적8호(주),KOSPI/KOSDAQ,66199,O,X,X,X,O,X,X,X,X,X,4
448760,아이비케이에스제22호기업인수목적 주식회사,KOSPI/KOSDAQ,66199,O,X,X,X,O,X,X,X,X,X,4
448780,마이크로엔엑스,KOSPI/KOSDAQ,27191,X,X,O,X,O,O,X,X,X,X,3
448830,미래에셋비전기업인수목적3호 주식회사,KOSPI/KOSDAQ,66199,O,X,X,X,O,X,X,X,X,X,4
448900,한국피아이엠,KOSPI/KOSDAQ,303,O,O,O,O,O,O,O,O,X,X,0
449020,유안타제13호기업인수목적 주식회사,KOSPI/KOSDAQ,66199,O,X,X,X,O,X,X,X,X,X,4
450050,하이제8호기업인수목적 주식회사,KOSPI/KOSDAQ,66199,O,O,X,X,O,O,O,X,X,X,2
450080,에코프로머티,KOSPI/KOSDAQ,28202,O,O,O,O,O,O,O,O,O,O,0
450140,코오롱모빌리티그룹(주),KOSPI/KOSDAQ,45110,O,O,X,O,O,O,O,X,X,X,1
450330,하스,KOSPI/KOSDAQ,21309,O,O,O,O,O,O,O,O,O,O,0
450410,엔에이치기업인수목적28호 주식회사,KOSPI/KOSDAQ,6619,X,X,X,X,X,X,X,X,X,X,6
450520,인스웨이브,KOSPI/KOSDAQ,58222,O,O,O,O,O,O,O,O,O,O,0
450940,유안타제14호기업인수목적 주식회사,KOSPI/KOSDAQ,66199,O,O,X,X,O,O,O,X,X,X,2
450950,아스테라시스,KOSPI/KOSDAQ,27112,O,O,O,O,O,O,O,O,O,O,0
451220,아이엠티,KOSPI/KOSDAQ,29299,O,O,O,O,O,O,O,O,O,O,0
451250,삐아,KOSPI/KOSDAQ,20423,O,O,O,O,O,O,O,O,O,O,0
451700,엔에이치스팩29호,KOSPI/KOSDAQ,66199,O,O,O,X,O,O,O,X,X,X,1
451760,컨텍,KOSPI/KOSDAQ,620,O,O,O,O,O,O,O,O,O,O,0
451800,한화리츠,KOSPI/KOSDAQ,68112,O,O,O,O,O,O,O,O,X,X,0
452160,제이엔비,KOSPI/KOSDAQ,29271,O,O,O,O,O,O,O,O,O,O,0
452190,한빛레이저,KOSPI/KOSDAQ,29221,O,O,O,O,O,O,O,O,O,O,0
452200,민테크,KOSPI/KOSDAQ,27212,O,O,O,O,O,O,O,O,O,O,0
452260,한화갤러리아,KOSPI/KOSDAQ,47111,O,O,O,O,O,O,O,O,O,O,0
452280,한선엔지니어링,KOSPI/KOSDAQ,259,O,O,O,O,O,O,O,O,O,O,0
452300,캡스톤파트너스,KOSPI/KOSDAQ,649,O,O,O,O,O,O,O,O,O,O,0
452400,이닉스,KOSPI/KOSDAQ,30399,O,O,O,O,O,O,O,O,O,O,0
452430,사피엔반도체,KOSPI/KOSDAQ,2611,O,O,O,O,O,O,O,O,O,O,0
452450,피아이이,KOSPI/KOSDAQ,29299,O,O,O,O,O,O,O,O,X,X,0
452670,상상인제4호기업인수목적 주식회사,KOSPI/KOSDAQ,66199,O,O,X,X,O,O,O,X,X,X,2
452980,신한제11호스팩,KOSPI/KOSDAQ,66199,O,O,X,X,O,O,O,X,X,X,2
453340,현대그린푸드,KOSPI/KOSDAQ,471,O,O,O,O,O,O,O,O,O,O,0
453450,그리드위즈,KOSPI/KOSDAQ,739,O,O,O,O,O,O,O,O,O,O,0
453860,에이에스텍,KOSPI/KOSDAQ,20499,O,O,O,O,O,O,O,O,O,O,0
454640,하나29호기업인수목적 주식회사,KOSPI/KOSDAQ,66199,O,X,X,X,O,X,X,X,X,X,4
454750,하나28호기업인수목적 주식회사,KOSPI/KOSDAQ,66199,O,X,X,X,O,X,X,X,X,X,4
454910,두산로보틱스,KOSPI/KOSDAQ,2928,O,O,O,O,O,O,O,O,O,O,0
455180,케이지에이,KOSPI/KOSDAQ,29271,O,O,O,O,O,O,O,O,X,X,0
455250,케이비제25호기업인수목적 주식회사,KOSPI/KOSDAQ,66199,O,O,X,X,O,O,O,X,X,X,2
455310,한화플러스제4호기업인수목적(주),KOSPI/KOSDAQ,661,O,O,X,X,O,O,O,X,X,X,2
455900,엔젤로보틱스,KOSPI/KOSDAQ,29280,O,O,O,O,O,O,O,O,O,O,0
455910,에스케이증권제9호기업인수목적 주식회사,KOSPI/KOSDAQ,66199,O,O,X,X,O,O,O,X,X,X,2
456010,아이씨티케이,KOSPI/KOSDAQ,261,O,O,O,O,O,O,O,O,O,O,0
456040,OCI,KOSPI/KOSDAQ,20129,O,O,O,O,O,O,O,O,O,O,0
456070,이엔셀,KOSPI/KOSDAQ,211,O,O,O,O,O,O,O,O,O,O,0
456160,지투지바이오,KOSPI/KOSDAQ,21212,O,O,O,O,O,O,O,O,O,O,0
456190,큐라켐,KOSPI/KOSDAQ,213,X,X,O,X,O,O,X,X,X,X,3
456440,디비금융제11호기업인수목적 주식회사,KOSPI/KOSDAQ,64999,O,X,X,X,O,X,X,X,X,X,4
456490,교보14호기업인수목적 주식회사,KOSPI/KOSDAQ,6619,O,O,X,X,O,O,O,X,X,X,2
456570,아이엠지티,KOSPI/KOSDAQ,213,X,X,O,X,O,O,X,X,X,X,3
456700,(주)길교이앤씨,KOSPI/KOSDAQ,721,X,X,X,X,X,X,X,X,X,X,6
457190,이수스페셜티케미컬,KOSPI/KOSDAQ,20111,O,O,O,O,O,O,O,O,O,O,0
457370,한켐,KOSPI/KOSDAQ,20119,O,O,O,O,O,O,O,O,O,O,0
457390,대신밸런스제15호기업인수목적 주식회사,KOSPI/KOSDAQ,66199,O,X,X,X,O,X,X,X,X,X,4
457550,우진엔텍,KOSPI/KOSDAQ,7390,O,O,O,O,O,O,O,O,O,O,0
457600,벡트,KOSPI/KOSDAQ,26519,O,O,O,O,O,O,O,O,O,O,0
457630,대신밸런스제16호기업인수목적(주),KOSPI/KOSDAQ,66199,O,O,X,X,O,O,O,X,X,X,2
457940,에스케이증권제10호기업인수목적 주식회사,KOSPI/KOSDAQ,66199,O,O,X,X,O,O,O,X,X,X,2
458320,케이비제26호기업인수목적(주),KOSPI/KOSDAQ,66199,X,X,X,X,O,X,X,X,X,X,5
458350,에스팀,KOSPI/KOSDAQ,75992,O,O,O,O,O,O,O,O,X,X,0
458610,한국제12호기업인수목적 주식회사,KOSPI/KOSDAQ,66199,O,O,X,X,O,O,O,X,X,X,2
458650,성우,KOSPI/KOSDAQ,282,O,O,O,O,O,O,O,O,O,O,0
458870,씨어스,KOSPI/KOSDAQ,27199,O,O,O,O,O,O,O,O,O,O,0
459100,위츠,KOSPI/KOSDAQ,26299,O,O,O,O,O,O,O,O,O,O,0
459510,나우로보틱스,KOSPI/KOSDAQ,29280,O,O,O,O,O,O,O,O,X,X,0
459550,알트,KOSPI/KOSDAQ,264,O,O,O,O,O,O,O,O,X,X,0
460470,아이빔테크놀로지,KOSPI/KOSDAQ,27309,O,O,O,O,O,O,O,O,O,O,0
460850,동국씨엠,KOSPI/KOSDAQ,24122,O,O,O,O,O,O,O,O,O,O,0
460860,동국제강,KOSPI/KOSDAQ,241,O,O,O,O,O,O,O,O,O,O,0
460870,에스엠씨지,KOSPI/KOSDAQ,231,O,O,O,O,O,O,O,O,O,O,0
460930,현대힘스,KOSPI/KOSDAQ,31114,O,O,O,O,O,O,O,O,O,O,0
460940,피앤에스로보틱스,KOSPI/KOSDAQ,27199,O,O,O,O,O,O,O,O,O,O,0
461030,아이엠비디엑스,KOSPI/KOSDAQ,701,O,O,O,O,O,O,O,O,O,O,0
461300,아이스크림미디어,KOSPI/KOSDAQ,582,O,O,O,O,O,O,O,O,O,O,0
462020,에이치엠씨제6호스팩,KOSPI/KOSDAQ,66199,O,O,X,X,O,O,O,X,X,X,2
462310,뉴키즈온,KOSPI/KOSDAQ,141,O,O,O,O,O,O,O,O,X,X,0
462350,이노스페이스,KOSPI/KOSDAQ,31311,O,O,O,O,O,O,O,O,O,O,0
462510,라메디텍,KOSPI/KOSDAQ,2711,O,O,O,O,O,O,O,O,O,O,0
462520,조선내화,KOSPI/KOSDAQ,2321,O,O,O,O,O,O,O,O,O,O,0
462860,더즌,KOSPI/KOSDAQ,612,O,O,O,O,O,O,O,O,X,X,0
462870,시프트업,KOSPI/KOSDAQ,58212,O,O,O,O,O,O,O,O,O,O,0
462980,아이지넷,KOSPI/KOSDAQ,63991,O,O,O,O,O,O,O,O,O,O,0
463020,뉴엔AI,KOSPI/KOSDAQ,58222,O,O,O,O,O,O,O,O,X,X,0
463480,모티브링크,KOSPI/KOSDAQ,26294,O,O,O,O,O,O,O,O,O,O,0
464080,에스오에스랩,KOSPI/KOSDAQ,27211,O,O,O,O,O,O,O,O,O,O,0
464280,티디에스팜,KOSPI/KOSDAQ,21212,O,O,O,O,O,O,O,O,O,O,0
464440,한국제13호스팩,KOSPI/KOSDAQ,66199,O,O,O,X,O,O,O,X,X,X,1
464490,쿼드메디슨,KOSPI/KOSDAQ,211,O,O,O,O,O,O,O,O,X,X,0
464500,아이언디바이스,KOSPI/KOSDAQ,26112,O,O,O,O,O,O,O,O,O,O,0
464580,닷밀,KOSPI/KOSDAQ,591,O,O,O,O,O,O,O,O,O,O,0
464680,KB제27호스팩,KOSPI/KOSDAQ,66199,O,O,O,X,O,O,O,X,X,X,1
465320,교보15호스팩,KOSPI/KOSDAQ,66199,O,O,O,X,O,O,O,X,X,X,1
465480,인스피언,KOSPI/KOSDAQ,582,O,O,O,O,O,O,O,O,O,O,0
465770,STX그린로지스,KOSPI/KOSDAQ,501,O,O,O,O,O,O,O,O,O,O,0
466100,클로봇,KOSPI/KOSDAQ,58221,O,O,O,O,O,O,O,O,O,O,0
466410,사이냅소프트,KOSPI/KOSDAQ,58222,O,O,O,O,O,O,O,O,O,O,0
466690,키움히어로제1호스팩,KOSPI/KOSDAQ,66199,O,O,O,X,O,O,O,X,X,X,1
466910,엔에이치스팩30호,KOSPI/KOSDAQ,66199,O,O,X,X,O,O,O,X,X,X,2
467930,IBKS제23호스팩,KOSPI/KOSDAQ,661,O,O,O,X,O,O,O,X,X,X,1
468510,삼성기업인수목적9호(주),KOSPI/KOSDAQ,661,O,X,X,X,O,X,X,X,X,X,4
468530,프로티나,KOSPI/KOSDAQ,701,O,O,O,O,O,O,O,O,X,X,0
468760,유진스팩10호,KOSPI/KOSDAQ,66191,O,O,O,X,O,O,O,X,X,X,1
469480,IBKS제24호스팩,KOSPI/KOSDAQ,66199,O,O,O,X,O,O,O,X,X,X,1
469610,이노테크,KOSPI/KOSDAQ,29299,O,O,O,O,O,O,O,O,X,X,0
469750,아이비젼웍스,KOSPI/KOSDAQ,292,O,O,O,O,O,O,O,O,O,O,0
469880,하나30호스팩,KOSPI/KOSDAQ,66199,O,O,O,X,O,O,O,X,X,X,1
469900,하나31호스팩,KOSPI/KOSDAQ,66199,O,O,O,X,O,O,O,X,X,X,1
471050,대신밸런스제17호스팩,KOSPI/KOSDAQ,661,O,O,O,X,O,O,O,X,X,X,1
471820,셀로맥스사이언스,KOSPI/KOSDAQ,10897,O,O,O,O,O,O,O,O,X,X,0
472220,신영스팩10호,KOSPI/KOSDAQ,66199,O,O,O,X,O,O,O,X,X,X,1
472230,에스케이증권제11호스팩,KOSPI/KOSDAQ,66199,O,O,O,X,O,O,O,X,X,X,1
472850,폰드그룹,KOSPI/KOSDAQ,474,O,O,O,O,O,O,O,O,O,O,0
473000,에스케이증권제12호스팩,KOSPI/KOSDAQ,66199,O,O,O,X,O,O,O,X,X,X,1
473050,유안타제15호스팩,KOSPI/KOSDAQ,66199,O,O,O,X,O,O,O,X,X,X,1
473370,비엔케이제2호기업인수목적(주),KOSPI/KOSDAQ,66199,O,X,X,X,O,X,X,X,X,X,4
473950,에스케이증권제13호스팩,KOSPI/KOSDAQ,66199,O,O,O,X,O,O,O,X,X,X,1
473980,노머스,KOSPI/KOSDAQ,90199,O,O,O,O,O,O,O,O,O,O,0
474170,루미르,KOSPI/KOSDAQ,31311,O,O,O,O,O,O,O,O,O,O,0
474490,유안타제16호스팩,KOSPI/KOSDAQ,661,O,O,O,X,O,O,O,X,X,X,1
474610,RF시스템즈,KOSPI/KOSDAQ,25924,O,O,O,O,O,O,O,O,O,O,0
474650,링크솔루션,KOSPI/KOSDAQ,29222,O,O,O,O,O,O,O,O,O,O,0
474660,신한제12호스팩,KOSPI/KOSDAQ,66199,O,O,O,O,O,O,O,X,X,X,0
474930,신한제13호스팩,KOSPI/KOSDAQ,661,O,O,O,X,O,O,O,X,X,X,1
475150,SK이터닉스,KOSPI/KOSDAQ,411,O,O,O,O,O,O,O,O,O,O,0
475230,엔알비,KOSPI/KOSDAQ,259,O,O,O,O,O,O,O,O,X,X,0
475240,하나32호스팩,KOSPI/KOSDAQ,66199,O,O,O,X,O,O,X,X,X,X,1
475250,하나33호스팩,KOSPI/KOSDAQ,66199,O,O,O,X,O,O,X,X,X,X,1
475400,씨메스로보틱스,KOSPI/KOSDAQ,29299,O,O,O,O,O,O,O,O,O,O,0
475430,키스트론,KOSPI/KOSDAQ,28302,O,O,O,O,O,O,O,O,X,X,0
475460,미트박스,KOSPI/KOSDAQ,639,O,O,O,O,O,O,O,O,X,X,0
475560,더본코리아,KOSPI/KOSDAQ,468,O,O,O,O,O,O,O,O,O,O,0
475580,에이럭스,KOSPI/KOSDAQ,33999,O,O,O,O,O,O,O,O,O,O,0
475660,에스켐,KOSPI/KOSDAQ,204,O,O,O,O,O,O,O,O,O,O,0
475830,오름테라퓨틱,KOSPI/KOSDAQ,211,O,O,O,O,O,O,O,O,O,O,0
475960,토모큐브,KOSPI/KOSDAQ,27309,O,O,O,O,O,O,O,O,O,O,0
476040,오가노이드사이언스,KOSPI/KOSDAQ,70129,O,O,O,O,O,O,O,O,X,X,0
476060,온코닉테라퓨틱스,KOSPI/KOSDAQ,701,O,O,O,O,O,O,O,O,X,X,0
476080,M83,KOSPI/KOSDAQ,59111,O,O,O,O,O,O,O,O,O,O,0
476470,케이비제28호기업인수목적 주식회사,KOSPI/KOSDAQ,66199,O,X,X,X,O,X,X,X,X,X,4
476710,타조이엔터테인먼트,KOSPI/KOSDAQ,901,X,X,X,X,O,O,X,X,X,X,4
476830,알지노믹스,KOSPI/KOSDAQ,70113,O,O,O,O,O,O,O,O,X,X,0
477340,에이치엠씨제7호스팩,KOSPI/KOSDAQ,66199,O,O,O,X,O,O,X,X,X,X,1
477380,미래에셋비전스팩4호,KOSPI/KOSDAQ,66199,O,O,O,X,O,O,X,X,X,X,1
477470,미래에셋비전스팩5호,KOSPI/KOSDAQ,66199,O,O,O,X,O,O,X,X,X,X,1
477530,한국제14호기업인수목적 주식회사,KOSPI/KOSDAQ,66199,O,X,X,X,O,X,X,X,X,X,4
477760,DB금융스팩12호,KOSPI/KOSDAQ,6491,O,O,O,X,O,O,X,X,X,X,1
478110,이베스트스팩6호,KOSPI/KOSDAQ,661,O,O,O,X,O,O,X,X,X,X,1
478340,나라스페이스테크놀로지,KOSPI/KOSDAQ,31311,O,O,O,O,O,O,O,O,X,X,0
478390,KB제29호스팩,KOSPI/KOSDAQ,66199,O,O,O,X,O,O,X,X,X,X,1
478440,미래에셋비전스팩6호,KOSPI/KOSDAQ,66199,O,O,O,X,O,O,X,X,X,X,1
478560,블랙야크아이앤씨,KOSPI/KOSDAQ,152,O,O,O,O,O,O,O,O,O,O,0
478780,대신밸런스제18호기업인수목적(주),KOSPI/KOSDAQ,66199,O,X,X,X,O,X,X,X,X,X,4
479880,한국제15호스팩,KOSPI/KOSDAQ,66199,O,O,O,X,O,O,X,X,X,X,1
479960,위너스일렉,KOSPI/KOSDAQ,289,O,O,O,O,O,O,O,O,O,O,0
480370,씨케이솔루션,KOSPI/KOSDAQ,29172,O,O,O,O,O,O,O,O,O,O,0
481070,에이유브랜즈,KOSPI/KOSDAQ,47430,O,O,O,O,O,O,O,O,O,O,0
481850,신한글로벌액티브리츠,KOSPI/KOSDAQ,64201,O,O,O,O,O,O,O,X,X,X,0
481890,엔에이치스팩31호,KOSPI/KOSDAQ,661,O,O,O,X,O,O,X,X,X,X,1
482520,교보16호스팩,KOSPI/KOSDAQ,6619,O,O,O,X,O,O,X,X,X,X,1
482630,삼양엔씨켐,KOSPI/KOSDAQ,20499,O,O,O,O,O,O,O,O,O,O,0
482680,미래에셋비전스팩7호,KOSPI/KOSDAQ,66199,O,O,O,X,O,O,X,X,X,X,1
482690,대신밸런스제19호스팩,KOSPI/KOSDAQ,66199,O,O,O,X,O,O,X,X,X,X,1
483650,달바글로벌,KOSPI/KOSDAQ,20423,O,O,O,O,O,O,O,O,O,O,0
484120,도우인시스,KOSPI/KOSDAQ,26211,O,O,O,O,O,O,O,O,X,X,0
484130,하나34호스팩,KOSPI/KOSDAQ,66199,O,O,O,X,O,O,X,X,X,X,1
484590,삼양컴텍,KOSPI/KOSDAQ,25200,O,O,O,O,O,O,O,O,X,X,0
484810,티엑스알로보틱스,KOSPI/KOSDAQ,291,O,O,O,O,O,O,O,O,X,X,0
484870,엠앤씨솔루션,KOSPI/KOSDAQ,292,O,O,O,O,O,O,O,O,O,O,0
486630,KB제30호스팩,KOSPI/KOSDAQ,66199,O,O,O,X,O,O,X,X,X,X,1
486990,노타,KOSPI/KOSDAQ,582,O,O,O,O,O,O,O,O,X,X,0
487360,신한제14호스팩,KOSPI/KOSDAQ,66199,O,O,O,X,O,O,X,X,X,X,1
487570,HS효성,KOSPI/KOSDAQ,64999,O,O,O,O,O,O,O,O,O,O,0
487580,폴레드,KOSPI/KOSDAQ,28519,O,X,O,X,O,O,X,X,X,X,2
487720,키움제10호스팩,KOSPI/KOSDAQ,661,O,O,O,X,O,O,X,X,X,X,1
487830,신한제15호스팩,KOSPI/KOSDAQ,661,O,O,O,X,O,O,X,X,X,X,1
488060,유진스팩11호,KOSPI/KOSDAQ,66199,O,O,O,X,O,O,X,X,X,X,1
488280,에스투더블유,KOSPI/KOSDAQ,582,O,O,O,O,O,O,O,O,X,X,0
488900,비츠로넥스텍,KOSPI/KOSDAQ,31322,O,O,O,O,O,O,O,O,X,X,0
489210,교보17호스팩,KOSPI/KOSDAQ,661,O,O,O,X,O,O,X,X,X,X,1
489460,바이오비쥬,KOSPI/KOSDAQ,204,O,O,O,O,O,O,O,O,X,X,0
489480,키움제11호스팩,KOSPI/KOSDAQ,66199,O,O,O,X,O,O,X,X,X,X,1
489500,엘케이켐,KOSPI/KOSDAQ,20499,O,O,O,O,O,O,O,O,O,O,0
489730,디비금융제13호스팩,KOSPI/KOSDAQ,649,O,O,O,X,O,O,X,X,X,X,1
489790,한화비전,KOSPI/KOSDAQ,264,O,O,O,O,O,O,O,O,O,O,0
490470,세미파이브,KOSPI/KOSDAQ,721,O,O,O,O,O,O,O,O,X,X,0
491000,리브스메드,KOSPI/KOSDAQ,27112,O,O,O,O,O,O,O,O,X,X,0
492220,KB제31호스팩,KOSPI/KOSDAQ,66199,O,O,O,X,O,O,X,X,X,X,1
493280,아이엠바이오로직스,KOSPI/KOSDAQ,701,O,O,O,O,O,O,O,O,X,X,0
493330,지에프아이,KOSPI/KOSDAQ,29192,O,O,O,O,O,O,O,O,X,X,0
493790,유안타제17호스팩,KOSPI/KOSDAQ,66199,O,O,O,X,O,O,X,X,X,X,1
494120,큐리오시스,KOSPI/KOSDAQ,273,O,O,O,O,O,O,O,O,X,X,0
495810,유비씨,KOSPI/KOSDAQ,58221,X,X,X,X,O,O,X,X,X,X,4
495900,주식회사 에이엠시지,KOSPI/KOSDAQ,27199,X,X,X,X,O,X,X,X,X,X,5
496070,신한제16호스팩,KOSPI/KOSDAQ,661,O,O,O,X,O,O,X,X,X,X,1
496320,본시스템즈,KOSPI/KOSDAQ,292,X,X,X,X,O,O,X,X,X,X,4
498390,한화플러스제5호스팩,KOSPI/KOSDAQ,661,O,O,O,X,O,O,X,X,X,X,1
499790,GS피앤엘,KOSPI/KOSDAQ,64992,O,O,O,X,O,O,O,O,O,O,1
900010,3노드디지탈그룹유한공사,KOSPI/KOSDAQ,64992,X,X,X,X,X,X,X,X,X,X,6
900020,코웰이홀딩스유한공사,KOSPI/KOSDAQ,64992,X,X,X,X,X,X,X,X,X,X,6
900030,연합과기공고유한공사,KOSPI/KOSDAQ,64992,X,X,X,X,X,X,X,X,X,X,6
900040,차이나그레이트스타인터내셔널리미티드,KOSPI/KOSDAQ,64992,X,X,X,X,X,X,X,X,X,X,6
900050,중국원양자원유한공사,KOSPI/KOSDAQ,64992,X,X,X,X,X,X,X,X,X,X,6
900060,중국식품포장유한공사,KOSPI/KOSDAQ,64992,X,X,X,X,X,X,X,X,X,X,6
900070,글로벌에스엠,KOSPI/KOSDAQ,64992,O,O,O,O,O,O,O,O,X,X,0
900080,에스앤씨엔진그룹리미티드,KOSPI/KOSDAQ,64992,X,X,X,X,X,X,X,X,X,X,6
900090,차이나하오란리사이클링유한공사,KOSPI/KOSDAQ,64992,X,X,X,X,X,X,X,X,X,X,6
900100,파이온엑스,KOSPI/KOSDAQ,452,O,O,O,O,O,O,O,O,X,X,0
900110,딥커머스,KOSPI/KOSDAQ,64992,O,O,O,O,O,O,O,O,X,X,0
900120,씨엑스아이,KOSPI/KOSDAQ,64992,O,O,O,O,O,O,O,X,X,X,0
900130,웨이포트유한공사,KOSPI/KOSDAQ,64992,X,X,X,X,X,X,X,X,X,X,6
900140,엘브이엠씨홀딩스,KOSPI/KOSDAQ,451,O,O,O,O,O,O,O,O,X,X,0
900150,성융광전투자유한공사,KOSPI/KOSDAQ,6499,X,X,X,X,X,X,X,X,X,X,6
900180,완리인터내셔널홀딩스,KOSPI/KOSDAQ,64992,X,X,X,X,X,X,X,X,X,X,6
900250,크리스탈신소재,KOSPI/KOSDAQ,64992,O,O,O,O,O,O,O,O,X,X,0
900260,로스웰,KOSPI/KOSDAQ,64992,O,O,O,O,O,O,O,O,X,X,0
900270,헝셩그룹,KOSPI/KOSDAQ,64992,O,O,O,O,O,O,O,O,X,X,0
900280,케이만금세기차륜집단유한공사,KOSPI/KOSDAQ,64992,X,X,X,X,X,X,X,X,X,X,6
900290,GRT,KOSPI/KOSDAQ,64992,O,O,O,O,O,O,O,X,X,X,0
900300,오가닉티코스메틱,KOSPI/KOSDAQ,64992,O,O,O,O,O,O,O,O,X,X,0
900310,컬러레이,KOSPI/KOSDAQ,649,O,O,O,O,O,O,O,O,X,X,0
900340,윙입푸드,KOSPI/KOSDAQ,64992,O,O,O,O,O,O,O,O,X,X,0
950010,평산차업집단유한공사,KOSPI/KOSDAQ,64992,X,X,X,X,X,X,X,X,X,X,6
950030,(주)네프로아이티,KOSPI/KOSDAQ,63991,X,X,X,X,X,X,X,X,X,X,6
950070,중국고섬공고유한공사,KOSPI/KOSDAQ,6499,X,X,X,X,X,X,X,X,X,X,6
950100,아루히 주식회사,KOSPI/KOSDAQ,64919,X,X,X,X,X,X,X,X,X,X,6
950110,SBI핀테크솔루션즈(주),KOSPI/KOSDAQ,58222,O,O,X,O,O,O,O,X,X,X,1
950130,엑세스바이오,KOSPI/KOSDAQ,213,O,O,O,O,O,O,O,O,X,X,0
950140,잉글우드랩,KOSPI/KOSDAQ,204,O,O,O,O,O,O,O,O,X,X,0
950160,코오롱티슈진,KOSPI/KOSDAQ,211,O,O,O,O,O,O,O,O,O,O,0
950170,JTC,KOSPI/KOSDAQ,471,O,O,O,O,O,O,O,X,X,X,0
950180,주식회사 에스앤케이,KOSPI/KOSDAQ,5821,X,X,X,X,X,X,X,X,X,X,6
950190,고스트스튜디오,KOSPI/KOSDAQ,58212,O,O,O,O,O,O,O,O,X,X,0
950200,소마젠,KOSPI/KOSDAQ,73909,O,O,O,O,O,O,O,O,X,X,0
950210,프레스티지바이오파마,KOSPI/KOSDAQ,70113,O,O,O,O,O,O,O,X,X,X,0
950220,네오이뮨텍,KOSPI/KOSDAQ,70130,O,O,O,O,O,O,O,O,X,X,0
950250,테라뷰,KOSPI/KOSDAQ,64992,X,X,O,X,O,X,X,X,X,X,4
